Asset_ID,Asset_Value,Maintenance_Cost,Age,Compliance_Status,Cybersecurity_Score,Physical_Security_Score,Vendor_Risk_Score,Environmental_Risk,Previous_Incidents
1,85326,38863,1,1,0,43,15,2,1
2,37476,47004,5,1,5,94,44,0,3
3,5873,4279,4,0,95,19,6,3,0
4,2589,65268,9,1,47,43,1,1,3
5,41848,83900,10,0,65,44,54,3,3
6,91655,15531,3,0,83,24,71,0,1
7,78010,27705,5,1,24,15,29,0,1
8,9699,28133,1,1,87,19,75,1,2
9,98885,3056,3,1,36,65,38,3,0
10,52510,56625,7,1,56,84,45,3,0
11,63941,31257,0,1,68,55,8,2,2
12,60488,72507,5,1,53,59,42,3,3
13,7423,72191,2,1,37,32,94,0,3
14,88220,39909,2,1,49,42,63,2,0
15,66499,13340,6,0,49,73,74,3,2
16,7434,91351,9,0,50,32,15,0,0
17,41976,42496,2,0,83,71,7,1,2
18,95118,7668,5,1,11,64,54,2,3
19,16350,25335,4,0,56,42,79,1,0
20,25347,62787,10,0,98,11,50,2,0
21,898,95553,3,1,82,81,96,2,0
22,37897,69928,4,1,58,47,28,1,3
23,92129,22705,10,1,87,49,19,2,3
24,18129,3560,4,0,24,6,94,3,0
25,57373,59722,3,0,8,57,94,1,3
26,51574,44333,10,1,59,47,38,1,1
27,59573,71588,5,0,90,94,78,1,1
28,81898,60492,9,0,24,75,42,1,3
29,83852,15491,10,1,43,0,50,3,2
30,95469,70395,10,0,53,18,34,2,3
31,62142,72606,4,1,16,61,23,0,2
32,94090,40615,2,1,16,99,36,0,2
33,51334,42782,7,0,24,91,96,0,0
34,61525,89978,6,1,67,76,90,3,2
35,43621,54492,3,0,84,11,55,0,0
36,7582,88359,9,0,41,85,73,3,2
37,38259,95828,6,0,82,0,32,0,3
38,75279,95690,1,0,89,39,20,2,3
39,45399,62089,6,1,93,27,65,2,2
40,75615,30675,10,1,100,62,2,0,3
41,28922,92976,10,1,100,96,80,1,1
42,65446,98089,2,1,12,80,81,0,3
43,95773,38778,10,1,50,97,37,2,0
44,76152,65814,1,0,24,88,4,2,2
45,40765,17338,7,0,19,71,90,3,3
46,41731,88720,1,0,57,70,63,0,3
47,90401,96070,7,0,38,48,12,0,1
48,21010,12385,3,1,99,59,97,0,3
49,95796,19,7,0,16,10,99,3,2
50,90093,78156,4,0,54,73,36,1,1
51,4490,46330,4,1,13,76,23,3,0
52,52966,28127,0,0,62,27,85,0,1
53,70874,86053,5,1,35,3,46,1,0
54,5308,45482,3,0,53,40,73,3,3
55,21022,2451,3,0,42,47,30,2,2
56,82074,59195,4,0,84,100,77,0,1
57,98468,61336,1,0,53,7,26,1,3
58,97523,78635,9,1,69,54,4,0,1
59,5710,86013,9,0,36,84,85,0,1
60,30775,46304,9,0,87,13,75,1,1
61,43752,75995,7,1,81,71,83,0,1
62,93375,74926,5,0,21,66,100,0,0
63,16714,83899,6,1,10,28,99,3,2
64,40554,36149,1,0,40,89,1,3,0
65,96820,11339,7,1,8,29,9,0,1
66,8425,16145,10,0,98,25,94,3,3
67,87306,23774,1,0,63,37,0,0,1
68,85722,63693,2,1,43,64,50,1,0
69,34441,7661,2,0,64,38,61,3,2
70,68540,43743,7,0,43,11,17,2,1
71,37964,66765,5,1,65,25,67,0,2
72,76410,22785,8,0,88,19,95,0,0
73,48513,59198,1,0,5,83,9,0,3
74,91433,45080,7,0,35,49,54,1,3
75,85837,16624,9,0,36,19,40,0,2
76,32938,518,6,1,56,83,9,3,1
77,39578,17069,7,0,78,99,3,3,1
78,10816,4483,0,0,36,65,94,0,1
79,66627,91989,3,1,70,28,88,1,2
80,20428,94884,8,1,17,4,38,3,2
81,31181,35887,9,0,91,95,1,3,3
82,89566,87140,10,1,53,39,93,0,0
83,34024,52490,5,1,35,40,33,3,3
84,73466,49197,6,1,25,13,96,3,0
85,68953,17227,4,0,29,92,24,1,1
86,82570,31951,4,1,65,30,2,2,0
87,87563,30524,0,1,42,90,38,2,2
88,56615,52454,6,1,63,26,6,0,0
89,54319,80708,10,0,17,42,4,2,3
90,89812,80643,9,1,61,54,92,1,0
91,91957,62633,10,1,94,49,73,2,2
92,73035,26313,4,0,84,56,81,2,0
93,56717,13149,8,1,55,62,46,2,3
94,88856,80936,8,0,40,26,36,1,2
95,48900,35455,6,1,25,96,97,3,2
96,96918,1543,1,1,11,6,67,0,1
97,73766,65015,0,1,99,45,25,2,0
98,50449,51632,10,0,96,93,46,2,3
99,88529,3080,5,0,20,51,57,3,0
100,5060,83675,9,0,0,9,30,1,2
101,10997,22292,7,0,93,82,44,2,3
102,3595,45986,0,1,20,11,49,3,3
103,81326,93145,6,1,67,5,87,1,0
104,27904,62290,6,1,95,84,45,1,0
105,70811,9195,5,1,53,93,85,3,1
106,97719,71525,8,0,74,13,17,0,3
107,55412,71989,6,1,77,65,45,3,2
108,17080,32209,4,0,67,98,54,1,0
109,92752,19465,7,1,44,91,25,1,1
110,95496,95476,8,1,65,19,37,1,1
111,80573,95152,7,0,75,24,84,3,1
112,17579,96971,3,0,63,35,35,0,0
113,96799,98398,0,0,47,7,1,1,2
114,20,54303,6,0,16,61,40,0,3
115,8811,67852,2,1,43,68,100,2,2
116,25449,48394,6,1,24,98,62,0,2
117,58715,39692,4,1,21,51,13,3,1
118,66291,2699,10,0,24,13,41,2,0
119,41923,79578,1,1,11,48,30,2,2
120,68118,76489,9,0,100,40,35,1,1
121,17569,27011,1,1,86,60,13,3,0
122,6412,3312,8,0,72,63,36,2,2
123,3025,80667,1,0,74,15,88,2,2
124,12569,57721,1,0,85,4,45,0,2
125,58197,74267,6,0,74,73,14,1,3
126,3689,22757,0,0,30,100,98,0,2
127,32768,30626,3,1,26,30,71,3,2
128,49067,75388,9,1,8,40,17,3,1
129,61751,68784,1,0,49,19,11,3,2
130,22652,17551,0,1,21,1,8,0,2
131,35057,91038,3,0,59,59,77,2,2
132,7688,31053,5,1,32,26,84,2,3
133,78717,74949,10,1,7,98,58,2,3
134,14406,96454,8,1,85,47,91,1,1
135,79812,47628,5,0,45,38,60,2,0
136,22417,75940,6,1,30,22,82,1,3
137,13159,64526,7,0,24,74,24,3,3
138,90600,90933,10,1,82,55,94,1,1
139,9936,39362,8,0,8,68,62,0,0
140,22889,35899,3,0,34,44,81,1,0
141,33681,73677,10,0,62,5,50,3,1
142,58762,5113,5,0,68,89,10,1,0
143,95630,54603,0,0,54,85,98,3,2
144,92709,60606,5,0,31,72,32,0,0
145,68104,25958,3,0,68,19,77,3,3
146,40322,32167,3,0,36,5,44,0,0
147,37400,91171,1,1,80,18,100,2,0
148,47982,69527,7,1,34,7,38,3,0
149,12134,88179,4,1,92,88,5,0,0
150,35383,1720,1,1,46,70,16,0,0
151,62946,30927,7,1,28,9,18,2,1
152,37413,675,7,0,100,10,95,1,0
153,52866,36399,0,0,64,71,9,3,0
154,83381,5477,10,1,87,61,75,1,1
155,62705,59354,9,1,46,54,90,3,3
156,75789,94924,8,0,81,4,35,2,0
157,86041,84081,4,1,75,96,38,2,3
158,43861,82455,5,1,72,86,80,1,0
159,41375,77635,9,1,69,51,62,3,0
160,72294,69559,2,0,15,39,13,2,3
161,29753,37585,1,1,8,41,10,2,1
162,78373,86860,9,1,85,96,26,1,2
163,91100,93247,5,0,92,10,25,3,0
164,92204,46397,6,0,19,47,22,2,3
165,36915,22628,8,0,80,87,71,0,1
166,49554,72069,0,0,77,84,46,0,1
167,91444,42507,2,0,27,3,92,3,3
168,36074,71395,6,1,88,56,58,0,1
169,61388,87373,9,0,53,52,75,3,2
170,37436,39991,3,1,19,94,34,0,1
171,34939,93345,7,1,26,6,44,2,3
172,93210,57005,0,0,77,1,10,1,3
173,9140,26879,6,0,40,35,75,2,2
174,41680,19918,9,0,82,3,52,2,2
175,12766,48707,7,0,47,2,23,2,0
176,92981,38656,5,1,56,89,92,3,1
177,9757,19055,2,0,80,33,14,3,0
178,25044,83425,1,1,91,95,35,3,1
179,49922,6265,9,1,38,56,71,0,1
180,30801,81734,9,1,91,9,98,1,2
181,67195,84282,9,1,63,38,99,2,0
182,5109,31052,7,0,98,76,94,1,2
183,15186,66604,6,0,54,78,61,3,3
184,39664,84063,0,0,89,80,41,0,3
185,36479,60317,1,0,62,68,7,2,0
186,3412,96786,1,1,47,14,84,3,2
187,31061,62937,9,1,3,3,62,0,3
188,37425,54223,0,1,30,2,63,3,3
189,24723,69801,9,0,36,76,89,2,3
190,18621,52536,0,0,58,70,69,2,3
191,78762,18619,0,1,93,57,32,1,3
192,66293,82789,2,0,45,52,2,3,2
193,45726,79411,10,1,45,41,82,1,0
194,48274,88620,9,0,62,90,20,1,2
195,26820,72954,8,1,7,97,41,1,2
196,77386,39158,7,0,44,17,24,1,0
197,63384,81710,2,0,99,22,32,3,2
198,72195,7101,2,0,3,25,39,2,3
199,55165,50878,2,1,20,24,17,2,3
200,96144,78382,1,1,40,1,77,0,1
201,14622,37129,2,1,9,26,40,2,2
202,74251,5089,6,1,59,28,64,3,3
203,35366,82229,6,0,49,64,18,2,2
204,75377,77216,2,1,61,24,73,3,3
205,461,79276,8,1,97,33,35,2,3
206,57194,12908,6,0,52,53,60,0,2
207,67242,26015,4,0,47,58,49,0,2
208,77064,55513,4,0,54,9,28,1,0
209,8611,4110,1,1,25,82,11,2,3
210,27259,30562,2,1,3,90,1,1,2
211,41713,76173,4,1,96,70,24,3,1
212,39876,7879,5,0,35,100,76,0,2
213,41849,41549,5,1,5,16,92,0,1
214,11041,58289,10,1,32,46,31,0,0
215,75538,2571,2,1,12,2,91,1,1
216,19491,61587,7,0,92,4,93,3,0
217,26442,91042,7,1,97,68,71,3,2
218,62332,32010,1,1,13,17,35,2,1
219,21052,44021,6,0,66,87,48,2,2
220,62438,61205,4,0,64,59,10,3,3
221,56446,59005,6,0,3,62,98,0,0
222,7613,18582,2,1,28,29,32,3,0
223,78590,83942,10,1,28,42,70,3,3
224,86543,10961,10,0,29,15,72,2,2
225,43367,13301,0,0,81,82,40,0,3
226,69280,92513,4,1,35,82,9,2,3
227,16724,39177,0,0,85,38,15,3,2
228,31060,66964,2,0,72,48,1,0,2
229,12303,10934,3,0,65,48,41,1,3
230,38938,40538,1,0,4,13,64,2,2
231,67637,6082,5,1,62,36,70,2,1
232,2348,19925,10,1,38,50,17,2,1
233,86655,50171,7,1,63,72,7,1,0
234,97655,31851,0,1,26,92,69,1,1
235,57032,60002,2,1,91,67,90,0,3
236,56245,29564,0,0,72,34,19,2,3
237,94201,88658,4,1,26,33,53,0,0
238,71053,41103,1,0,48,98,46,2,1
239,77023,20606,3,1,81,5,26,2,3
240,37156,20271,0,0,96,53,57,0,1
241,50829,20277,9,0,36,4,5,2,1
242,31398,71595,10,0,80,52,48,0,1
243,74645,98910,9,0,68,85,24,3,2
244,15499,65425,8,1,73,33,65,0,1
245,75649,71221,10,0,20,29,32,2,3
246,44173,21915,3,0,46,87,41,0,0
247,35450,5370,4,0,62,21,10,0,3
248,49817,47855,2,0,82,59,84,3,2
249,47171,85400,9,0,60,15,24,3,2
250,79996,92837,1,0,88,16,30,3,2
251,57807,67696,8,0,86,6,9,1,0
252,14092,78409,1,0,35,30,26,3,3
253,85140,53255,2,1,98,91,21,2,3
254,89400,39931,10,0,23,56,64,3,0
255,8947,75578,10,1,53,80,16,3,2
256,14231,82999,7,0,68,36,53,3,0
257,83727,67481,6,1,14,92,31,1,3
258,57409,6177,6,1,44,79,62,3,0
259,38194,96494,6,0,8,79,2,0,1
260,13707,2152,8,1,47,53,46,2,1
261,74152,45180,9,0,17,31,14,1,1
262,92902,81103,4,0,70,88,83,2,0
263,26663,54041,2,1,13,84,17,1,0
264,10233,54416,10,1,89,94,43,2,3
265,65178,86573,4,1,17,82,26,1,1
266,87776,63848,3,0,69,60,55,2,1
267,37462,1291,6,1,26,3,0,0,2
268,73309,65073,4,1,43,99,74,1,2
269,26824,41715,10,0,26,91,99,1,0
270,36694,23885,6,0,89,3,79,3,2
271,96578,20263,10,0,58,77,33,3,1
272,95950,54035,6,0,71,16,56,3,3
273,32897,64494,0,0,87,21,19,0,3
274,81108,83245,9,1,69,81,89,3,3
275,96287,75453,2,1,64,15,49,2,3
276,81749,39557,9,1,80,76,57,2,3
277,49243,79874,7,0,16,58,90,2,0
278,30617,64142,7,1,11,98,80,0,1
279,93977,4605,0,0,64,100,77,1,1
280,8741,80726,9,1,74,66,56,1,3
281,65044,57141,8,1,16,58,67,3,1
282,6885,49647,6,0,95,60,90,2,0
283,55530,79470,10,1,10,91,37,1,3
284,33178,18338,4,1,4,99,13,0,2
285,69634,9008,10,1,43,56,34,1,3
286,13717,5309,8,0,8,83,77,2,3
287,74207,4700,8,1,74,3,26,3,2
288,69795,36452,7,1,45,33,17,3,1
289,20520,7546,1,0,10,52,35,0,1
290,70862,69135,0,0,62,12,9,2,1
291,89410,51576,9,0,99,67,34,2,3
292,48356,4202,4,0,81,47,35,0,1
293,94578,33750,1,0,50,34,25,3,0
294,39706,69817,1,0,91,54,54,1,3
295,24550,10089,3,1,22,87,50,1,1
296,33734,6970,0,0,29,40,21,2,3
297,35499,53239,5,0,80,91,99,2,0
298,7264,22505,8,0,89,76,25,1,3
299,35884,53580,8,0,29,52,38,2,0
300,16353,67300,4,0,51,59,99,3,3
301,6758,99237,7,1,73,94,26,0,1
302,9527,4795,10,0,30,14,1,3,0
303,320,4525,10,0,72,52,43,0,1
304,8148,80712,8,0,39,96,39,3,3
305,42822,2471,5,0,44,47,79,1,0
306,34119,5718,1,0,37,93,17,1,1
307,24966,68179,8,0,57,18,5,0,3
308,8103,84977,7,1,39,10,11,3,0
309,58419,77544,6,1,45,29,20,0,2
310,80940,83190,10,1,92,35,91,2,1
311,20092,40508,2,1,6,16,55,1,1
312,1770,97679,5,0,75,68,90,1,3
313,31293,48967,9,1,69,67,16,1,1
314,8050,21392,3,0,42,91,3,2,0
315,15635,77252,8,1,77,41,34,3,3
316,68182,28284,8,0,72,29,97,1,2
317,12889,99405,1,0,45,69,19,3,0
318,21649,611,4,0,58,99,3,1,3
319,86393,44382,4,0,74,23,94,1,1
320,12501,37255,6,0,91,71,77,2,3
321,12960,40819,1,1,24,79,1,1,0
322,63551,16214,6,1,49,24,54,0,2
323,10914,22695,9,0,86,80,30,2,0
324,96722,98174,0,0,77,7,49,2,0
325,18682,19062,3,0,45,96,19,2,1
326,19953,27624,3,0,69,5,79,2,0
327,44053,76947,3,1,39,18,62,3,3
328,34385,89878,6,0,58,89,18,0,0
329,81731,2803,4,1,27,25,37,3,1
330,88267,73201,4,1,58,67,52,0,0
331,61759,37656,8,1,67,33,46,1,1
332,25101,994,10,0,16,34,82,3,1
333,53394,89907,3,1,91,31,10,3,3
334,5834,53136,9,1,53,53,70,0,0
335,55265,37419,3,0,36,89,37,0,3
336,51498,86081,3,0,35,52,3,1,1
337,23624,66971,2,1,91,89,11,1,3
338,78887,47580,6,0,43,11,79,0,2
339,3029,42658,3,0,90,47,74,0,1
340,83994,65728,2,0,49,14,73,3,3
341,96141,54320,1,1,19,74,15,0,1
342,45227,57701,7,1,76,19,36,0,3
343,21377,44251,6,1,57,29,25,0,3
344,9269,40121,0,1,33,4,37,0,0
345,25031,1896,1,0,60,34,36,0,3
346,14333,34813,0,1,32,4,11,2,0
347,86295,49957,4,0,3,86,2,2,1
348,94538,66247,10,0,24,41,30,3,3
349,48947,76480,2,1,93,49,89,0,3
350,15028,56040,5,0,19,11,27,1,3
351,22450,23726,6,0,52,31,87,3,3
352,49183,27192,0,0,53,96,46,0,1
353,98184,80359,8,1,47,27,41,3,1
354,35278,68069,4,0,30,26,23,3,1
355,32138,35838,9,0,27,80,33,1,1
356,86328,38963,1,0,25,88,35,3,0
357,96778,860,7,1,83,14,2,0,3
358,20793,58860,2,0,44,5,19,3,0
359,46048,60086,5,0,92,26,6,3,1
360,40559,62599,0,1,94,44,7,0,0
361,90580,72974,6,1,92,0,9,2,0
362,42937,27408,4,0,93,27,53,2,2
363,31118,10900,2,0,40,69,97,2,0
364,80812,39561,6,0,28,17,16,1,2
365,32947,3464,0,0,98,34,54,3,1
366,61927,4324,7,1,19,74,10,2,1
367,73544,53107,7,1,91,2,91,0,3
368,25999,28307,6,0,43,29,33,3,3
369,62297,12012,7,0,50,96,7,2,3
370,56002,36291,3,1,86,25,62,2,0
371,41044,47075,0,0,38,98,33,3,2
372,50814,56354,9,0,24,69,72,3,0
373,27227,38794,7,0,39,28,50,1,2
374,28932,32825,3,0,62,56,10,2,3
375,84866,30692,10,0,61,64,81,3,2
376,65878,77878,1,0,48,32,30,0,3
377,4563,26094,4,1,40,25,44,2,0
378,92592,81898,6,1,2,29,78,0,2
379,2321,3594,3,0,48,22,86,1,3
380,88799,43161,8,1,55,79,38,3,1
381,82366,42793,1,0,11,54,50,3,2
382,71798,31371,2,1,90,96,19,2,2
383,53502,28165,7,1,69,59,71,0,0
384,53553,43143,2,0,85,66,72,2,2
385,74260,87848,5,0,84,35,79,3,0
386,43836,42568,6,0,51,76,22,3,3
387,3104,19682,5,1,14,7,31,1,0
388,14219,66348,8,1,83,70,40,1,1
389,77697,34302,2,1,35,14,30,2,0
390,85125,13558,8,0,62,96,3,3,2
391,86792,67335,1,1,8,23,20,3,2
392,96855,34986,8,0,42,98,52,3,2
393,56213,77257,9,1,17,15,30,2,3
394,8644,25788,5,0,65,15,55,1,2
395,35133,1441,6,1,80,84,84,3,1
396,50251,44114,10,1,49,26,22,0,2
397,36862,40720,8,0,64,54,79,1,0
398,34521,33659,6,0,84,2,40,2,1
399,49049,92694,9,1,2,47,92,0,2
400,14977,75724,5,1,10,74,17,0,3
401,50484,55591,1,1,70,51,1,3,2
402,59913,97876,5,1,69,58,55,0,2
403,68673,62066,1,0,16,27,90,3,0
404,80132,10907,2,0,87,17,3,0,1
405,78909,91631,0,0,99,25,26,3,1
406,77849,67096,5,0,19,95,34,2,3
407,51241,63288,9,1,1,80,94,0,1
408,43464,11275,6,1,74,46,88,3,1
409,13138,65474,9,1,93,84,74,2,2
410,71488,9835,8,0,76,40,86,2,0
411,5792,58341,1,0,20,48,66,0,3
412,59410,70652,6,1,97,68,8,0,3
413,28498,25624,4,1,76,13,97,2,0
414,33631,315,5,1,68,41,62,0,1
415,89213,12815,3,0,73,48,47,3,2
416,19875,44572,6,0,18,20,0,1,1
417,74635,91404,6,0,64,9,68,3,0
418,66803,31096,2,1,9,67,25,2,1
419,74119,86591,1,1,75,2,2,3,0
420,45934,44130,0,0,49,43,51,0,2
421,20731,63309,3,1,58,64,74,0,1
422,15989,27170,0,1,83,26,64,3,3
423,45015,71502,7,0,100,5,18,2,1
424,77239,1508,6,1,88,74,47,2,0
425,39413,95803,3,1,63,69,0,3,1
426,7014,75119,7,1,84,41,38,0,3
427,16637,54976,1,1,62,11,48,3,2
428,55861,26805,5,0,24,41,67,1,0
429,73439,51734,4,1,31,10,62,1,2
430,89380,10228,4,1,74,100,37,0,1
431,70214,88328,10,1,95,13,26,3,0
432,32211,27683,2,1,99,92,55,1,3
433,6729,5995,3,1,43,86,60,0,0
434,54121,96378,1,1,13,75,66,3,3
435,10532,85531,1,0,74,55,94,1,0
436,62118,24956,8,1,91,37,31,2,1
437,78550,19753,3,0,35,48,80,3,2
438,96704,10556,2,0,72,78,40,2,3
439,87085,41661,7,1,44,98,92,2,3
440,35926,41763,5,0,29,60,81,0,1
441,39217,8409,7,0,43,60,11,3,1
442,41184,42100,4,0,50,73,38,0,0
443,28254,76951,4,0,6,29,100,3,1
444,19113,5985,0,1,12,12,45,1,3
445,89119,6696,8,1,2,33,25,2,2
446,88367,42434,4,0,36,91,58,1,2
447,55825,45238,5,1,29,21,100,3,1
448,78079,29879,6,1,51,63,51,0,0
449,93090,54049,4,1,58,76,24,1,3
450,98808,57783,4,1,86,28,47,3,0
451,16077,19715,4,1,52,75,81,2,1
452,43249,24479,3,1,33,21,65,1,1
453,88431,66948,9,1,85,41,74,0,3
454,77987,33549,5,0,98,86,1,1,0
455,50529,37635,3,1,86,10,12,0,2
456,99384,26124,5,0,90,86,56,2,2
457,31244,29290,1,0,44,4,82,1,0
458,97337,90219,2,1,8,24,16,3,0
459,10401,67379,2,0,48,99,79,2,0
460,25941,98469,2,0,87,60,36,0,1
461,46429,78474,7,1,35,61,6,0,2
462,899,64601,4,1,67,71,48,1,0
463,5869,83698,4,0,93,48,54,1,1
464,33828,4830,1,0,41,36,14,1,2
465,66654,30127,5,0,71,2,23,1,1
466,55509,47736,5,1,88,30,36,3,2
467,59228,29227,8,0,24,76,30,1,1
468,61870,55949,9,1,26,77,96,0,2
469,81228,97555,0,1,93,64,88,3,0
470,79594,80883,3,1,28,86,88,1,3
471,96634,22978,4,0,0,68,36,3,1
472,64182,3852,8,0,69,83,9,2,3
473,83343,58393,5,1,64,37,15,3,3
474,3131,41214,7,1,95,25,29,2,2
475,15350,50696,10,1,6,86,82,0,3
476,50426,16424,3,1,71,69,10,1,2
477,31804,16925,3,1,35,53,32,3,0
478,57058,83368,2,0,40,76,75,2,2
479,46132,94752,5,0,87,80,67,1,1
480,11767,49376,0,1,62,36,67,0,0
481,37855,68741,9,1,3,97,12,2,2
482,8599,40327,2,0,38,60,68,0,3
483,8404,34494,2,1,92,82,75,1,3
484,69178,39510,3,0,96,16,51,2,0
485,70058,8586,10,0,13,91,10,3,2
486,98821,40234,2,1,77,95,3,0,1
487,88842,76722,3,0,82,96,95,0,3
488,2528,59497,9,1,73,19,6,1,1
489,55849,92053,9,1,54,96,75,2,3
490,42042,89337,1,0,79,82,67,0,1
491,18615,61950,10,0,46,82,74,2,3
492,14966,18364,5,0,35,78,66,0,0
493,56822,95700,6,0,42,63,83,3,2
494,44879,90550,2,1,28,20,28,3,1
495,99845,24000,0,1,16,96,20,2,2
496,98658,59291,6,0,95,48,98,0,1
497,62167,60161,4,0,62,14,67,1,1
498,51756,2824,2,0,58,40,9,0,1
499,26240,53373,2,1,69,77,74,0,0
500,84339,2344,4,1,92,88,82,0,1
501,79540,61066,8,1,89,58,100,1,0
502,18343,83460,4,0,55,40,69,2,3
503,99658,20930,3,0,1,51,19,1,0
504,32414,74238,10,1,77,8,8,3,3
505,12031,91518,10,1,60,7,14,1,3
506,18385,67747,8,0,35,28,83,1,0
507,72622,83256,10,1,93,53,96,2,0
508,17341,82850,1,0,67,95,52,2,3
509,37285,16654,6,1,75,55,0,3,0
510,32139,59363,4,0,88,47,62,3,3
511,99498,52029,0,1,60,83,28,1,1
512,63727,47121,0,1,53,97,91,3,2
513,60339,53858,1,1,52,37,47,1,1
514,33115,81327,3,1,34,46,28,2,2
515,67656,55826,4,1,65,60,23,0,1
516,76150,95186,4,1,85,46,83,2,0
517,15078,32783,3,1,81,54,93,0,0
518,90489,36616,2,1,50,34,14,1,3
519,84873,61127,6,1,38,16,98,3,3
520,327,34432,8,0,77,6,21,1,3
521,94410,71508,3,1,38,16,64,0,2
522,1625,62026,5,1,32,95,81,1,2
523,57491,4229,7,1,45,91,92,2,3
524,50188,91785,1,0,1,47,32,3,1
525,26420,69713,5,1,75,14,67,3,2
526,52643,81287,1,1,83,100,85,3,2
527,61325,83534,8,0,72,40,19,2,0
528,36758,91475,8,0,49,94,70,1,0
529,86859,1551,2,0,72,30,64,1,0
530,22632,26569,1,1,81,43,79,3,0
531,41422,8944,5,0,4,35,68,1,2
532,54055,44536,0,0,43,77,78,0,0
533,64255,36658,0,1,1,22,10,1,3
534,65551,16817,8,1,69,7,33,3,1
535,45786,43874,3,0,94,40,34,2,1
536,6203,85327,8,0,90,23,28,0,2
537,3810,52227,7,0,8,54,97,1,3
538,90463,94783,2,1,17,92,35,1,3
539,34501,29604,5,0,9,76,51,0,1
540,15939,6314,3,0,91,12,48,0,0
541,48493,34261,7,1,8,54,13,1,3
542,23312,68472,2,1,71,28,87,3,2
543,98293,35768,7,1,18,50,34,2,1
544,77025,43438,6,1,63,16,84,3,2
545,14993,9506,9,1,39,64,75,1,3
546,14632,91143,10,0,32,73,0,2,0
547,13631,46199,4,0,65,55,7,2,1
548,77554,17065,4,0,43,93,33,0,3
549,36050,32200,4,1,79,40,70,0,0
550,3257,68607,7,0,33,63,97,3,1
551,33055,75482,0,1,12,98,43,0,3
552,67213,67826,5,1,33,18,16,2,2
553,20713,47426,3,1,22,21,64,1,2
554,3587,57803,4,0,50,61,30,2,0
555,23998,63280,7,0,29,56,45,3,2
556,68938,7502,5,1,7,90,97,2,0
557,88593,37670,3,0,6,95,27,2,3
558,36893,40426,1,0,82,16,52,1,1
559,73332,85302,1,1,10,19,45,1,1
560,24386,18777,4,0,47,23,15,2,0
561,28851,5799,4,1,42,45,93,3,2
562,49679,88756,2,1,17,10,33,2,1
563,57445,84451,0,0,80,56,62,2,0
564,25944,21484,10,0,50,7,37,3,0
565,44983,55410,7,1,23,85,16,0,3
566,55824,14000,5,0,69,33,76,0,1
567,68020,33028,6,1,45,75,38,1,1
568,64049,74416,4,1,74,51,62,0,2
569,95523,71940,4,1,14,39,41,0,0
570,71771,17743,3,0,6,76,24,2,2
571,13923,69956,8,1,69,3,43,3,1
572,29387,5350,6,0,6,49,56,3,0
573,43,75542,8,0,18,96,43,1,1
574,62598,15976,6,1,45,98,52,0,0
575,69357,53763,7,1,29,57,40,1,0
576,68471,53065,8,0,47,18,13,3,1
577,265,10150,3,1,19,56,8,3,1
578,36986,48649,6,1,29,37,66,2,0
579,14539,79250,9,0,31,26,31,2,2
580,52809,65709,6,1,90,15,45,0,3
581,59577,3225,4,1,81,21,52,0,2
582,73919,70696,4,1,44,9,64,3,0
583,92546,84034,1,1,37,83,39,1,1
584,65269,88391,10,0,94,96,7,0,1
585,29591,80244,6,0,96,20,29,3,3
586,18135,32090,4,0,0,84,5,1,1
587,52058,70776,7,1,56,53,9,3,3
588,40093,58078,4,0,58,42,15,2,2
589,868,60412,9,1,95,94,73,3,1
590,20388,20143,0,0,57,42,80,1,0
591,23804,59939,6,1,17,86,88,0,2
592,78533,13298,3,1,37,97,49,0,1
593,49052,14074,0,1,61,96,66,2,1
594,37820,23120,6,0,24,53,44,1,2
595,93044,53317,4,0,4,95,71,3,0
596,79279,22837,1,1,25,7,17,0,1
597,4268,78834,0,1,30,3,31,1,1
598,6295,52783,4,1,83,80,17,0,0
599,1040,8002,1,0,83,81,47,3,3
600,93775,34496,4,0,86,58,0,3,3
601,86492,88144,9,1,52,3,81,0,3
602,83137,60698,9,1,85,85,28,3,1
603,80553,51965,2,0,73,52,48,1,0
604,91499,33140,4,1,49,37,10,0,3
605,73563,30889,10,0,5,12,15,1,2
606,6005,54801,5,1,87,18,50,0,2
607,20840,82692,5,0,83,20,2,3,3
608,25864,84682,3,0,54,59,26,3,3
609,45932,93938,1,1,14,77,30,0,2
610,87587,70576,8,1,21,44,70,0,1
611,99836,61690,6,1,36,20,62,2,0
612,89879,59301,7,0,88,91,49,3,2
613,11332,67919,5,1,0,68,48,1,2
614,51236,56409,5,0,28,38,70,3,0
615,74548,70108,6,0,54,82,87,1,2
616,78016,70326,3,0,45,66,23,0,0
617,93470,22479,3,1,21,18,45,2,2
618,21589,80444,3,1,54,86,36,1,3
619,66128,68021,5,1,48,67,87,0,1
620,18810,22334,8,1,99,46,95,2,0
621,64541,78299,3,0,14,47,2,0,0
622,96519,66417,3,1,13,47,92,3,2
623,47539,93888,0,0,51,77,36,2,1
624,39874,64183,7,1,46,39,69,2,2
625,7347,84246,2,0,48,40,36,3,3
626,26025,49938,0,0,20,0,16,0,1
627,3869,19202,10,0,65,51,63,3,2
628,38064,19292,10,1,33,31,57,0,0
629,3104,20801,3,1,3,94,61,1,3
630,27230,57630,1,1,60,89,43,2,0
631,9238,31969,8,0,72,56,71,0,0
632,50842,542,0,0,1,83,69,1,1
633,6274,99129,5,0,51,82,8,2,1
634,6003,89785,0,1,12,5,35,2,1
635,75412,56879,10,0,44,40,68,3,0
636,84484,16280,6,0,24,63,43,3,0
637,8133,81890,8,0,60,26,88,3,2
638,59122,23700,1,1,50,21,14,1,2
639,15256,49026,2,1,22,92,80,0,2
640,74223,38933,1,1,96,26,52,3,1
641,68671,78419,8,0,45,56,88,2,0
642,87257,31391,3,0,56,34,60,1,1
643,70047,44222,3,1,95,20,35,0,0
644,685,21603,8,0,0,86,100,0,0
645,3645,20378,10,1,0,78,100,0,0
646,81105,15427,6,0,80,75,39,3,3
647,64293,84768,2,1,90,85,59,2,0
648,85666,15538,1,0,19,15,38,1,1
649,21361,14745,7,1,99,61,32,0,0
650,30268,80235,8,1,70,50,28,2,1
651,52737,30367,7,1,89,59,63,2,2
652,7600,80001,9,1,33,96,49,2,1
653,40123,88651,9,0,66,16,45,1,1
654,82424,56142,2,1,31,95,50,3,1
655,98740,31877,0,0,92,33,75,3,3
656,47363,3174,8,0,20,46,86,0,0
657,7145,64456,10,1,57,74,50,1,0
658,84992,34667,6,0,17,18,48,2,2
659,40528,68666,3,1,78,11,5,1,1
660,59268,5442,7,1,82,96,59,2,3
661,69834,90896,8,0,0,40,40,2,2
662,89211,79369,5,0,59,66,93,2,1
663,7861,26616,7,1,33,83,79,0,0
664,82983,65413,3,1,82,11,80,3,1
665,36904,82337,0,1,94,69,53,3,0
666,19404,3587,8,1,14,7,98,1,2
667,82870,39850,2,1,21,66,63,0,2
668,2366,41251,4,0,36,30,40,2,0
669,86998,36283,8,0,36,5,79,1,1
670,51661,24129,8,1,30,24,7,0,3
671,63418,31249,9,1,81,43,30,2,3
672,79857,4514,5,0,94,72,56,3,1
673,99449,31325,6,0,6,33,66,3,1
674,85496,73537,3,0,6,55,29,2,0
675,28560,71770,9,1,89,25,6,1,2
676,47229,84370,0,0,82,59,76,0,1
677,35794,31013,7,1,36,26,40,0,1
678,67122,54666,6,1,7,84,52,3,1
679,78813,49827,3,0,3,13,9,2,3
680,58005,30086,5,0,91,35,37,0,0
681,36248,22326,3,1,58,42,28,0,0
682,64128,17204,6,1,88,83,49,2,2
683,13158,68135,0,1,81,71,33,1,3
684,40107,59325,0,1,40,70,41,2,0
685,46574,3467,1,1,39,62,40,3,2
686,21837,94922,5,0,24,17,50,1,1
687,70251,86114,7,1,90,20,60,2,3
688,20255,69048,2,1,58,69,69,3,0
689,44243,65450,5,0,83,45,90,3,0
690,34806,14836,3,1,93,9,68,3,1
691,47559,34690,8,0,83,83,5,0,2
692,52939,36595,9,0,36,52,22,2,0
693,53828,91761,9,0,44,11,61,3,1
694,14115,2672,10,1,74,6,48,2,2
695,98012,59000,4,1,83,94,86,0,3
696,62004,28761,7,0,100,71,53,2,1
697,38272,833,0,0,21,28,48,0,2
698,15101,51173,4,1,42,43,69,0,0
699,91317,83226,3,1,78,9,36,0,3
700,25100,32688,3,0,35,4,29,3,2
701,39668,95719,2,0,54,18,3,2,0
702,51951,68635,5,0,16,58,29,2,1
703,97513,41683,6,0,44,72,59,0,1
704,94193,66176,8,1,83,50,40,3,0
705,83519,9811,2,1,70,26,43,1,2
706,92252,78300,0,1,90,34,36,3,1
707,79918,3017,0,0,2,48,50,2,2
708,7212,72652,1,1,1,53,12,0,3
709,20317,80257,6,1,92,48,24,1,3
710,17782,61,9,1,75,69,72,1,1
711,52902,42792,1,0,67,69,29,0,1
712,37729,74214,0,1,66,76,34,2,2
713,53173,33288,4,0,77,36,62,2,3
714,19288,35809,8,1,95,11,49,2,3
715,13644,89032,10,0,5,31,35,1,0
716,67742,94948,10,0,21,14,12,0,0
717,40524,9613,7,0,11,77,3,1,2
718,28083,95947,5,1,45,72,49,1,2
719,15508,93404,9,0,77,47,39,0,0
720,4677,53304,10,0,65,22,8,2,2
721,16339,82324,9,1,18,82,27,0,2
722,43224,45480,2,0,70,77,66,2,1
723,79783,73943,10,1,97,57,61,3,2
724,26263,6205,1,1,5,63,51,3,0
725,94640,608,10,1,60,89,48,1,2
726,7361,70904,9,1,8,49,46,3,2
727,10141,42985,9,1,27,19,90,3,2
728,54831,47182,8,0,15,68,59,1,0
729,23805,1210,5,1,17,11,29,1,1
730,4192,3335,0,0,85,78,41,2,2
731,76593,81216,8,0,66,27,74,2,3
732,75388,75135,5,0,77,46,25,0,2
733,19451,92602,2,0,6,78,94,2,0
734,32146,74504,10,0,23,97,74,3,3
735,6163,9185,2,0,79,83,1,0,2
736,27804,11445,2,0,33,90,65,3,0
737,14347,46376,0,0,12,72,40,2,3
738,1975,37374,7,0,81,2,40,3,2
739,32077,2714,3,0,44,71,32,0,3
740,52692,70890,1,0,4,86,27,0,1
741,86770,23598,1,0,67,29,62,0,2
742,99289,40556,4,1,50,0,16,1,2
743,89497,33537,2,1,17,85,49,3,1
744,85761,85012,8,1,19,33,27,3,0
745,97276,81793,0,1,64,54,10,0,2
746,25058,91780,6,1,79,48,88,2,1
747,36955,44658,10,1,39,21,15,1,3
748,78201,93554,8,0,57,72,57,2,3
749,12547,34096,4,0,43,47,43,2,2
750,31119,8139,5,0,24,98,98,3,3
751,24056,95382,5,0,25,0,68,2,1
752,63462,18848,8,1,78,4,20,0,2
753,82090,7762,2,0,12,76,45,3,3
754,16051,42224,1,0,91,7,26,2,0
755,43075,19505,9,1,27,48,11,3,0
756,44943,28555,10,1,61,75,64,0,2
757,37860,34539,10,1,79,58,57,2,0
758,56107,52829,7,1,18,40,90,2,2
759,28606,69112,4,1,53,44,90,3,2
760,75378,20300,8,1,27,3,81,3,0
761,48593,34551,3,1,48,41,30,0,3
762,29542,65937,0,1,48,32,57,2,0
763,14303,67965,9,1,95,25,26,3,0
764,25358,38963,5,1,49,79,16,1,0
765,48233,65733,0,0,29,59,76,0,0
766,73293,92411,6,0,99,25,66,2,3
767,23199,42119,1,1,23,45,96,1,1
768,78338,64253,4,0,59,99,5,0,2
769,35953,27161,2,1,92,32,28,0,0
770,62015,87678,4,1,53,21,38,2,0
771,80424,16984,8,0,46,75,73,2,1
772,40296,88249,6,1,96,31,28,2,3
773,33561,56700,1,1,39,45,2,3,1
774,92663,47348,2,0,72,27,28,2,1
775,86455,72308,5,0,30,42,17,2,0
776,51527,34716,4,0,53,22,94,1,2
777,36209,44923,0,0,49,22,88,1,0
778,81403,10882,1,1,24,4,41,1,0
779,42771,59577,5,1,7,31,71,3,0
780,6375,54180,5,1,24,80,49,3,1
781,23432,97249,6,0,82,24,89,3,2
782,34750,12062,5,1,1,5,75,2,1
783,91878,58386,4,0,56,90,0,2,3
784,75074,84120,5,0,24,23,33,2,3
785,5097,49525,1,1,72,33,35,0,0
786,5687,3451,10,1,60,86,59,1,3
787,99300,12549,10,0,68,54,47,1,2
788,891,39868,10,1,49,52,37,3,1
789,30026,94543,8,1,72,100,88,2,2
790,73849,35939,9,1,25,28,90,0,2
791,5104,68192,1,1,89,68,60,2,1
792,8728,65572,10,0,23,60,91,0,2
793,70713,46600,8,1,56,6,42,2,0
794,96860,48549,5,0,25,54,44,1,2
795,26113,15390,5,0,25,22,99,0,0
796,12202,49353,5,1,97,40,13,1,1
797,88779,16806,5,0,90,63,62,3,3
798,88859,43806,2,1,84,98,30,1,3
799,20941,8440,8,0,93,41,43,3,1
800,85835,73220,4,1,75,76,34,2,3
801,37760,88176,10,1,62,39,14,2,3
802,64257,9025,5,0,95,43,99,0,3
803,22749,14830,6,0,21,34,54,2,2
804,6794,98348,1,0,62,71,84,2,3
805,46158,13652,7,0,67,50,92,2,1
806,94309,40370,9,1,68,49,9,1,2
807,52240,99789,3,0,32,67,85,3,2
808,74556,88064,9,0,79,87,58,2,1
809,92930,99822,5,0,98,20,57,2,1
810,47395,51929,1,0,36,78,23,1,2
811,95911,73422,2,1,77,86,39,0,0
812,60242,94025,6,0,49,1,1,1,2
813,57198,25635,5,0,32,48,10,3,1
814,66954,49599,8,0,7,0,17,1,3
815,8980,16636,4,1,61,66,86,0,1
816,16040,65756,4,1,58,100,48,3,3
817,58088,77474,4,0,42,68,16,1,3
818,32134,56528,5,0,10,77,11,3,1
819,23958,16167,5,0,55,99,0,3,3
820,22148,22625,5,0,95,100,30,0,2
821,32253,55032,4,1,80,33,71,2,3
822,61439,29363,8,1,90,87,75,2,3
823,60330,67793,9,0,34,48,40,1,1
824,6365,98455,3,0,19,0,41,2,3
825,81534,65856,10,1,47,15,94,1,1
826,13035,20465,8,1,77,51,73,0,2
827,48514,33518,10,1,14,15,51,3,2
828,52776,15285,2,0,58,47,91,1,1
829,87623,55705,2,1,36,47,80,3,3
830,5073,53523,5,1,70,78,31,2,1
831,40323,46246,9,0,69,41,98,1,2
832,71321,53333,0,0,68,52,84,1,3
833,22520,33439,4,1,30,92,11,0,3
834,30912,98352,9,0,17,16,47,0,1
835,63468,63841,1,0,33,87,79,3,0
836,17416,18986,9,0,17,24,6,0,1
837,14925,88,0,1,30,47,92,1,1
838,85834,73386,0,0,21,29,5,1,0
839,25373,72063,1,0,91,25,86,0,3
840,93791,15578,2,0,25,52,10,1,2
841,75938,84961,8,1,79,86,74,2,1
842,29657,37839,10,1,26,20,59,3,1
843,69605,18715,10,0,77,59,26,0,3
844,9620,426,4,1,25,85,52,3,2
845,62327,62751,3,1,59,63,30,1,2
846,50858,33303,0,0,51,38,32,1,2
847,25363,23767,7,1,39,78,2,1,0
848,80441,83127,6,1,8,59,17,1,3
849,82285,65131,9,1,45,2,51,2,1
850,28163,38649,4,0,78,21,36,3,1
851,67016,49586,5,0,54,2,78,2,1
852,92375,45692,5,0,63,94,14,2,2
853,31967,28249,6,0,28,85,41,0,2
854,76628,25831,9,0,99,34,55,1,2
855,79347,24080,4,1,0,37,91,0,2
856,93702,59851,1,1,76,49,59,0,2
857,84551,10465,6,0,24,4,40,0,0
858,44114,30365,0,0,21,41,49,2,2
859,62959,40303,1,1,99,75,96,3,0
860,20052,97912,10,1,27,0,95,3,2
861,88114,44100,3,0,50,42,74,3,3
862,80020,47431,4,1,96,100,75,0,3
863,47285,97351,2,0,91,85,10,1,0
864,25710,6180,1,0,98,38,27,1,3
865,60743,20878,1,1,19,53,50,0,1
866,33826,68005,2,1,31,3,22,2,2
867,5413,58266,10,0,24,15,85,3,3
868,29332,12311,8,0,63,87,2,1,2
869,5726,93944,9,0,13,33,84,1,3
870,79141,74223,10,0,8,75,8,0,2
871,80225,32488,1,1,0,88,98,3,1
872,99546,52468,10,0,23,21,79,3,2
873,14981,54176,7,0,6,27,74,0,2
874,90281,52993,4,1,5,39,73,2,1
875,45810,2896,10,1,26,19,95,1,0
876,11244,45765,10,1,35,22,55,3,2
877,42009,68774,9,1,77,38,14,2,1
878,40188,71471,6,1,77,89,55,3,2
879,36925,19055,3,0,62,94,34,2,2
880,54994,52978,10,0,100,26,27,0,0
881,27528,99354,8,1,22,51,58,2,0
882,80441,48465,10,0,49,12,28,2,2
883,57704,93859,0,0,73,39,73,3,2
884,52395,91925,3,0,13,6,11,2,1
885,6957,75562,0,1,64,69,24,3,1
886,24452,94605,4,0,80,71,16,2,0
887,15776,54469,0,1,12,45,57,2,0
888,41837,59799,6,1,94,25,56,3,2
889,30829,38938,1,1,15,37,66,2,0
890,74473,80236,7,1,79,4,40,2,1
891,42456,2648,8,1,29,7,56,1,0
892,46810,8986,0,1,17,99,46,3,0
893,97446,30461,2,0,91,94,91,0,3
894,97231,7365,1,1,78,45,6,1,1
895,82337,20984,10,1,96,93,16,2,1
896,53742,48602,8,1,48,1,63,2,3
897,67533,3254,4,1,27,27,42,2,0
898,24307,31258,6,1,43,40,47,1,3
899,80974,36709,1,1,2,54,79,0,0
900,75403,61710,0,0,91,70,48,2,0
901,32146,94046,10,0,1,93,27,0,3
902,37251,80180,9,1,81,70,53,3,1
903,76916,79874,3,0,90,1,53,1,1
904,54132,58636,7,1,97,64,10,1,2
905,32481,40799,2,1,39,73,20,1,1
906,80950,58568,3,1,48,67,77,0,0
907,84102,19014,6,0,91,19,92,0,3
908,84355,14903,8,0,39,1,30,2,0
909,72971,39404,7,0,85,35,33,0,2
910,9197,89116,7,0,49,78,100,3,2
911,84013,61364,1,0,83,8,14,1,1
912,11442,50986,5,0,21,38,98,1,1
913,75734,49731,6,0,80,44,33,3,2
914,55602,49175,1,0,33,81,69,0,1
915,34100,15336,9,1,40,57,6,0,1
916,23082,87492,8,0,3,5,69,3,0
917,82686,3195,2,0,34,82,78,0,1
918,39931,52748,4,0,99,5,31,1,2
919,95187,81163,3,1,15,63,41,0,1
920,48380,99825,9,1,43,20,77,1,3
921,24588,36943,0,0,34,19,6,2,3
922,39961,14976,4,1,70,21,100,1,2
923,25766,99131,5,1,7,100,43,3,3
924,90312,49198,7,0,68,49,35,1,0
925,34718,39241,2,0,34,56,68,1,2
926,25701,97447,10,1,28,13,35,0,0
927,42885,55987,1,0,49,64,30,0,0
928,7109,78322,2,0,79,94,60,3,3
929,34991,78634,8,1,9,3,59,3,1
930,84346,27762,3,0,60,10,91,2,0
931,1181,99786,5,1,74,14,65,1,0
932,17898,55214,8,1,35,42,77,3,1
933,42962,80332,5,0,20,32,95,0,1
934,46614,89322,10,1,96,33,43,2,3
935,92394,57426,9,1,69,52,95,0,0
936,57250,20352,8,0,48,90,53,0,2
937,99761,68256,9,0,30,25,47,0,2
938,331,4171,1,1,42,44,20,0,2
939,73187,84889,1,0,75,69,65,3,1
940,70127,71768,6,1,24,63,33,3,2
941,2019,70301,5,1,45,82,90,1,1
942,93684,27546,0,1,16,5,39,3,0
943,56772,24600,6,0,2,90,31,3,1
944,77370,30292,10,1,25,49,47,0,1
945,85536,78571,0,1,75,29,77,0,0
946,63357,9072,7,0,28,83,11,2,2
947,50463,12718,3,0,39,51,30,1,2
948,21150,73162,7,0,57,73,0,0,0
949,38348,14808,4,0,89,45,43,2,3
950,71467,87986,9,0,97,23,23,3,1
951,8663,88412,3,0,91,23,31,1,2
952,58740,38204,7,0,0,51,87,0,2
953,69797,71450,6,0,59,71,76,0,0
954,57973,43675,1,0,60,26,18,2,0
955,61418,95094,10,0,71,44,78,0,2
956,24418,89632,4,1,49,4,26,2,1
957,93242,22627,6,1,41,100,53,0,2
958,6753,37059,0,1,38,24,21,3,2
959,16131,69525,5,0,0,17,48,1,2
960,96062,89773,6,0,11,99,75,1,1
961,7986,89872,2,0,17,4,19,1,3
962,45678,40094,6,0,59,74,62,3,2
963,63859,47205,2,1,94,17,49,0,0
964,54786,61559,9,0,87,90,77,0,1
965,97040,15080,8,1,75,1,60,1,3
966,99241,44753,10,0,82,60,21,3,1
967,15498,56697,0,0,13,78,96,1,0
968,68503,44832,2,1,77,70,35,1,1
969,80712,36542,1,0,60,97,68,1,0
970,72349,61196,6,0,69,36,18,2,0
971,35677,68502,6,1,81,38,27,2,0
972,71344,49916,0,0,84,81,70,3,3
973,76881,76549,5,0,32,76,4,1,3
974,95920,88576,5,1,30,12,29,3,0
975,1998,47192,10,0,85,66,53,0,3
976,29291,28120,9,1,29,80,56,2,0
977,1167,68840,3,1,76,0,59,2,1
978,94549,42111,6,1,35,41,56,0,0
979,91157,73968,7,0,16,76,26,0,2
980,80379,87739,6,0,80,37,64,0,0
981,55984,7567,5,0,76,70,49,3,0
982,8109,26416,5,0,62,63,94,1,2
983,39858,78339,5,1,97,91,61,0,1
984,64727,21471,6,0,84,24,22,3,1
985,20335,31793,2,1,68,87,61,3,2
986,75691,59508,10,0,59,27,100,2,1
987,740,21538,2,1,43,61,11,0,3
988,94055,31287,7,1,32,26,70,3,1
989,13878,60535,7,1,39,4,4,0,0
990,53598,60951,3,0,41,73,49,1,2
991,54724,15562,5,0,67,50,44,1,1
992,68739,55831,5,0,0,70,32,1,3
993,11099,65550,1,1,97,47,92,3,3
994,36711,11825,1,0,9,90,59,3,2
995,92678,24719,9,0,81,88,63,1,3
996,14395,90377,3,0,33,23,95,1,2
997,74600,34790,1,0,68,40,51,0,0
998,10625,77626,9,0,71,87,3,3,0
999,16515,17005,3,1,12,40,93,3,2
1000,67891,96357,9,1,28,79,73,2,2
