Asset_ID,Asset_Value(in dollar),Maintenance_Cost,Age,Compliance_Status,Cybersecurity_Score,Physical_Security_Score,Vendor_Risk_Score,Environmental_Risk,Previous_Incidents,Vulnerability,Likelihood,Uncertainty,Mitigated_Risk,Risk,Risk Percentage,Risk Level
1,91716,80286,6,TRUE,12,49,0,1,0,36.5,0.8,24089,55396.464,42065.336,17.2864638,Low Risk
2,60390,58545,0,FALSE,64,65,62,0,2,51.1,0.4,17563.5,8816.94,32902.56,13.52108331,Low Risk
3,79561,82346,3,TRUE,36,13,55,2,3,59,2.2,24705.5,115522.572,84217.128,34.60845611,Moderate Risk
4,37104,48483,0,TRUE,84,36,53,0,0,117.9,0,14545.1,0,14545.1,5.977209945,Low Risk
5,37327,78966,4,TRUE,4,77,79,2,2,66.2,2,23692,16423.88,81922.12,33.66533818,Moderate Risk
6,59673,89475,4,FALSE,88,28,22,0,1,20.6,0.2,26844.5,8950.95,29828.15,12.25767542,Low Risk
7,35485,49993,7,TRUE,51,94,35,1,0,108.5,0.8,15001.6,10077.74,33311.86,13.68928236,Low Risk
8,41165,28086,2,TRUE,26,96,98,3,0,103.4,2.4,8427,2963.88,104259.12,42.84457645,Moderate Risk
9,5026,64182,2,TRUE,38,7,63,0,2,60.4,0.4,19255.8,1306.76,19959.44,8.202196153,Low Risk
10,94460,73755,4,TRUE,47,70,83,3,0,106.9,2.4,22128.7,53275.44,195557.26,80.3629263,High Risk
11,61106,17448,9,TRUE,100,84,90,2,1,169,1.8,5239.1,14298.804,100931.096,41.47694762,Moderate Risk
12,59907,99012,10,FALSE,12,82,32,2,2,50.6,2,29708.6,51520.02,98002.58,40.27349388,Moderate Risk
13,40590,71575,0,FALSE,34,55,57,0,0,44.6,0,21472.5,0,21472.5,8.823977872,Low Risk
14,50318,31754,10,TRUE,98,33,25,1,1,122,1,9531.4,35725.78,24123.62,9.913437609,Low Risk
15,11226,4565,1,TRUE,2,4,44,3,0,17.2,2.4,1370.2,20476.224,7836.376,3.220305433,Low Risk
16,5668,65740,5,TRUE,26,48,46,3,1,63.8,2.6,19724.7,7810.504,26650.996,10.95204559,Low Risk
17,92863,43217,2,TRUE,77,81,9,2,2,120.2,2,12966.3,102149.3,96543,39.6736894,Moderate Risk
18,41597,85874,6,FALSE,55,46,88,0,2,49.4,0.4,25765.2,5490.804,36913.196,15.1692269,Low Risk
19,10443,32538,8,TRUE,58,43,97,1,0,108.6,0.8,9765.6,2506.32,15613.68,6.41633563,Low Risk
20,54128,99076,6,FALSE,83,15,50,0,0,22.5,0,29725.8,0,29725.8,12.21561539,Low Risk
21,20330,63258,6,TRUE,39,56,61,3,2,85.3,2.8,18980.6,23623.46,52281.14,21.48457899,Low Risk
22,53117,66400,5,FALSE,27,66,68,1,2,53.4,1.2,19922.5,21034.332,62628.568,25.73678417,Moderate Risk
23,59106,60791,2,TRUE,57,91,15,2,3,107,2.2,18238.5,61115.604,87156.096,35.81620503,Moderate Risk
24,67912,86993,0,TRUE,24,63,23,3,3,62.4,3,26098.1,116129.52,113704.58,46.72612401,Moderate Risk
25,86491,77478,1,TRUE,85,7,19,0,3,94.2,0.6,23244.1,45148.302,29990.398,12.32435014,Low Risk
26,63375,45265,7,FALSE,72,16,53,2,1,23.9,1.8,13583,74719.125,52938.875,21.75487072,Low Risk
27,11221,9671,1,TRUE,95,58,11,1,1,127.3,1,2902,7349.755,6773.245,2.783418978,Low Risk
28,51218,87393,2,TRUE,17,48,24,1,2,48.2,1.2,26219.1,39335.424,48345.276,19.86716245,Low Risk
29,20091,12672,2,TRUE,98,29,48,3,1,126.9,2.6,3802.8,32125.509,23913.891,9.827250903,Low Risk
30,76753,34871,8,FALSE,30,69,5,3,0,36,2.4,10465.3,116050.536,78621.964,32.30916151,Moderate Risk
31,61311,433,3,FALSE,27,39,63,2,0,38.4,1.6,131.4,48067.824,50161.176,20.6133942,Low Risk
32,44393,15270,5,TRUE,92,25,94,1,1,132.7,1,4583.7,17979.165,30997.535,12.73822624,Low Risk
33,26239,14846,2,FALSE,20,78,4,3,1,40.2,2.6,4454.8,40250.626,32425.574,13.32506916,Low Risk
34,60687,32553,6,TRUE,43,3,24,2,1,51.7,1.8,9769.1,94489.659,24516.041,10.07470035,Low Risk
35,28320,527,1,FALSE,16,36,51,2,3,33.3,2.2,158.6,35201.76,27260.84,11.20265684,Low Risk
36,4833,16714,8,TRUE,78,30,42,1,1,105.6,1,5018.4,3093.12,6758.28,2.777269213,Low Risk
37,19271,61091,1,TRUE,34,75,95,3,0,100,2.4,18328,6937.56,57640.84,23.68711127,Low Risk
38,30276,7163,7,FALSE,46,94,4,3,2,48.2,2.8,2152.4,43234.128,43691.072,17.95454896,Low Risk
39,57935,50855,1,TRUE,37,30,25,1,0,59.5,0.8,15257.2,33602.3,28002.9,11.50760135,Low Risk
40,2922,93145,1,FALSE,93,6,97,3,3,32.1,3,27944,4251.51,32458.49,13.33859576,Low Risk
41,86302,25081,4,FALSE,29,32,47,2,1,30.1,1.8,7526.3,93982.878,68887.022,28.30865329,Moderate Risk
42,5485,88230,0,FALSE,63,94,97,2,0,76.1,1.6,26469,394.92,34850.08,14.32140341,Low Risk
43,80714,76133,10,TRUE,40,100,91,1,3,117.3,1.4,22845.1,5084.982,130759.718,53.734817,Moderate Risk
44,16566,88262,2,TRUE,69,90,80,3,1,138,2.6,26479.8,6460.74,63090.66,25.92667774,Moderate Risk
45,13305,56062,9,TRUE,90,13,95,1,1,125,1,16823.3,6120.3,24008,9.865924356,Low Risk
46,64183,69761,1,TRUE,30,13,48,3,0,50.9,2.4,20929,107057.244,67910.956,27.9075456,Moderate Risk
47,25823,65164,10,TRUE,59,67,77,0,3,115.6,0.6,19554.4,4338.264,30709.936,12.62003939,Low Risk
48,13298,55895,6,FALSE,49,26,20,3,0,19,2.4,16771.5,24574.704,24111.996,9.908660805,Low Risk
49,54923,26644,10,FALSE,59,81,89,0,2,67.2,0.4,7998.2,3295.38,26672.02,10.96068526,Low Risk
50,73435,34910,10,FALSE,46,14,5,3,3,8.5,3,10478,199376.025,31406.975,12.90648282,Low Risk
51,32389,46170,0,FALSE,2,71,15,2,1,40,1.8,13851,33231.114,38920.086,15.9939447,Low Risk
52,20548,84767,6,TRUE,85,36,45,2,2,116.5,2,25433.3,24452.12,42077.18,17.29133102,Low Risk
53,47466,96723,3,FALSE,62,92,4,0,3,47.2,0.6,29018.4,14809.392,42688.608,17.54259319,Low Risk
54,44566,58641,9,FALSE,28,31,67,3,0,35.6,2.4,17596.8,54548.784,70006.416,28.76866064,Moderate Risk
55,14244,87101,8,TRUE,26,78,50,3,2,80,2.8,26134.5,14357.952,51659.748,21.22922218,Low Risk
56,83492,74732,6,TRUE,79,93,96,3,2,154.3,2.8,22422.8,12857.768,243342.632,100,Very High Risk
57,50459,96364,5,TRUE,22,85,9,3,2,67.2,2.8,28911.9,74881.156,95315.944,39.16943908,Moderate Risk
58,96361,69277,1,TRUE,100,74,78,3,3,160.4,3,20783.8,69379.92,240486.88,98.82644813,Very High Risk
59,24628,22665,10,TRUE,64,58,45,2,0,106.5,1.6,6804.7,19111.328,27098.172,11.13580953,Low Risk
60,50337,93763,0,FALSE,30,35,48,1,0,31.9,0.8,28128.9,23557.716,44840.784,18.42701529,Low Risk
61,35732,99252,8,FALSE,8,41,70,0,3,41.5,0.6,29779.6,9540.444,41678.356,17.127437,Low Risk
62,27231,95567,10,TRUE,53,75,14,0,1,94.7,0.2,28675.3,3022.641,31098.859,12.77986465,Low Risk
63,79477,34848,0,TRUE,22,25,65,1,0,54,0.8,10454.6,34969.88,39066.32,16.05403857,Low Risk
64,43815,98936,10,TRUE,91,81,61,0,1,149.8,0.2,29686,2541.27,35907.73,14.75603749,Low Risk
65,25387,5315,5,FALSE,8,94,71,3,2,68.3,2.8,1597,12439.63,60240.97,24.75561701,Low Risk
66,50245,26573,0,TRUE,48,91,87,2,2,119.6,2,7972.1,11053.9,97408.2,40.02923746,Moderate Risk
67,74906,29745,5,TRUE,4,87,25,3,1,55,2.6,8926.2,85692.464,117989.336,48.48691535,Moderate Risk
68,41300,20604,0,TRUE,46,43,44,1,3,80.7,1.4,6181.4,32668.3,31333.1,12.87612439,Low Risk
69,75211,72239,3,FALSE,2,19,73,2,3,31.4,2.2,21673.2,89350.668,97786.732,40.18479261,Moderate Risk
70,70266,30537,9,FALSE,76,100,65,1,0,69.5,0.8,9165.6,9837.24,55541.16,22.82426205,Low Risk
71,3003,33909,0,FALSE,51,66,18,0,0,38.4,0,10172.7,0,10172.7,4.180401895,Low Risk
72,71127,2810,6,TRUE,77,26,66,0,2,109.8,0.4,846.2,15363.432,13933.568,5.725905028,Low Risk
73,82715,44036,3,TRUE,73,21,24,1,3,90.7,1.4,13212.5,89745.775,39267.725,16.13680459,Low Risk
74,81798,56134,9,FALSE,40,61,11,1,0,33.8,0.8,16844.7,41880.576,40402.524,16.60314252,Low Risk
75,89158,84014,3,FALSE,12,19,42,2,1,22.1,1.8,25205.7,111536.658,74153.442,30.47285278,Moderate Risk
76,43553,60934,10,FALSE,55,12,76,2,2,28.8,2,18285.2,48779.36,56611.84,23.26425071,Low Risk
77,90403,32827,9,TRUE,15,99,59,1,3,82.2,1.4,9852.8,26578.482,109838.518,45.13739212,Moderate Risk
78,19577,98487,9,TRUE,81,82,68,3,0,142.4,2.4,29550.8,11746.2,64789.4,26.62476339,Moderate Risk
79,7196,67588,0,TRUE,95,53,81,3,2,145.8,2.8,20276.6,6649.104,33776.296,13.88013918,Low Risk
80,8079,57225,1,FALSE,10,21,64,1,3,29.7,1.4,17168,6503.595,21975.005,9.030478885,Low Risk
81,90631,94122,3,TRUE,37,60,43,0,1,79.9,0.2,28238.3,8791.207,37573.293,15.44048928,Low Risk
82,25882,69831,3,FALSE,67,8,20,3,3,10,3,20950.8,66775.56,31821.24,13.07672221,Low Risk
83,32076,22758,8,TRUE,53,86,51,0,3,111.3,0.6,6831.6,6062.364,20014.836,8.224960762,Low Risk
84,96288,15461,5,FALSE,2,25,61,1,3,30.8,1.4,4640.8,76837.824,62606.176,25.72758233,Moderate Risk
85,66735,66471,1,TRUE,30,15,54,0,3,53.7,0.6,19942,26226.855,33756.145,13.87185826,Low Risk
86,92102,46238,4,FALSE,53,41,36,1,0,31.3,0.8,13873.4,45314.184,42240.816,17.35857612,Low Risk
87,75452,68048,3,TRUE,55,75,37,1,2,103.6,1.2,20416.1,39838.656,71119.844,29.22621631,Moderate Risk
88,14289,51388,2,TRUE,74,67,75,3,3,130,3,15417.6,12431.43,45853.17,18.84304843,Low Risk
89,86200,31611,9,FALSE,93,62,84,2,1,56.2,1.8,9487.8,41893.2,122754.6,50.44516819,Moderate Risk
90,26351,88355,6,TRUE,75,93,20,0,1,127.5,0.2,26509.7,2292.537,29487.363,12.11763132,Low Risk
91,59154,30199,2,FALSE,60,72,47,0,3,50.1,0.6,9060.7,14374.422,30178.678,12.40172252,Low Risk
92,13922,93765,5,TRUE,82,84,21,3,0,130.3,2.4,28132.2,15871.08,45673.92,18.76938686,Low Risk
93,26959,25456,10,FALSE,42,39,84,3,2,44.7,2.8,7641.8,29061.802,54065.198,22.2177255,Low Risk
94,8798,89180,0,FALSE,50,82,20,2,2,47,2,26754,8622.04,35727.96,14.68216223,Low Risk
95,55568,60125,7,FALSE,72,29,52,3,3,30.1,3,18041,99188.88,85556.12,35.15870577,Moderate Risk
96,25609,9645,5,TRUE,87,88,18,2,1,136.4,1.8,2896.2,21665.214,27327.186,11.22992127,Low Risk
97,50634,75254,3,FALSE,19,20,0,0,3,10,0.6,22577.7,27342.36,25615.74,10.52661418,Low Risk
98,52217,15075,1,TRUE,13,26,10,0,3,29,0.6,4523.2,25690.764,10162.636,4.176266163,Low Risk
99,22444,9680,5,TRUE,58,99,62,0,1,126.1,0.2,2906.7,875.316,6520.184,2.67942528,Low Risk
100,14977,59547,7,TRUE,50,66,70,3,3,104,3,17867.8,14377.92,48420.88,19.8982314,Low Risk
101,4017,43068,0,FALSE,49,97,74,1,2,70.7,1.2,12920.4,698.958,17041.842,7.003229093,Low Risk
102,74244,25373,9,TRUE,64,66,80,2,0,121,1.6,7616.6,32073.408,94333.592,38.76574821,Moderate Risk
103,45596,18738,1,TRUE,83,100,26,0,3,140.8,0.6,5622.1,10122.312,22857.388,9.393088179,Low Risk
104,90520,26392,6,FALSE,70,80,88,1,0,66.4,0.8,7920.6,11586.56,68750.04,28.25236147,Moderate Risk
105,89689,68967,10,TRUE,82,21,91,3,1,119.8,2.6,20695.3,102604.216,151282.484,62.16850815,High Risk
106,1461,29129,6,FALSE,32,20,60,2,0,28,1.6,8741.7,1402.56,9676.74,3.976590506,Low Risk
107,9849,65615,9,TRUE,1,80,45,1,0,54.5,0.8,19689.2,2954.7,24613.7,10.11483265,Low Risk
108,68184,60998,2,TRUE,68,38,36,0,0,97.8,0,18300.6,0,18300.6,7.520507134,Low Risk
109,99430,3038,10,TRUE,65,33,12,1,1,85.1,1,916.6,77058.25,23288.35,9.570189082,Low Risk
110,10704,67151,9,FALSE,2,57,23,1,1,35.4,1,20149.8,6422.4,24431.4,10.03991771,Low Risk
111,83066,86034,4,FALSE,10,8,64,2,3,23.2,2.2,25812.2,116956.928,91600.472,37.64259113,Moderate Risk
112,74524,51508,6,FALSE,9,64,3,1,1,32.9,1,15455.4,49558.46,40420.94,16.61071045,Low Risk
113,560,53682,9,TRUE,3,26,95,2,2,44.5,2,16109.3,442.4,16786.9,6.898462412,Low Risk
114,80239,517,1,TRUE,22,71,77,3,2,80.6,2.8,155.8,58413.992,166411.008,68.38547222,High Risk
115,63948,86611,9,FALSE,11,24,60,3,0,30,2.4,25987.8,89015.616,90447.384,37.16873745,Moderate Risk
116,41137,58574,7,TRUE,1,25,34,1,3,23.7,1.4,17575.9,40602.219,34565.481,14.20444939,Low Risk
117,80552,28519,1,TRUE,11,50,70,3,0,57,2.4,8556.4,77329.92,124551.28,51.18350162,Moderate Risk
118,31198,89049,0,FALSE,36,55,58,2,1,44.9,1.8,26714.7,24428.034,58443.066,24.01678059,Low Risk
119,86506,75962,0,TRUE,53,28,51,1,1,82.3,1,22788.8,52336.13,56958.67,23.40677814,Low Risk
120,55694,53860,8,FALSE,2,31,12,0,2,19.1,0.4,16162,17487.916,20951.684,8.609952078,Low Risk
121,33883,1429,10,TRUE,44,74,54,3,2,97.2,2.8,433.9,34154.064,61152.236,25.13009558,Moderate Risk
122,70660,3867,2,TRUE,16,68,80,3,1,74,2.6,1161.3,47766.16,137111.14,56.34489069,Moderate Risk
123,27339,80589,5,TRUE,32,99,57,0,1,98.6,0.2,24179.4,1202.916,28444.284,11.6889851,Low Risk
124,46853,96069,6,FALSE,23,7,23,3,2,10.4,2.8,28823.7,111510.14,48501.96,19.93155067,Low Risk
125,19407,1067,10,FALSE,97,43,55,2,2,38,2,325.1,19795.14,19343.96,7.949268832,Low Risk
126,53373,18520,6,TRUE,96,32,13,1,1,115.9,1,5559.2,41364.075,17568.125,7.219501513,Low Risk
127,31707,93960,7,TRUE,56,61,36,0,1,97.3,0.2,28191.7,3265.821,31267.279,12.8490757,Low Risk
128,52270,24043,1,TRUE,38,92,61,2,0,102.3,1.6,7213.6,19653.52,71192.08,29.2559012,Moderate Risk
129,39546,82104,0,TRUE,55,62,16,0,2,90.8,0.4,24631.4,9649.224,30800.576,12.65728728,Low Risk
130,39475,51874,8,FALSE,23,94,79,3,2,70.7,2.8,15566.2,14921.55,111174.65,45.68646648,Moderate Risk
131,69549,40410,10,TRUE,50,30,23,2,0,71.9,1.6,12128.2,81789.624,41616.976,17.10221331,Low Risk
132,21407,21331,8,FALSE,45,98,65,0,3,68.5,0.6,6403.3,2376.177,16871.323,6.933155469,Low Risk
133,34842,96895,5,TRUE,42,44,98,2,2,93.4,2,29071.2,20208.36,78546.84,32.27828981,Moderate Risk
134,52618,73088,0,FALSE,66,27,39,1,1,25.2,1,21926.4,35254.06,39290.34,16.14609807,Low Risk
135,66269,37493,7,FALSE,88,31,42,2,2,28.1,2,11251.4,84161.63,59627.77,24.50362664,Low Risk
136,71063,34663,1,TRUE,11,7,90,1,3,41.5,1.4,10399.6,51236.423,58651.377,24.10238458,Low Risk
137,67671,47095,6,TRUE,66,11,31,1,3,80.8,1.4,14131.7,74844.126,34026.974,13.9831536,Low Risk
138,63175,293,2,TRUE,45,55,44,3,3,85.7,3,89.1,95710.125,93903.975,38.58920002,Moderate Risk
139,4379,38239,8,TRUE,34,68,68,3,3,88.4,3,11475.9,4203.84,20409.06,8.386964435,Low Risk
140,45025,3510,1,TRUE,31,45,52,3,3,69.1,3,1053.7,69563.625,66565.075,27.35446496,Moderate Risk
141,46219,35710,6,FALSE,12,19,28,1,2,17.9,1.2,10716,42429.042,23749.758,9.759801562,Low Risk
142,27931,31247,1,FALSE,92,29,65,2,1,34,1.8,9374.6,26646.174,33004.226,13.56286226,Low Risk
143,2226,3106,8,FALSE,54,50,44,1,0,38.2,0.8,935.8,943.824,1772.776,0.728510243,Low Risk
144,13585,61388,6,TRUE,20,48,20,1,1,50,1,18419.6,8966.1,23038.5,9.467514924,Low Risk
145,41397,78333,8,TRUE,11,19,86,3,1,46.3,2.6,23504.1,51125.295,80011.005,32.87997847,Moderate Risk
146,16970,29093,3,TRUE,21,30,97,2,3,65.1,2.2,8729.6,13626.91,32436.69,13.3296372,Low Risk
147,69659,98311,9,FALSE,11,84,12,0,1,45.6,0.2,29497.8,7244.536,36185.064,14.87000601,Low Risk
148,9072,32971,10,FALSE,87,58,79,2,2,52.7,2,9896.3,5715.36,22324.94,9.174282293,Low Risk
149,80169,8258,4,TRUE,53,90,52,3,1,113.6,2.6,2479.6,60447.426,150471.574,61.8352702,High Risk
150,78292,81061,6,TRUE,36,62,6,3,0,68.8,2.4,24321.5,124014.528,88207.772,36.24838413,Moderate Risk
151,38785,67820,10,FALSE,58,74,96,1,0,65.8,0.8,20351,4654.2,46724.8,19.20123885,Low Risk
152,46520,25867,7,TRUE,87,99,69,1,3,157.2,1.4,7763.8,10420.48,62471.32,25.67216418,Moderate Risk
153,1820,99488,8,TRUE,32,74,96,0,3,97.8,0.6,29850.6,163.8,30778.8,12.64833858,Low Risk
154,88789,49340,7,TRUE,22,97,68,2,3,90.9,2.2,14805.7,34183.765,175957.735,72.30863476,High Risk
155,88460,74162,7,TRUE,55,34,3,2,0,72.9,1.6,22252.3,115351.84,48436.46,19.90463389,Low Risk
156,76167,85150,7,TRUE,39,88,85,1,1,108.5,1,25548.7,10282.545,91433.155,37.57383334,Moderate Risk
157,31487,63142,4,FALSE,44,91,13,1,1,49.4,1,18944.6,15113.76,35317.84,14.5136262,Low Risk
158,47521,95693,7,TRUE,68,42,37,2,3,100.1,2.2,28711.6,63250.451,70007.349,28.76904405,Moderate Risk
159,31645,71509,6,FALSE,95,51,62,1,2,44.1,1.2,21455.7,16518.69,42911.01,17.63398778,Low Risk
160,23229,13110,3,TRUE,49,93,95,2,2,124,2,3934.7,2787.48,47605.22,19.56304146,Low Risk
161,56425,17859,2,FALSE,30,40,27,0,1,28.1,0.2,5358.7,7504.525,9139.175,3.755681824,Low Risk
162,54362,20845,2,FALSE,44,70,66,0,1,54.8,0.2,6254.5,3479.168,13647.732,5.608442667,Low Risk
163,15867,51185,10,FALSE,94,82,44,1,3,54.2,1.4,15360.5,8219.106,29355.194,12.06331737,Low Risk
164,86693,86240,10,TRUE,59,76,56,2,2,113.8,2,25877.2,58951.24,140311.96,57.6602459,Moderate Risk
165,84584,64715,10,FALSE,41,59,1,2,1,29.8,1.8,19419.5,106575.84,65094.86,26.7502901,Moderate Risk
166,90534,27588,2,FALSE,29,10,53,0,3,20.9,0.6,8277.4,37209.474,25388.326,10.43315994,Low Risk
167,66677,52341,10,TRUE,9,69,94,0,3,71.7,0.6,15707.5,7401.147,48312.553,19.85371515,Low Risk
168,4640,23716,3,FALSE,16,69,68,2,2,54.9,2,7116.3,2923.2,13473.1,5.536678834,Low Risk
169,11574,18969,9,FALSE,83,9,24,3,1,11.7,2.6,5695.2,25127.154,10660.446,4.380837797,Low Risk
170,67758,70217,0,FALSE,47,18,11,0,2,12.3,0.4,21065.1,23173.236,24995.064,10.2715516,Low Risk
171,49426,30613,6,FALSE,15,88,95,2,3,72.5,2.2,9186.9,9242.662,108681.438,44.66189796,Moderate Risk
172,2377,78398,2,FALSE,7,64,22,3,1,38.6,2.6,23520.4,3522.714,26177.886,10.75762425,Low Risk
173,26627,89967,0,TRUE,25,22,91,1,1,63.3,1,26990.3,11582.745,42034.555,17.27381456,Low Risk
174,14745,93474,2,TRUE,32,25,84,1,1,69.7,1,28043.4,6708.975,36079.425,14.82659438,Low Risk
175,47624,79843,8,FALSE,98,37,57,1,0,35.6,0.8,23956.9,20192.576,41863.524,17.20353053,Low Risk
176,18671,73967,8,FALSE,82,89,99,2,2,74.2,2,22194.1,2240.52,57295.58,23.54522902,Low Risk
177,66954,14598,5,FALSE,51,1,7,0,3,2.6,0.6,4381.9,38565.504,5988.796,2.461054995,Low Risk
178,83497,25068,9,TRUE,60,82,13,0,1,104.9,0.2,7525.1,8767.185,15457.315,6.352078496,Low Risk
179,38287,17952,0,TRUE,88,17,98,1,0,125.9,0.8,5385.8,13017.58,22997.82,9.450797754,Low Risk
180,50626,12929,4,TRUE,0,4,51,1,1,17.3,1,3880.9,36703.85,17803.05,7.316042345,Low Risk
181,64309,76598,2,TRUE,17,46,96,1,2,68.8,1.2,22980.6,22379.532,77771.868,31.95982034,Moderate Risk
182,63239,56041,0,FALSE,55,50,71,2,2,46.3,2,16812.3,49958.81,93331.49,38.3539412,Moderate Risk
183,45706,47125,5,TRUE,88,52,40,1,3,126,1.4,14140.2,34553.736,43574.864,17.90679407,Low Risk
184,43459,75775,1,TRUE,43,3,10,3,2,47.5,2.8,22733.2,113775.662,30642.738,12.59242482,Low Risk
185,90063,52818,5,FALSE,99,61,36,2,1,41.3,1.8,15847.9,83488.401,94472.899,38.82299547,Moderate Risk
186,704,3380,0,FALSE,49,79,87,3,0,65.6,2.4,1014,287.232,2416.368,0.992989999,Low Risk
187,84797,98474,3,FALSE,56,9,39,2,0,16.2,1.6,29543.7,103113.152,62105.748,25.52193485,Moderate Risk
188,23634,35270,8,TRUE,59,94,74,3,0,128.2,2.4,10585.2,9075.456,58231.344,23.92977487,Low Risk
189,14447,58452,0,FALSE,70,92,41,0,3,58.3,0.6,17535.6,2903.847,23299.953,9.574957256,Low Risk
190,94236,46840,3,TRUE,79,0,68,3,3,99.4,3,14053.7,186587.28,110174.42,45.27542876,Moderate Risk
191,51096,18594,4,FALSE,25,4,37,3,2,13.1,2.8,5580.2,113739.696,34909.304,14.34574111,Low Risk
192,77105,13137,6,FALSE,17,58,32,2,1,38.6,1.8,3944.1,76333.95,66399.15,27.28627921,Moderate Risk
193,62039,19250,5,TRUE,22,12,75,1,0,50.5,0.8,5777.7,28041.628,27367.272,11.24639434,Low Risk
194,64775,54070,0,FALSE,74,50,47,0,0,39.1,0,16221,0,16221,6.665909654,Low Risk
195,60384,1342,8,FALSE,51,63,60,1,0,49.5,0.8,406.6,18598.272,30115.528,12.37577146,Low Risk
196,1844,30849,3,TRUE,50,18,43,0,0,71.9,0,9256.4,0,9256.4,3.803854641,Low Risk
197,78188,25049,6,FALSE,74,26,34,1,2,23.2,1.2,7517.7,65677.92,35665.38,14.6564454,Low Risk
198,83203,20697,8,TRUE,50,97,64,2,1,117.7,1.8,6213.3,29204.253,126774.447,52.09709699,Moderate Risk
199,29505,90652,4,FALSE,5,53,37,2,3,37.6,2.2,27197.6,35701.05,56407.55,23.18029913,Low Risk
200,20320,97550,6,TRUE,1,72,26,2,0,44.8,1.6,29268.2,16581.12,45199.08,18.57425459,Low Risk
201,27318,1215,3,TRUE,25,3,52,1,0,42.1,0.8,366.2,15844.44,6376.16,2.620239597,Low Risk
202,88543,62817,8,TRUE,85,0,74,0,2,107.2,0.4,18849.3,22312.836,31953.664,13.13114095,Low Risk
203,70538,75025,0,TRUE,92,17,28,1,3,108.9,1.4,22507.7,76533.73,44727.17,18.38032639,Low Risk
204,33174,15167,8,FALSE,89,67,76,2,0,56.3,1.6,4554.1,15127.344,42505.156,17.46720484,Low Risk
205,57861,50213,9,TRUE,71,19,27,3,1,88.6,2.6,15068.6,115837.722,49669.478,20.41133425,Low Risk
206,92299,6396,0,FALSE,32,70,41,1,1,47.3,1,1918.8,41073.055,53144.745,21.8394716,Low Risk
207,48048,2671,3,FALSE,15,90,52,1,3,60.6,1.4,802.8,19507.488,48562.512,19.9564341,Low Risk
208,61168,85543,2,FALSE,27,21,30,2,3,19.5,2.2,25663.9,100254.352,59979.148,24.64802304,Low Risk
209,55468,27338,10,FALSE,6,36,77,0,2,41.1,0.4,8206.4,9651.432,20742.168,8.523852902,Low Risk
210,46589,42886,4,TRUE,14,20,50,3,2,39,2.8,12868,84791.98,58525.22,24.05054121,Low Risk
211,45243,84263,1,TRUE,10,41,9,1,0,33.2,0.8,25279.6,27145.8,34328.2,14.10694037,Low Risk
212,64575,53002,9,TRUE,14,56,71,1,3,63.3,1.4,15905.3,32997.825,73312.475,30.12726311,Moderate Risk
213,64241,60138,3,FALSE,63,16,76,0,1,30.8,0.2,18042.9,6938.028,23953.072,9.843352068,Low Risk
214,78604,63449,9,TRUE,61,5,0,0,2,63.5,0.4,19039.4,30655.56,19825.44,8.147129764,Low Risk
215,89272,79627,7,TRUE,11,37,70,0,1,50.5,0.2,23891.8,8302.296,33443.904,13.74354495,Low Risk
216,22232,19350,4,TRUE,93,73,9,1,0,132.2,0.8,5807.2,10493.504,13099.296,5.383066622,Low Risk
217,53678,53378,1,TRUE,84,78,7,2,2,125.1,2,16014.1,61729.7,61640.4,25.33070325,Moderate Risk
218,1985,11819,6,FALSE,57,7,16,2,2,8.3,2,3548.7,3513.45,4005.25,1.645930254,Low Risk
219,78843,69,7,TRUE,35,16,29,1,1,51.7,1,24.4,61103.325,17764.075,7.300025834,Low Risk
220,52912,32485,2,FALSE,99,28,8,3,0,16.4,2.4,9746.5,104130.816,32604.484,13.398591,Low Risk
221,71764,18224,9,FALSE,62,19,31,3,2,18.8,2.8,5471.7,150704.4,55706.5,22.8922074,Low Risk
222,11279,98619,10,TRUE,10,46,100,1,2,63,1.2,29590.9,3654.396,39471.304,16.22046399,Low Risk
223,85793,95369,5,TRUE,32,13,0,2,2,38.5,2,28613.4,160432.91,39766.49,16.34176867,Low Risk
224,40783,40097,6,FALSE,41,65,14,1,2,36.7,1.2,12032.1,29608.458,31363.242,12.88851104,Low Risk
225,85167,35447,3,FALSE,1,82,66,1,0,60.8,0.8,10635.6,17714.736,61054.464,25.08991684,Moderate Risk
226,60582,18647,0,TRUE,10,60,82,3,1,64.6,2.6,5594.3,45678.828,117428.672,48.2565143,Moderate Risk
227,74204,5954,0,TRUE,92,52,4,2,0,119.2,1.6,1786.4,85483.008,35029.792,14.39525484,Low Risk
228,35049,77244,3,TRUE,98,25,53,3,2,126.4,2.8,23174.9,59863.692,61448.408,25.25180545,Moderate Risk
229,14785,64118,4,TRUE,43,46,34,1,1,76.2,1,19237.6,8871,25151.6,10.335879,Low Risk
230,59598,78821,9,FALSE,42,33,71,1,1,37.8,1,23650.8,28607.04,54641.76,22.45465973,Low Risk
231,45245,14260,3,FALSE,41,100,16,0,1,54.8,0.2,4279.5,3800.58,9527.92,3.915433938,Low Risk
232,60700,75164,3,FALSE,20,34,8,2,3,19.4,2.2,22550.7,105496.6,50594.1,20.79130138,Low Risk
233,5494,7384,8,TRUE,92,22,6,1,0,104.8,0.8,2219.4,3779.872,2834.728,1.164912197,Low Risk
234,2186,16982,10,FALSE,14,43,56,3,2,38.3,2.8,5099.6,3091.004,8129.396,3.34072001,Low Risk
235,29077,78749,0,FALSE,25,94,21,2,0,53.3,1.6,23624.7,19772.36,50375.54,20.70148563,Low Risk
236,73010,79660,2,FALSE,68,31,18,1,1,20.9,1,23899,55122.55,41786.45,17.1718575,Low Risk
237,71008,76270,8,FALSE,5,98,33,3,2,58.9,2.8,22885,68593.728,153113.672,62.9210224,High Risk
238,61363,80819,1,FALSE,72,14,85,2,3,32.5,2.2,24246.2,68174.293,91070.507,37.42480561,Moderate Risk
239,45489,75757,2,TRUE,51,35,70,0,0,89.5,0,22728.3,0,22728.3,9.340040343,Low Risk
240,83508,582,1,TRUE,22,80,9,2,1,64.7,1.8,175.3,83424.492,67065.208,27.55999121,Moderate Risk
241,14481,52787,7,FALSE,82,52,9,3,0,28.7,2.4,15839.6,24154.308,26439.692,10.86521165,Low Risk
242,53090,34684,7,FALSE,29,57,35,2,0,39,1.6,10408.7,45869.76,49482.94,20.33467773,Low Risk
243,57417,57540,3,TRUE,97,54,11,1,2,127.3,1.2,17263.7,46507.77,39656.33,16.29649917,Low Risk
244,3575,58183,1,FALSE,75,67,24,3,2,40.7,2.8,17455.4,5455.45,22009.95,9.044839295,Low Risk
245,17006,34943,8,FALSE,11,87,86,1,3,69.3,1.4,10486.9,3214.134,31081.166,12.77259383,Low Risk
246,18540,4726,4,FALSE,77,75,20,0,2,43.5,0.4,1419.8,3893.4,4942.4,2.031045674,Low Risk
247,69099,29632,1,FALSE,13,7,59,2,3,21.2,2.2,8890.1,101851.926,59055.974,24.26865096,Low Risk
248,4657,21538,10,FALSE,96,72,100,3,3,66,3,6466.4,1955.94,18481.46,7.594830321,Low Risk
249,88977,33423,9,TRUE,82,74,13,1,2,122.9,1.2,10031.6,60326.406,56477.594,23.20908323,Low Risk
250,56920,6514,8,FALSE,24,88,15,0,0,48.5,0,1958.2,0,1958.2,0.804708975,Low Risk
251,61057,94494,0,FALSE,35,9,18,3,0,9.9,2.4,28348.2,126754.332,48130.668,19.77897075,Low Risk
252,78958,15579,7,FALSE,14,76,73,3,1,59.9,2.6,4677.2,52349.154,157618.846,64.77239303,High Risk
253,71612,21688,0,FALSE,7,27,10,2,1,16.5,1.8,6506.4,105054.804,30353.196,12.47343951,Low Risk
254,79084,51163,2,FALSE,35,16,77,1,3,31.1,1.4,15349.9,59233.916,66833.584,27.46480691,Moderate Risk
255,27240,88987,6,TRUE,29,5,57,0,0,48.6,0,26699.3,0,26699.3,10.97189579,Low Risk
256,73967,65199,10,FALSE,27,3,3,3,3,2.4,3,19564.7,215243.97,26221.73,10.77564165,Low Risk
257,37411,48108,9,FALSE,82,71,80,0,1,59.5,0.2,14436.9,1833.139,20085.961,8.254189097,Low Risk
258,75225,29326,5,TRUE,75,63,78,3,3,129.9,3,8800.5,66574.125,167901.375,68.9979284,High Risk
259,64618,50800,9,TRUE,70,35,24,2,2,94.7,2,15244.7,91111.38,53369.32,21.93175917,Low Risk
260,99503,53308,2,TRUE,6,60,25,2,1,43.5,1.8,15993.6,102985.605,92113.395,37.85337335,Moderate Risk
261,98439,75289,10,TRUE,98,71,96,1,2,162.3,1.2,22591.9,19490.922,121227.778,49.81773107,Moderate Risk
262,92857,42491,1,TRUE,80,19,53,0,2,105.4,0.4,12748,23771.392,26119.408,10.73359312,Low Risk
263,87410,32056,9,FALSE,39,56,82,2,2,52.6,2,9621.3,54194.2,130247.1,53.52416012,Moderate Risk
264,49513,47600,5,FALSE,50,79,4,2,3,40.7,2.2,14282.5,63723.231,59487.869,24.44613527,Low Risk
265,81103,79586,7,TRUE,53,43,19,3,1,80.2,2.6,23879.5,145498.782,89248.518,36.67607162,Moderate Risk
266,58581,33858,1,TRUE,19,86,79,2,0,85.7,1.6,10158.1,16402.68,87485.02,35.95137411,Moderate Risk
267,23871,75614,6,TRUE,11,39,70,1,1,51.5,1,22687.4,10861.305,35697.095,14.66947847,Low Risk
268,88738,97979,0,FALSE,26,48,62,2,3,42.6,2.2,29393.7,87850.62,136766.68,56.20333719,Moderate Risk
269,14388,11999,6,TRUE,25,67,23,0,3,65.4,0.6,3602.9,4748.04,7487.66,3.077002964,Low Risk
270,85660,24659,0,FALSE,63,31,32,1,2,25.1,1.2,7397.7,70412.52,39777.18,16.34616165,Low Risk
271,56804,19786,1,FALSE,49,12,64,2,1,25.2,1.8,5936.3,63393.264,44790.236,18.40624293,Low Risk
272,36852,93566,2,TRUE,8,32,62,2,2,42.6,2,28071,39063.12,62711.88,25.77102067,Moderate Risk
273,6759,4302,8,FALSE,89,59,32,3,3,39.1,3,1294.6,11050.965,10520.635,4.323383418,Low Risk
274,38166,57673,4,FALSE,83,67,17,1,0,38.6,0.8,17303.9,17709.024,30127.676,12.3807636,Low Risk
275,41746,72616,10,FALSE,15,55,16,1,3,32.3,1.4,21789.8,37696.638,42537.562,17.48052187,Low Risk
276,37657,63225,6,TRUE,12,58,85,1,3,66.5,1.4,18970.7,15025.143,56665.357,23.28624316,Low Risk
277,27023,55492,5,TRUE,70,21,34,1,1,90.7,1,16650.3,19591.675,24081.625,9.89618005,Low Risk
278,91311,405,1,FALSE,13,41,1,0,1,20.8,0.2,122,14427.138,3957.062,1.626127723,Low Risk
279,29968,24091,3,FALSE,91,44,7,3,0,24.1,2.4,7228.8,53582.784,25569.216,10.50749546,Low Risk
280,71206,23393,2,FALSE,6,27,53,2,2,29.4,2,7018.9,85447.2,63983.7,26.29366645,Moderate Risk
281,35796,96070,0,FALSE,79,100,50,3,0,65,2.4,28821,21477.6,93253.8,38.32201503,Moderate Risk
282,79454,44609,7,FALSE,10,61,36,3,0,41.3,2.4,13386.2,98205.144,105870.656,43.50682621,Moderate Risk
283,6333,78914,10,TRUE,25,78,69,1,3,84.7,1.4,23679.4,2349.543,30196.057,12.4088643,Low Risk
284,51097,93975,5,FALSE,36,86,14,3,1,47.2,2.6,28195,66426.1,94621.1,38.88389766,Moderate Risk
285,99168,18165,4,TRUE,57,3,72,3,1,80.1,2.6,5451.7,161148,102140.5,41.97394397,Moderate Risk
286,878,7676,3,TRUE,66,90,95,1,3,139.5,1.4,2304.5,92.19,3441.51,1.414265134,Low Risk
287,35143,94004,9,FALSE,87,43,9,3,0,24.2,2.4,28205.7,62413.968,50134.932,20.60260941,Low Risk
288,2571,15937,0,FALSE,18,80,53,1,1,55.9,1,4781.1,861.285,6490.815,2.66735629,Low Risk
289,86853,47203,4,TRUE,18,64,40,3,3,62,3,14163.1,125068.32,149653.78,61.49920331,High Risk
290,33354,78805,1,TRUE,44,92,0,0,0,90,0,23642.2,0,23642.2,9.715601334,Low Risk
291,48029,40762,6,FALSE,13,56,46,3,3,41.8,3,12231.6,70602.63,85715.97,35.22439504,Moderate Risk
292,41698,12261,0,FALSE,23,87,16,1,3,48.3,1.4,3678.3,28312.942,33742.558,13.86627478,Low Risk
293,75752,95198,6,FALSE,29,33,52,0,3,32.1,0.6,28562.4,26134.44,47879.16,19.67561525,Low Risk
294,19683,91448,3,TRUE,65,66,33,1,1,107.9,1,27436.1,9939.915,37179.185,15.27853327,Low Risk
295,21122,50736,5,TRUE,69,54,68,3,3,116.4,3,15223.5,24712.74,53876.76,22.14028818,Low Risk
296,70221,36820,8,FALSE,57,88,21,0,2,50.3,0.4,11050,12780.222,26358.178,10.83171403,Low Risk
297,10748,23656,5,FALSE,30,22,62,3,2,29.6,2.8,7099.3,17454.752,19738.948,8.111586465,Low Risk
298,37379,48913,5,FALSE,57,59,61,2,3,47.8,2.2,14676.4,32893.52,64016.68,26.30721936,Moderate Risk
299,3205,52538,10,FALSE,2,84,19,1,1,47.7,1,15766.4,1554.425,17416.975,7.157387449,Low Risk
300,73446,4849,6,TRUE,35,36,43,0,0,65.9,0,1457.9,0,1457.9,0.599114092,Low Risk
301,69881,15949,5,TRUE,43,13,78,3,2,72.9,2.8,4787.4,106638.406,93815.794,38.55296264,Moderate Risk
302,2722,44282,5,FALSE,30,9,52,0,2,20.1,0.4,13287.1,756.716,13619.184,5.59671106,Low Risk
303,48514,18908,1,FALSE,76,27,96,0,0,42.3,0,5672.9,0,5672.9,2.331239682,Low Risk
304,85942,34298,0,FALSE,31,42,44,0,1,34.2,0.2,10289.4,9797.388,17680.412,7.265645093,Low Risk
305,27676,30047,8,FALSE,53,8,96,0,1,32.8,0.2,9018.1,2656.896,11896.404,4.888746334,Low Risk
306,88115,50134,0,TRUE,19,5,20,2,2,27.5,2,15040.4,154201.25,37069.15,15.23331514,Low Risk
307,54193,49480,1,FALSE,2,89,25,0,1,52,0.2,14844.5,4660.598,21022.502,8.639054253,Low Risk
308,67012,9852,9,TRUE,42,36,13,2,1,63.9,1.8,2960.3,91069.308,32512.592,13.36082861,Low Risk
309,63724,35787,3,FALSE,68,27,50,2,0,28.5,1.6,10737.6,62704.416,49991.584,20.54370152,Low Risk
310,52897,72947,6,FALSE,4,39,7,3,2,21.6,2.8,21887.1,114045.932,55952.768,22.99340956,Low Risk
311,56245,16391,6,FALSE,82,87,44,2,0,56.7,1.6,4920.3,31047.24,63865.06,26.24491215,Moderate Risk
312,44783,21580,3,TRUE,86,49,88,1,3,136.9,1.4,6475.7,19749.303,49422.597,20.30988019,Low Risk
313,18340,16496,6,FALSE,81,40,74,3,1,42.2,2.6,4951.8,20504.12,32131.68,13.20429542,Low Risk
314,73924,55197,8,FALSE,93,89,41,0,1,56.8,0.2,16563.1,5174.68,26173.22,10.75570679,Low Risk
315,50476,99258,9,TRUE,95,81,19,0,1,141.2,0.2,29782.1,5047.6,34829.7,14.31302839,Low Risk
316,19417,43398,4,TRUE,59,8,67,3,3,83.1,3,13021.6,36406.875,34865.725,14.32783262,Low Risk
317,60936,40712,7,TRUE,98,55,21,1,3,131.8,1.4,12217.3,52892.448,44635.252,18.34255331,Low Risk
318,86382,81702,4,TRUE,50,44,28,1,0,80.4,0.8,24512.8,44227.584,49390.816,20.29682,Low Risk
319,22826,57152,3,FALSE,1,59,45,3,2,43,2.8,17147.1,30678.144,50381.756,20.70404005,Low Risk
320,22908,61137,7,TRUE,93,6,45,1,3,109.5,1.4,18344.8,23893.044,26522.956,10.89942842,Low Risk
321,27484,13359,5,TRUE,53,34,3,0,2,70.9,0.4,4010.4,8959.784,6044.216,2.483829467,Low Risk
322,46502,30159,7,TRUE,51,75,100,2,0,118.5,1.6,9051.4,9300.4,74154.2,30.47316427,Moderate Risk
323,10991,3104,9,FALSE,21,94,83,1,1,71.9,1,935.7,1263.965,10662.735,4.381778446,Low Risk
324,17119,93545,7,FALSE,36,97,26,0,0,56.3,0,28067,0,28067,11.53394281,Low Risk
325,49485,95524,3,FALSE,21,56,57,1,0,45.1,0.8,28658.7,17220.78,51025.92,20.96875487,Low Risk
326,15599,77551,0,FALSE,89,58,35,2,0,39.5,1.6,23265.3,13352.744,34870.956,14.32998226,Low Risk
327,66900,56037,0,TRUE,98,80,0,1,3,138,1.4,16811.3,56196,54275.3,22.30406549,Low Risk
328,21081,59899,8,TRUE,21,93,4,1,0,68.7,0.8,17973.9,8685.372,26153.328,10.74753231,Low Risk
329,88323,84343,7,TRUE,13,18,17,2,0,27.1,1.6,25306.6,116586.36,50037.04,20.56238136,Low Risk
330,93954,52619,7,TRUE,25,53,91,2,3,78.8,2.2,15789.4,57875.664,164612.536,67.64640238,High Risk
331,27390,6799,4,TRUE,53,36,42,0,0,83.6,0,2041.9,0,2041.9,0.839104921,Low Risk
332,91999,47463,1,FALSE,55,15,15,2,1,12,1.8,14239.4,140758.47,39079.13,16.05930275,Low Risk
333,89266,46586,3,FALSE,4,9,70,1,0,25.5,0.8,13977.3,43204.744,42185.356,17.33578521,Low Risk
334,37288,46437,9,FALSE,3,83,94,3,1,69.7,2.6,13935.6,11149.112,99735.288,40.98553845,Moderate Risk
335,22203,32470,10,TRUE,27,63,3,3,1,59.4,2.6,9746.2,38677.626,28796.374,11.83367409,Low Risk
336,69525,70055,6,FALSE,19,50,6,1,1,26.8,1,21019.5,50058,40486.5,16.63765189,Low Risk
337,54626,41961,6,TRUE,0,60,61,1,0,48.3,0.8,12591.5,17261.816,39030.484,16.03931201,Low Risk
338,15619,36500,9,FALSE,17,57,54,2,2,44.7,2,10954.5,13900.91,28291.59,11.62623654,Low Risk
339,38298,97633,6,TRUE,37,3,36,0,2,49.3,0.4,29293.1,12331.956,32280.344,13.26538787,Low Risk
340,58246,19422,2,FALSE,23,82,54,0,2,57.2,0.4,5827.6,7455.488,21670.512,8.905349557,Low Risk
341,69555,21945,2,TRUE,10,82,13,3,3,54.9,3,6584.7,109549.125,105700.575,43.43693258,Moderate Risk
342,17955,51378,5,FALSE,8,58,41,0,0,41.3,0,15415.9,0,15415.9,6.335059284,Low Risk
343,53427,4049,4,FALSE,56,60,23,2,2,36.9,2,1216.7,62509.59,45561.11,18.72302836,Low Risk
344,586,10901,4,TRUE,90,69,43,1,2,137.4,1.2,3272.5,309.408,3666.292,1.506637768,Low Risk
345,97225,15697,9,FALSE,52,60,93,1,0,57.9,0.8,4713.6,18278.3,64215.3,26.3888409,Moderate Risk
346,64444,2922,6,FALSE,50,46,4,2,2,24.2,2,879.6,96666,33101.6,13.60287744,Low Risk
347,72595,60060,5,FALSE,55,40,32,2,0,29.6,1.6,18020.5,74337.28,59835.22,24.58887681,Low Risk
348,62045,49024,8,FALSE,61,2,10,3,1,4,2.6,14711.2,151637.98,24390.22,10.02299507,Low Risk
349,81630,42049,8,TRUE,24,92,79,0,1,93.7,0.2,12618.9,2367.27,26577.63,10.92189633,Low Risk
350,87581,8618,5,FALSE,53,95,38,3,0,58.9,2.4,2587.9,70415.124,142367.176,58.50482294,Moderate Risk
351,7098,15797,6,TRUE,64,19,98,0,3,102.9,0.6,4742.3,1767.402,7233.698,2.972639007,Low Risk
352,92186,18047,8,TRUE,6,49,11,0,3,33.8,0.6,5418.3,38718.12,22011.78,9.045591321,Low Risk
353,8530,53275,10,TRUE,28,39,29,2,3,56.2,2.2,15987.7,12385.56,22368.14,9.19203504,Low Risk
354,47319,77789,5,FALSE,63,39,78,1,1,42.9,1,23339.2,19637.385,51020.815,20.96665701,Low Risk
355,81544,38496,2,FALSE,88,61,54,1,1,46.7,1,11549.8,34656.2,58437.6,24.01453437,Low Risk
356,35846,52182,1,TRUE,66,64,46,0,1,111.8,0.2,15655.3,3226.14,19598.36,8.053812782,Low Risk
357,1346,49351,0,TRUE,81,57,17,1,3,114.6,1.4,14805.5,1187.172,15502.728,6.37074066,Low Risk
358,29276,15035,10,TRUE,57,18,66,1,0,85.8,0.8,4515.7,13584.064,14352.436,5.898035984,Low Risk
359,75251,87888,8,TRUE,85,73,13,2,2,125.4,2,26370.6,85786.14,91086.46,37.43136139,Moderate Risk
360,7759,33795,3,FALSE,89,92,37,1,0,57.1,0.8,10140,2203.556,14143.644,5.812234331,Low Risk
361,20623,99934,10,FALSE,57,17,98,0,2,37.9,0.4,29985.2,3505.91,34728.49,14.27143683,Low Risk
362,3484,98133,1,FALSE,45,72,85,2,2,61.5,2,29440.4,1498.12,34910.28,14.34614219,Low Risk
363,96947,47304,2,FALSE,44,97,20,2,0,54.5,1.6,14192.2,64372.808,104934.592,43.12215707,Moderate Risk
364,54465,50706,7,TRUE,48,83,34,1,3,99.7,1.4,15215.5,31644.165,59822.335,24.5835818,Low Risk
365,82028,28725,8,TRUE,62,55,56,2,1,106.3,1.8,8621.7,65704.428,90567.672,37.21816899,Moderate Risk
366,52157,84264,4,FALSE,0,6,5,1,3,4.5,1.4,25281.2,69003.711,29297.289,12.03952171,Low Risk
367,91559,82564,7,TRUE,35,21,1,1,2,45.8,1.2,24772.9,97785.012,36858.688,15.14682721,Low Risk
368,28519,75519,7,TRUE,96,66,4,0,3,130.2,0.6,22659.4,11122.41,28648.39,11.77286107,Low Risk
369,32029,77568,7,FALSE,60,12,6,0,0,7.8,0,23273.9,0,23273.9,9.564250953,Low Risk
370,52411,39652,7,TRUE,11,85,60,2,0,71.5,1.6,11899.3,23060.84,72696.06,29.87395156,Moderate Risk
371,87034,76510,1,TRUE,97,54,27,0,3,132.1,0.6,22953.7,31071.138,44102.962,18.12381235,Low Risk
372,67886,24875,10,FALSE,54,91,53,3,1,61.4,2.6,7467.5,49421.008,134550.092,55.29244543,Moderate Risk
373,1580,87613,1,TRUE,100,17,83,3,2,133.4,2.8,26284.6,2212,28496.6,11.71048401,Low Risk
374,46157,49965,0,TRUE,97,4,3,3,1,99.9,2.6,14989.7,115807.913,19189.987,7.885994674,Low Risk
375,94672,59259,3,FALSE,100,10,54,0,3,21.2,0.6,17779.2,38626.176,35956.224,14.77596577,Low Risk
376,18935,62060,8,FALSE,65,31,53,1,2,31.4,1.2,18622,13178.76,28165.24,11.57431387,Low Risk
377,31797,72026,10,FALSE,79,11,57,3,3,22.6,3,21612.8,62958.06,54045.74,22.20972937,Low Risk
378,59881,14414,6,TRUE,0,56,58,3,1,45.4,2.6,4327.4,66946.958,93071.042,38.24691187,Moderate Risk
379,95380,66545,1,FALSE,58,43,13,3,1,25.4,2.6,19964,178551.36,89400.64,36.73858512,Moderate Risk
380,12369,47208,0,FALSE,6,100,49,2,0,64.7,1.6,14162.4,5046.552,28906.248,11.87882607,Low Risk
381,86788,7440,3,FALSE,2,95,38,1,3,58.9,1.4,2233.5,40703.572,83033.128,34.12189936,Moderate Risk
382,97048,22840,4,FALSE,70,81,93,2,3,68.4,2.2,6854,27755.728,192603.872,79.14925158,High Risk
383,73063,99848,1,FALSE,48,24,27,1,3,20.1,1.4,29954.9,76204.709,56038.391,23.02859575,Low Risk
384,14594,32858,7,FALSE,48,83,45,1,1,55,1,9860.9,5253.84,19201.06,7.890545048,Low Risk
385,42029,19998,5,TRUE,30,33,89,0,3,73.2,0.6,6002.1,9834.786,21384.714,8.787902812,Low Risk
386,95010,78695,2,TRUE,87,8,45,3,2,104.5,2.8,23609.7,195530.58,94107.12,38.67268108,Moderate Risk
387,85159,31631,1,FALSE,75,69,74,1,0,56.7,0.8,9489.8,19416.252,58200.748,23.91720165,Low Risk
388,40273,46268,3,FALSE,58,70,75,1,3,57.5,1.4,13881.9,15505.105,54758.995,22.50283666,Low Risk
389,60505,69747,0,TRUE,68,71,15,2,0,108,1.6,20924.3,55180.56,62551.74,25.70521223,Moderate Risk
390,31080,95393,0,TRUE,37,95,59,1,2,102.2,1.2,28618.1,8578.08,57336.02,23.56184756,Low Risk
391,32976,63422,4,TRUE,49,77,21,1,1,93.8,1,19028.8,16817.76,35187.04,14.45987483,Low Risk
392,86097,43796,1,FALSE,96,80,13,0,1,43.9,0.2,13139.3,9212.379,21146.321,8.689936829,Low Risk
393,50452,80149,3,FALSE,18,44,70,3,1,43,2.6,24046.2,56405.336,98816.064,40.6077896,Moderate Risk
394,2479,65841,2,TRUE,5,41,40,2,2,37.5,2,19753.5,2950.01,21761.49,8.942736347,Low Risk
395,72989,5558,3,TRUE,59,66,74,3,0,114.2,2.4,1669.1,52552.08,124290.62,51.07638517,Moderate Risk
396,75585,78179,6,TRUE,3,4,87,0,3,31.1,0.6,23456.9,24716.295,44091.605,18.11914527,Low Risk
397,92361,89356,7,TRUE,44,93,92,0,0,118.1,0,26810.5,0,26810.5,11.01759268,Low Risk
398,72833,15140,7,TRUE,79,93,9,1,3,128.2,1.4,4545.7,49963.438,56548.462,23.23820595,Low Risk
399,7493,82408,2,TRUE,75,4,82,2,2,101.6,2,24723.6,8542.02,31167.58,12.80810508,Low Risk
400,96998,81992,2,FALSE,1,99,50,1,2,64.5,1.2,24598.6,29681.388,111314.812,45.7440651,Moderate Risk
401,74960,44773,6,FALSE,23,61,25,3,3,38,3,13434.9,128181.6,110133.3,45.25853078,Moderate Risk
402,21225,16322,8,FALSE,16,12,95,2,2,34.5,2,4900.6,19739.25,27611.35,11.34669654,Low Risk
403,70494,73218,1,TRUE,48,50,50,2,0,88,1.6,21966.1,56395.2,78361.3,32.20204341,Moderate Risk
404,36877,11463,1,FALSE,55,50,74,3,0,47.2,2.4,3439.4,33631.824,58312.376,23.96307442,Low Risk
405,88529,27418,0,FALSE,46,100,54,1,1,66.2,1,8225.4,20361.67,76392.73,31.39307296,Moderate Risk
406,71977,71880,9,TRUE,94,42,41,0,3,127.3,0.6,21568.7,25263.927,39490.973,16.22854683,Low Risk
407,9251,37954,2,TRUE,38,50,43,2,3,75.9,2.2,11387.4,10888.427,20851.173,8.568647766,Low Risk
408,42891,80958,9,FALSE,35,65,28,3,0,40.9,2.4,24291.9,55072.044,72158.256,29.65294466,Moderate Risk
409,2992,67225,10,FALSE,29,12,2,1,2,6.6,1.2,20172.5,3339.072,20423.828,8.393033244,Low Risk
410,23491,18343,9,FALSE,49,88,68,3,3,64.4,3,5507.4,15504.06,60476.34,24.85234071,Low Risk
411,68769,41337,8,FALSE,52,64,10,1,3,35,1.4,12405.1,60654.258,48027.442,19.73655072,Low Risk
412,3569,39651,3,FALSE,80,49,9,3,0,27.2,2.4,11896.8,6081.576,14380.824,5.90970184,Low Risk
413,12500,51788,2,FALSE,24,88,98,3,3,73.4,3,15537.4,2625,50412.4,20.716633,Low Risk
414,67606,33473,1,TRUE,26,91,3,1,2,72.4,1.2,10042.6,42997.416,48172.384,19.79611365,Low Risk
415,91743,1492,5,TRUE,87,63,93,2,0,146.4,1.6,450.3,32293.536,114945.564,47.23609795,Moderate Risk
416,79161,20730,2,TRUE,59,5,28,0,0,69.9,0,6220.2,0,6220.2,2.556148895,Low Risk
417,54873,16386,8,FALSE,54,88,85,0,3,69.5,0.6,4919.8,4444.713,33398.887,13.72504552,Low Risk
418,12518,57445,2,TRUE,1,4,77,2,3,26.1,2.2,17234.7,16386.062,28388.238,11.66595338,Low Risk
419,63794,29310,0,FALSE,39,87,53,0,1,59.4,0.2,8793,3827.64,17724.16,7.283623036,Low Risk
420,83759,15584,8,FALSE,48,76,69,3,3,58.7,3,4679.2,69101.175,186855.025,76.78680199,High Risk
421,47232,93544,5,TRUE,2,87,81,0,0,69.8,0,28065.9,0,28065.9,11.53349077,Low Risk
422,24704,55328,0,TRUE,23,51,40,0,3,60.5,0.6,16598.6,8078.208,23342.792,9.592561652,Low Risk
423,62071,73517,8,TRUE,67,27,25,2,3,88,2.2,22059.3,101051.588,57563.912,23.65549823,Low Risk
424,71705,20005,9,TRUE,19,64,79,0,1,74.7,0.2,6006.2,4087.185,16260.015,6.681942603,Low Risk
425,69026,48168,2,TRUE,72,34,85,0,2,114.5,0.4,14451.6,11182.212,30879.788,12.68983891,Low Risk
426,86746,62365,4,FALSE,40,54,97,0,3,56.1,0.6,18711.5,12751.662,58007.438,23.83776222,Low Risk
427,15904,67791,0,FALSE,33,5,51,2,1,17.8,1.8,20337.3,20611.584,28352.916,11.65143804,Low Risk
428,7750,94749,6,TRUE,21,21,1,1,2,31.8,1.2,28427.9,8277,29450.9,12.1026471,Low Risk
429,32265,83315,9,TRUE,61,14,23,0,3,74.9,0.6,24999.2,15777.585,28580.615,11.7450094,Low Risk
430,34202,37065,1,TRUE,5,60,75,3,3,57.5,3,11120.2,33346.95,80379.25,33.03130624,Moderate Risk
431,66042,65,1,TRUE,82,9,52,0,2,102.1,0.4,20.2,18359.676,8077.324,3.319321376,Low Risk
432,20769,73918,4,TRUE,37,94,83,3,3,108.9,3,22177.6,7165.305,77319.295,31.77383854,Moderate Risk
433,66176,96321,2,FALSE,22,100,53,3,1,65.9,2.6,28897.3,40433.536,160521.364,65.96516306,High Risk
434,68344,19564,2,FALSE,10,33,99,1,1,46.2,1,5870.2,23236.96,50977.24,20.94875016,Low Risk
435,78887,87299,1,FALSE,90,23,60,2,0,29.5,1.6,26190.2,73838.232,78571.168,32.28828724,Moderate Risk
436,74191,20567,0,FALSE,98,84,10,0,2,45,0.4,6170.1,15728.492,20118.008,8.267358594,Low Risk
437,82099,14959,8,FALSE,89,68,55,2,3,50.5,2.2,4491.7,69537.853,115571.647,47.4933825,Moderate Risk
438,9645,2729,0,FALSE,24,12,90,2,3,33,2.2,818.7,10397.31,11640.39,4.783539121,Low Risk
439,41621,58556,3,TRUE,36,81,52,2,0,92.1,1.6,17568.5,22308.856,61853.244,25.41817005,Moderate Risk
440,41456,41708,0,FALSE,79,0,87,2,0,26.1,1.6,12512.4,37476.224,41365.776,16.99898438,Low Risk
441,56942,47166,2,TRUE,95,23,69,3,1,127.2,2.6,14151,79946.568,82253.632,33.80157078,Moderate Risk
442,77415,76666,5,TRUE,93,22,21,3,0,110.3,2.4,23002.5,145849.86,62948.64,25.86831559,Moderate Risk
443,476,13131,9,FALSE,47,30,47,2,3,29.1,2.2,3943.8,644.028,4346.972,1.786358586,Low Risk
444,72665,11024,6,FALSE,39,44,13,1,3,25.9,1.4,3310.2,72737.665,32303.535,13.27491806,Low Risk
445,27206,20885,10,TRUE,56,97,86,2,2,130.3,2,6270.7,4625.02,56057.68,23.03652243,Low Risk
446,21614,50038,0,TRUE,82,94,9,3,3,131.7,3,15011.6,31448.37,48405.23,19.89180013,Low Risk
447,29275,39828,4,TRUE,34,70,86,1,1,94.8,1,11950.6,6440.5,34785.1,14.29470032,Low Risk
448,18410,24698,4,FALSE,65,82,53,0,2,56.9,0.4,7411.4,2393.3,12382.1,5.088339802,Low Risk
449,76862,1068,8,TRUE,12,58,43,1,2,53.9,1.2,324.6,45656.028,46902.972,19.27445742,Low Risk
450,63751,55942,5,TRUE,4,60,5,1,1,35.5,1,16785.3,43031.925,37504.375,15.41216789,Low Risk
451,15409,33317,9,TRUE,71,48,36,0,2,105.8,0.4,9999.8,3574.888,12588.512,5.17316341,Low Risk
452,80376,63108,8,FALSE,87,95,37,2,1,58.6,1.8,18936.4,49190.112,114423.088,47.02138999,Moderate Risk
453,12595,7221,1,FALSE,27,42,16,1,2,25.8,1.2,2166.8,10730.94,6549.86,2.691620431,Low Risk
454,64740,3310,2,FALSE,79,41,3,2,2,21.4,2,994,100994.4,29479.6,12.11444117,Low Risk
455,4637,46896,9,FALSE,43,61,12,0,1,34.1,0.2,14073.3,588.899,14411.801,5.922431627,Low Risk
456,35222,80712,0,FALSE,40,51,66,1,1,45.3,1,24213.6,14617.13,44818.47,18.4178455,Low Risk
457,56798,87551,2,FALSE,32,13,41,1,0,18.8,0.8,26266.3,33170.032,38534.668,15.8355598,Low Risk
458,14038,24232,6,TRUE,66,42,33,0,0,96.9,0,7272.8,0,7272.8,2.988707708,Low Risk
459,99602,46090,10,TRUE,1,60,5,0,2,32.5,0.4,13832.2,26892.54,26780.46,11.00524794,Low Risk
460,72532,26495,9,TRUE,71,93,60,2,3,135.5,2.2,7953.2,37499.044,130024.556,53.43270718,Moderate Risk
461,53200,66212,5,FALSE,73,15,89,1,0,34.2,0.8,19866.1,20428.8,41997.3,17.25850487,Low Risk
462,40543,23711,0,TRUE,78,95,61,0,0,143.8,0,7113.5,0,7113.5,2.923244456,Low Risk
463,6060,3602,6,FALSE,32,78,5,1,3,40.5,1.4,1083.6,4963.14,4604.46,1.892171529,Low Risk
464,97756,44927,9,FALSE,94,18,33,2,0,18.9,1.6,13482.6,116525.152,53367.048,21.9308255,Low Risk
465,72840,26363,7,FALSE,91,28,2,3,3,14.6,3,7912.4,185742,40690.4,16.7214432,Low Risk
466,55536,62186,2,FALSE,78,95,29,2,3,56.2,2.2,18656.8,46428.096,94407.904,38.79628622,Moderate Risk
467,28006,64564,5,TRUE,14,69,44,1,0,61.7,0.8,19371.9,9746.088,32030.612,13.16276221,Low Risk
468,78911,77305,9,FALSE,94,75,88,2,3,63.9,2.2,23196,32116.777,164683.423,67.67553291,High Risk
469,24802,3770,9,FALSE,54,90,67,3,2,65.1,2.8,1135.5,14930.804,55650.296,22.86911074,Low Risk
470,50204,94008,4,FALSE,59,40,99,0,0,49.7,0,28204.4,0,28204.4,11.5904064,Low Risk
471,32708,45368,5,FALSE,67,39,54,3,2,35.7,2.8,13612.9,48996.584,56198.716,23.09448021,Low Risk
472,48697,46060,0,FALSE,39,22,0,0,0,11,0,13818,0,13818,5.678413144,Low Risk
473,31779,60890,3,FALSE,83,94,93,0,0,74.9,0,18268.5,0,18268.5,7.507315857,Low Risk
474,82756,80719,0,FALSE,97,56,92,2,0,55.6,1.6,24215.7,34426.496,122198.804,50.21676761,Moderate Risk
475,15183,34980,8,FALSE,61,15,61,1,2,25.8,1.2,10498,11296.152,17421.448,7.159225598,Low Risk
476,43627,83270,2,FALSE,1,54,91,3,3,54.3,3,24982,35992.275,119870.725,49.26005937,Moderate Risk
477,50293,32930,2,TRUE,76,20,32,1,2,95.6,1.2,9880.2,44660.184,25571.616,10.50848172,Low Risk
478,11356,44124,4,FALSE,20,18,52,0,3,24.6,0.6,13239.2,4428.84,15623.96,6.420560126,Low Risk
479,39691,3722,7,TRUE,58,3,73,2,1,81.4,1.8,1120.3,44295.156,28268.944,11.61693032,Low Risk
480,620,82580,0,FALSE,31,64,66,3,3,51.8,3,24774,651,25983,10.67753718,Low Risk
481,60093,97922,3,FALSE,20,76,67,3,0,58.1,2.4,29378.1,41103.612,132497.688,54.44902396,Moderate Risk
482,7924,38393,4,FALSE,53,61,65,1,1,50,1,11519.9,2931.88,16512.02,6.785502345,Low Risk
483,44561,70720,8,FALSE,17,8,23,1,0,10.9,0.8,21220,30123.236,26745.564,10.99090767,Low Risk
484,99464,22275,8,TRUE,45,33,59,0,2,79.2,0.4,6686.7,21484.224,24988.076,10.26867992,Low Risk
485,1267,23918,2,FALSE,83,49,96,2,1,53.3,1.8,7176.4,627.165,8829.835,3.628560654,Low Risk
486,38875,96068,7,TRUE,7,18,74,2,0,38.2,1.6,28824.1,33588,57436.1,23.60297476,Low Risk
487,45875,24889,6,FALSE,31,17,5,1,2,10,1.2,7469.7,48994.5,13525.2,5.558088975,Low Risk
488,42331,36357,1,TRUE,24,51,16,0,1,54.3,0.2,10907.8,5630.023,13743.977,5.647993895,Low Risk
489,23705,89777,4,TRUE,10,2,75,3,0,33.5,2.4,26935.3,34988.58,48838.72,20.0699399,Low Risk
490,59262,69554,4,FALSE,40,57,57,0,3,45.6,0.6,20868.2,15289.596,41135.804,16.90447895,Low Risk
491,86544,88524,3,TRUE,71,46,68,2,2,114.4,2,26558.9,74427.84,125219.06,51.45792127,Moderate Risk
492,20656,87200,0,FALSE,9,12,15,0,2,10.5,0.4,26160,7146.976,27275.424,11.20865003,Low Risk
493,76862,79166,8,TRUE,76,71,17,1,0,116.6,0.8,23754,34434.176,50809.424,20.87978731,Low Risk
494,55720,65337,3,FALSE,68,49,91,0,2,51.8,0.4,19602.6,6686.4,35204.2,14.46692662,Low Risk
495,33388,24044,7,FALSE,41,77,56,2,0,55.3,1.6,7216.7,17895.968,42741.532,17.56434195,Low Risk
496,95995,50483,9,FALSE,29,61,69,2,3,51.2,2.2,15149.4,73916.15,152422.25,62.63688723,High Risk
497,90310,72915,7,FALSE,55,86,79,3,2,66.7,2.8,21878,44251.9,230494.1,94.71998314,Very High Risk
498,29654,11343,7,FALSE,12,16,43,1,3,20.9,1.4,3406.4,29268.498,15653.502,6.43270021,Low Risk
499,17280,94506,7,TRUE,83,14,37,1,3,101.1,1.4,28355.5,18023.04,34524.46,14.18759209,Low Risk
500,77565,38671,5,FALSE,24,22,79,1,1,34.7,1,11603.8,38394.675,50774.125,20.86528143,Low Risk
501,30955,62414,1,FALSE,57,43,18,3,2,26.9,2.8,18724.7,60238.43,45160.27,18.55830589,Low Risk
502,12229,85431,3,TRUE,85,59,60,3,2,132.5,2.8,25631,13867.686,46004.514,18.90524222,Low Risk
503,39623,8482,2,FALSE,99,22,41,0,2,23.3,0.4,2545.6,10856.702,7538.098,3.097730117,Low Risk
504,69225,29248,0,TRUE,78,51,38,1,2,114.9,1.2,8774.6,46103.85,45740.75,18.7968502,Low Risk
505,66871,20219,5,FALSE,64,44,44,1,2,35.2,1.2,6068.2,44937.312,41376.088,17.00322202,Low Risk
506,36262,97665,9,FALSE,37,60,9,0,2,32.7,0.4,29304,9500.644,34308.156,14.09870343,Low Risk
507,74109,730,2,TRUE,69,89,64,0,0,132.7,0,220.2,0,220.2,0.090489693,Low Risk
508,35034,59112,1,TRUE,33,5,90,3,3,62.5,3,17734.3,55178.55,67657.75,27.80349232,Moderate Risk
509,910,46438,4,TRUE,34,15,57,2,2,58.6,2,13933.6,1164.8,14588.8,5.995168163,Low Risk
510,67999,60256,3,TRUE,31,46,25,3,2,61.5,2.8,18078.5,122806.194,85669.506,35.20530098,Moderate Risk
511,78734,1419,7,FALSE,97,21,65,3,2,30,2.8,429.2,125659.464,95224.936,39.13203996,Moderate Risk
512,71705,47121,4,TRUE,92,57,12,3,1,124.1,2.6,14138.5,122113.615,78457.885,32.24173436,Moderate Risk
513,80515,77929,3,TRUE,70,73,66,1,0,126.3,0.8,23380.4,19645.66,68146.74,28.00443944,Moderate Risk
514,31197,56805,2,FALSE,39,10,84,1,3,30.2,1.4,17042.5,23148.174,37570.126,15.43918782,Low Risk
515,51060,13255,7,TRUE,26,86,54,0,2,85.2,0.4,3980.2,6127.2,18277,7.510808875,Low Risk
516,56571,65485,3,FALSE,55,47,85,2,2,49,2,19647,38468.28,94320.72,38.76045855,Moderate Risk
517,57681,34595,3,TRUE,58,82,28,3,2,107.4,2.8,10380.2,72678.06,99208.94,40.76923932,Moderate Risk
518,76382,81591,3,TRUE,7,71,75,2,0,65,1.6,24479,32997.024,113693.176,46.72143761,Moderate Risk
519,207,54523,0,TRUE,35,13,98,1,0,70.9,0.8,16357.1,73.692,16449.008,6.759607992,Low Risk
520,64312,48600,5,FALSE,21,73,96,2,3,65.3,2.2,14582.5,21930.392,134138.508,55.12330778,Moderate Risk
521,4247,40456,4,TRUE,58,38,64,0,0,96.2,0,12139,0,12139,4.98843951,Low Risk
522,46806,40118,3,TRUE,70,65,6,1,1,104.3,1,12037.1,30189.87,28653.23,11.77485004,Low Risk
523,54640,45030,9,FALSE,32,91,62,0,2,64.1,0.4,13513.5,5136.16,30233.34,12.4241855,Low Risk
524,4035,75706,8,FALSE,42,77,95,0,1,67,0.2,22715.8,112.98,23409.82,9.620106353,Low Risk
525,2250,50946,7,FALSE,29,62,87,0,2,57.1,0.4,15287.3,229.5,15957.8,6.557749404,Low Risk
526,65104,43721,6,FALSE,39,28,43,3,1,26.9,2.6,13119.3,109179.408,73210.292,30.0852717,Moderate Risk
527,48719,55070,3,FALSE,24,39,8,1,3,21.9,1.4,16522.5,52178.049,32551.051,13.37663308,Low Risk
528,59005,29832,6,FALSE,72,57,20,2,2,34.5,2,8952.6,72576.15,54386.45,22.34974182,Low Risk
529,33182,29023,1,FALSE,12,26,28,3,1,21.4,2.6,8707.4,62979.436,32001.164,13.15066075,Low Risk
530,38166,67976,0,TRUE,99,91,52,1,0,160.1,0.8,20393,8701.848,42223.952,17.35164597,Low Risk
531,47093,73575,7,TRUE,16,76,82,1,3,78.6,1.4,22076.2,13845.342,74161.058,30.47598252,Moderate Risk
532,53697,55200,3,FALSE,82,67,24,0,1,40.7,0.2,16561.5,5852.973,21447.927,8.813879764,Low Risk
533,88317,33299,2,FALSE,42,56,16,0,3,32.8,0.6,9990.7,33913.728,29067.172,11.94495669,Low Risk
534,78726,68632,1,FALSE,16,99,87,3,0,75.6,2.4,20590.1,13225.968,196306.532,80.67083453,High Risk
535,89745,40162,10,TRUE,71,75,5,3,0,110,2.4,12053.8,129232.8,98209,40.35832077,Moderate Risk
536,44651,93585,5,FALSE,57,38,0,2,3,19,2.2,28078,79568.082,46742.118,19.20835557,Low Risk
537,64016,99223,1,TRUE,8,97,19,0,2,62.2,0.4,29767.6,10754.688,44619.312,18.33600288,Low Risk
538,68337,80070,3,TRUE,50,96,9,2,2,100.7,2,24022.7,64920.15,95776.55,39.35872199,Moderate Risk
539,39545,57853,1,TRUE,55,31,91,1,0,97.8,0.8,17356.6,12338.04,36654.56,15.0629422,Low Risk
540,19518,55249,7,FALSE,36,69,0,3,3,34.5,3,16578.2,38352.87,36779.33,15.11421558,Low Risk
541,49040,94641,8,TRUE,58,3,40,0,1,71.5,0.2,28396.5,7699.28,30505.22,12.53591274,Low Risk
542,40296,40733,1,TRUE,86,54,17,0,0,118.1,0,12220.6,0,12220.6,5.021972475,Low Risk
543,9496,41666,0,FALSE,64,75,39,1,1,49.2,1,12499.8,4083.28,17912.52,7.361028297,Low Risk
544,37036,96894,5,TRUE,34,96,66,3,1,101.8,2.6,29070.9,18295.784,107068.716,43.99916082,Moderate Risk
545,85102,74628,2,FALSE,54,29,4,0,3,15.7,0.6,22389.4,42636.102,30814.498,12.66300843,Low Risk
546,53595,74503,1,TRUE,72,58,88,0,0,127.4,0,22351.6,0,22351.6,9.185238039,Low Risk
547,34357,36103,3,FALSE,73,63,3,3,3,32.4,3,10832.4,69057.57,44845.83,18.42908891,Low Risk
548,32273,13757,0,TRUE,69,98,45,1,0,131.5,0.8,4127.3,7358.244,22587.456,9.282161459,Low Risk
549,15221,64320,4,FALSE,77,11,0,0,1,5.5,0.2,19298,2876.769,19465.431,7.999186513,Low Risk
550,58918,74581,10,TRUE,43,0,65,3,2,62.5,2.8,22379.5,111355.02,75994.88,31.22957921,Moderate Risk
551,58255,17580,6,TRUE,57,5,21,3,1,65.8,2.6,5277.2,131772.81,24967.39,10.26017915,Low Risk
552,87416,70121,2,TRUE,48,81,29,0,1,97.2,0.2,21037.5,7867.44,30653.26,12.59674877,Low Risk
553,99064,36663,9,TRUE,71,70,3,2,3,106.9,2.2,11003.6,138392.408,90551.992,37.2117254,Moderate Risk
554,67695,12670,0,TRUE,10,81,93,1,2,78.4,1.2,3801.2,10560.42,74474.78,30.60490445,Moderate Risk
555,46258,84881,7,FALSE,8,2,71,3,1,22.3,2.6,25467.8,76371.958,69366.642,28.50574987,Moderate Risk
556,95680,52293,5,FALSE,23,70,27,0,0,43.1,0,15690.4,0,15690.4,6.447863192,Low Risk
557,34461,11749,9,FALSE,72,81,28,3,3,48.9,3,3529.2,47039.265,59872.935,24.60437553,Low Risk
558,15003,16816,0,TRUE,84,91,79,1,0,153.2,0.8,5045,1800.36,15247.04,6.265667415,Low Risk
559,45505,21588,6,TRUE,30,19,30,2,3,48.5,2.2,6479.6,75583.805,31006.795,12.74203157,Low Risk
560,24450,74433,0,TRUE,65,38,55,0,1,100.5,0.2,22330.1,2616.15,24603.95,10.11082596,Low Risk
561,5569,42455,8,FALSE,58,48,16,1,3,28.8,1.4,12740.5,5301.688,15235.412,6.260888967,Low Risk
562,43568,75854,3,TRUE,30,65,10,3,2,65.5,2.8,22757.9,76244,68504.3,28.15137629,Moderate Risk
563,54385,68591,6,FALSE,48,0,85,2,2,25.5,2,20580.3,62542.75,66807.55,27.45410841,Moderate Risk
564,59466,54605,8,TRUE,9,64,99,0,2,70.7,0.4,16385.7,4400.484,35771.616,14.70010236,Low Risk
565,34755,36964,3,FALSE,44,58,60,1,0,47,0.8,11090.7,11399.64,27495.06,11.29890795,Low Risk
566,13442,48987,0,TRUE,76,61,95,3,1,135,2.6,14696.3,7688.824,41956.676,17.24181072,Low Risk
567,65456,32934,5,FALSE,85,74,23,2,2,43.9,2,9882.7,67419.68,73375.02,30.15296555,Moderate Risk
568,6030,36477,10,TRUE,27,77,1,2,0,65.8,1.6,10948.3,5885.28,14711.02,6.045393641,Low Risk
569,41604,74016,7,TRUE,82,93,78,2,3,151.9,2.2,22208.5,13271.676,100465.624,41.28566506,Moderate Risk
570,51675,14551,4,TRUE,39,40,67,3,0,79.1,2.4,4367.5,57669.3,70718.2,29.06116344,Moderate Risk
571,87148,84219,9,TRUE,27,40,14,2,2,51.2,2,25270.4,127236.08,72330.32,29.72365319,Moderate Risk
572,84401,94220,8,TRUE,79,18,90,2,1,115,1.8,28270.2,69884.028,110307.972,45.33031105,Moderate Risk
573,72442,83827,1,TRUE,35,55,82,2,0,87.1,1.6,25148.8,36510.768,104545.232,42.96215223,Moderate Risk
574,2081,38790,3,TRUE,54,82,42,0,1,107.6,0.2,11638.7,158.156,11896.744,4.888886054,Low Risk
575,67605,12022,5,FALSE,90,27,36,2,2,24.3,2,3609.1,92618.85,46200.25,18.9856786,Low Risk
576,94074,42063,8,TRUE,76,50,5,2,1,102.5,1.8,12623.1,122766.57,59189.73,24.32361708,Low Risk
577,63010,85546,5,TRUE,23,43,34,3,0,54.7,2.4,25666.5,93002.76,83887.74,34.47309635,Moderate Risk
578,41086,83205,3,FALSE,22,61,81,3,1,54.8,2.6,24963,30978.844,100807.756,41.42626188,Moderate Risk
579,51609,97166,7,FALSE,6,48,24,0,2,31.2,0.4,29153.3,13211.904,36584.996,15.03435534,Low Risk
580,10760,97748,7,FALSE,1,42,79,3,3,44.7,3,29327.9,12750.6,48857.3,20.07757523,Low Risk
581,85458,43415,7,TRUE,75,51,96,3,3,129.3,3,13028.2,67939.11,201463.09,82.78988698,High Risk
582,58089,81609,5,FALSE,60,27,36,0,2,24.3,0.4,24485.2,15916.386,31804.414,13.06980768,Low Risk
583,52591,282,7,FALSE,57,83,79,2,3,65.2,2.2,88.1,21983.038,93805.262,38.54863459,Moderate Risk
584,50818,65293,10,TRUE,52,73,66,1,1,108.3,1,19593.1,15499.49,54911.61,22.56555276,Low Risk
585,67600,41764,10,FALSE,96,61,8,2,1,32.9,1.8,12534.2,79700.4,54513.8,22.40207544,Low Risk
586,23584,18918,7,FALSE,52,91,90,2,3,72.5,2.2,5678.9,4929.056,52634.644,21.62984906,Low Risk
587,47394,90730,9,TRUE,93,27,0,3,2,106.5,2.8,27223.7,114788.268,45138.632,18.5494139,Low Risk
588,88059,54541,3,TRUE,44,25,28,2,3,64.9,2.2,16364,142391.403,67702.397,27.8218397,Moderate Risk
589,85518,6462,4,FALSE,62,63,52,2,3,47.1,2.2,1940.6,79959.33,110120.87,45.25342275,Moderate Risk
590,48590,21124,3,TRUE,67,41,21,2,3,93.8,2.2,6338.9,73759.62,39477.28,16.22291979,Low Risk
591,41287,35586,4,TRUE,75,85,35,1,1,128,1,10678,16514.8,35450.2,14.56801864,Low Risk
592,86069,48396,6,TRUE,28,45,69,0,2,71.2,0.4,14522,14803.868,34145.732,14.03195639,Low Risk
593,84487,44947,5,FALSE,25,9,55,0,1,21,0.2,13486.6,11490.232,18893.768,7.76426549,Low Risk
594,72837,72378,3,FALSE,13,48,12,2,0,27.6,1.6,21714.9,81577.44,56676.66,23.29088805,Low Risk
595,58966,30923,4,FALSE,17,51,91,2,2,52.8,2,9278.9,34200.28,93010.62,38.22208186,Moderate Risk
596,50693,41562,3,FALSE,56,36,96,3,1,46.8,2.6,12470.1,44812.612,99459.288,40.87211813,Moderate Risk
597,75773,37841,3,TRUE,55,4,55,0,1,73.5,0.2,11354,10683.993,15824.607,6.503014646,Low Risk
598,9428,62478,5,TRUE,88,98,41,1,3,149.3,1.4,18746.1,4025.756,27919.544,11.47334677,Low Risk
599,72339,39456,1,TRUE,9,25,33,3,1,31.4,2.6,11837.5,133537.794,66381.106,27.27886415,Moderate Risk
600,78521,4459,5,TRUE,96,10,70,0,3,122,0.6,1340.4,28267.56,20185.44,8.295069316,Low Risk
601,51193,23115,7,TRUE,35,25,86,2,3,73.3,2.2,6938.2,50117.947,69444.853,28.53789015,Moderate Risk
602,77097,84971,3,TRUE,62,25,92,3,3,102.1,3,25493,95985.765,160798.235,66.07894132,High Risk
603,82694,66895,2,FALSE,50,95,6,1,1,49.3,1,20069.5,40933.53,61829.97,25.40860576,Moderate Risk
604,61210,45463,9,FALSE,71,60,38,3,0,41.4,2.4,13643.4,74921.04,85626.36,35.18757042,Moderate Risk
605,79102,78153,9,FALSE,51,87,68,3,0,63.9,2.4,23450.4,42715.08,170580.12,70.09874045,High Risk
606,11220,86065,4,FALSE,70,11,82,3,0,30.1,2.4,25821.5,14406.48,38343.02,15.75680335,Low Risk
607,8004,80390,5,FALSE,91,3,97,0,1,30.6,0.2,24119.5,800.4,24919.9,10.24066346,Low Risk
608,93733,33140,6,TRUE,43,68,80,3,3,101,3,9945.2,73111.74,218032.46,89.59895691,Very High Risk
609,70091,59752,9,TRUE,31,70,68,3,1,86.4,2.6,17930.3,56493.346,143673.554,59.0416701,Moderate Risk
610,60038,34128,2,TRUE,6,39,31,2,0,34.8,1.6,10239.6,62439.52,43860.88,18.0243304,Low Risk
611,83457,93389,6,TRUE,88,13,88,2,3,120.9,2.2,28019.9,90884.673,120740.627,49.61753968,Moderate Risk
612,47564,32147,8,TRUE,76,11,37,3,1,92.6,2.6,9648.3,93986.464,39328.236,16.16167117,Low Risk
613,18558,91692,10,TRUE,70,49,83,1,3,119.4,1.4,27512.8,8833.608,44660.392,18.35288442,Low Risk
614,77770,42302,10,TRUE,54,23,77,3,2,88.6,2.8,12695.8,108878,121573.8,49.95992646,Moderate Risk
615,59478,64356,7,FALSE,45,14,47,0,3,21.1,0.6,19310.3,24802.326,30194.774,12.40833706,Low Risk
616,70516,7588,5,TRUE,23,58,79,0,3,75.7,0.6,2279.1,13327.524,31261.176,12.84656772,Low Risk
617,51335,9384,3,TRUE,1,29,61,2,3,33.8,2.2,2816.9,62115.35,53638.55,22.0423974,Low Risk
618,96125,96817,8,FALSE,11,78,90,2,3,66,2.2,29049.1,33836,206688.1,84.93706931,High Risk
619,37464,82493,3,FALSE,63,90,53,0,2,60.9,0.4,24749.4,4270.896,35464.104,14.5737324,Low Risk
620,7035,45180,5,FALSE,34,18,29,1,0,17.7,0.8,13556.5,4305.42,14879.08,6.114456755,Low Risk
621,3023,56859,6,TRUE,18,10,4,1,0,24.2,0.8,17060.9,2249.112,17230.188,7.080628601,Low Risk
622,46616,40047,2,FALSE,33,10,81,2,1,29.3,1.8,12015.1,45730.296,50193.604,20.62672027,Low Risk
623,90330,33733,6,TRUE,53,9,9,3,2,60.2,2.8,10123.1,230160.84,32886.26,13.51438494,Low Risk
624,62015,84671,4,TRUE,71,65,78,0,3,126.9,0.6,25403.5,10604.565,52007.935,21.37230726,Low Risk
625,9867,39401,5,FALSE,51,88,32,3,3,53.6,3,11822.8,11840.4,29583.4,12.15709708,Low Risk
626,77793,98724,5,FALSE,58,83,11,0,2,44.8,0.4,29619.7,16492.116,44244.784,18.18209314,Low Risk
627,49936,86418,10,FALSE,52,48,36,3,0,34.8,2.4,25930.4,69510.912,76265.888,31.3409481,Moderate Risk
628,83030,74757,0,TRUE,19,34,88,3,2,62.4,2.8,22427.3,90668.76,164242.54,67.49435504,High Risk
629,34577,90261,8,TRUE,73,51,90,0,3,125.5,0.6,27082.5,6120.129,41708.571,17.13985365,Low Risk
630,81427,11936,9,FALSE,76,21,98,1,2,39.9,1.2,3585.3,39573.522,61724.178,25.36513125,Moderate Risk
631,39437,61509,7,FALSE,36,11,88,2,1,31.9,1.8,18456.2,35848.233,53594.567,22.02432289,Low Risk
632,28838,89538,4,FALSE,96,6,94,1,1,31.2,1,26863.4,14419,41282.4,16.96472158,Low Risk
633,88801,70055,6,FALSE,98,4,56,2,0,18.8,1.6,21019.5,99457.12,63643.98,26.15406083,Moderate Risk
634,699,3359,0,TRUE,20,92,10,1,1,69,1,1007.9,342.51,1364.39,0.560686793,Low Risk
635,35201,24636,9,TRUE,83,89,67,0,2,147.6,0.4,7395.5,3097.688,18378.212,7.552401258,Low Risk
636,44424,87552,10,TRUE,96,97,39,3,0,156.2,2.4,26270.8,34117.632,98770.768,40.58917551,Moderate Risk
637,89884,52511,1,FALSE,64,88,84,3,1,69.2,2.6,15753.8,32717.776,216734.424,89.06553785,Very High Risk
638,4051,66651,9,FALSE,48,82,83,2,3,65.9,2.2,19999.8,1559.635,27352.365,11.24026841,Low Risk
639,62559,38981,6,FALSE,91,99,8,2,0,51.9,1.6,11697.3,46543.896,65247.804,26.8131414,Moderate Risk
640,84222,18052,4,FALSE,38,85,86,3,0,68.3,2.4,5417.6,29309.256,178241.144,73.24698617,High Risk
641,45303,35236,10,TRUE,50,77,73,2,1,110.4,1.8,10576,20386.35,71735.05,29.47903103,Moderate Risk
642,31851,78763,10,FALSE,88,45,56,2,3,39.3,2.2,23633.9,34685.739,59020.361,24.25401604,Low Risk
643,72225,98274,4,TRUE,68,42,71,1,0,110.3,0.8,29484.4,25134.3,62130.1,25.53194214,Moderate Risk
644,43247,21172,10,TRUE,11,15,96,1,0,47.3,0.8,6356.8,15395.932,25558.468,10.50307864,Low Risk
645,31752,41006,9,TRUE,65,47,49,1,3,103.2,1.4,12306.5,23115.456,33643.844,13.82570893,Low Risk
646,20249,4281,8,FALSE,23,78,44,0,3,52.2,0.6,1288.3,4738.266,8699.434,3.57497325,Low Risk
647,4005,221,6,TRUE,21,61,18,2,0,56.9,1.6,69.5,3876.84,2600.66,1.068723544,Low Risk
648,65488,41509,0,TRUE,25,11,89,1,1,57.2,1,12452.9,32744,45196.9,18.57335874,Low Risk
649,59825,4954,9,FALSE,37,8,29,1,3,12.7,1.4,1490.7,68260.325,16985.375,6.980024363,Low Risk
650,42403,3428,6,TRUE,58,74,42,2,0,107.6,1.6,1031.6,28494.816,40381.584,16.59453737,Low Risk
651,96478,19803,3,FALSE,14,71,87,2,0,61.6,1.6,5942.4,32416.608,127890.592,52.55576918,Moderate Risk
652,17231,62908,3,FALSE,30,64,63,3,0,50.9,2.4,18873.9,15094.356,45133.944,18.5474874,Low Risk
653,7610,78545,3,TRUE,71,38,0,3,2,90,2.8,23565.2,17259.48,27613.72,11.34767047,Low Risk
654,42485,14632,10,FALSE,8,25,60,2,3,30.5,2.2,4394.6,53743.525,44118.075,18.13002294,Low Risk
655,6009,23715,10,FALSE,0,98,96,2,3,77.8,2.2,7119.5,396.594,19942.706,8.195319429,Low Risk
656,56653,36639,2,FALSE,54,56,66,1,1,47.8,1,10992.7,22094.67,45551.03,18.71888605,Low Risk
657,20643,60994,1,TRUE,53,75,34,3,3,100.7,3,18298.9,28177.695,52050.205,21.38967783,Low Risk
658,26004,78655,4,TRUE,31,70,15,0,0,70.5,0,23598.7,0,23598.7,9.697725304,Low Risk
659,50067,57386,4,FALSE,70,2,78,3,1,24.4,2.6,17217.8,78104.52,69287.48,28.47321878,Moderate Risk
660,26150,19173,10,TRUE,48,18,34,1,1,67.2,1,5757.1,19351,12556.1,5.159843919,Low Risk
661,7684,11731,3,TRUE,63,8,17,3,1,72.1,2.6,3521,17481.1,6018.3,2.473179463,Low Risk
662,46665,68044,9,FALSE,42,49,70,1,1,45.5,1,20417.7,18899.325,48183.375,19.80063033,Low Risk
663,47924,43811,5,TRUE,94,32,28,3,0,118.4,2.4,13146,80512.32,47651.28,19.58196951,Low Risk
664,68184,17921,7,TRUE,9,8,44,3,1,26.2,2.6,5380,131186.016,51472.384,21.15222622,Low Risk
665,47174,47176,9,FALSE,57,25,34,0,0,22.7,0,14157.3,0,14157.3,5.817846172,Low Risk
666,6926,22485,0,TRUE,67,57,50,3,3,110.5,3,6745.7,9661.77,17861.93,7.34023868,Low Risk
667,65715,92448,2,FALSE,13,84,38,1,0,53.4,0.8,27735.4,20503.08,59804.32,24.57617866,Low Risk
668,3829,30562,3,FALSE,41,68,73,2,3,55.9,2.2,9170.1,2485.021,15108.879,6.208891091,Low Risk
669,89552,19343,1,FALSE,41,60,20,3,0,36,2.4,5803.4,128954.88,91773.32,37.71362184,Moderate Risk
670,52314,13554,3,FALSE,35,89,1,3,1,44.8,2.6,4067.7,74809.02,65275.08,26.82435028,Moderate Risk
671,38527,55301,6,FALSE,44,31,41,0,3,27.8,0.6,16593.3,14794.368,24915.132,10.23870408,Low Risk
672,42340,56852,10,TRUE,89,47,56,1,0,129.3,0.8,17060.8,16427.92,34504.88,14.17954582,Low Risk
673,2712,70243,3,FALSE,74,78,95,2,0,67.5,1.6,21074.4,585.792,24827.808,10.20281888,Low Risk
674,65624,97968,5,FALSE,35,48,9,3,0,26.7,2.4,29392.9,112610.784,74279.716,30.52474422,Moderate Risk
675,6649,53408,3,FALSE,11,12,10,1,2,9,1.2,16023.9,7101.132,16901.568,6.945584447,Low Risk
676,1777,19277,9,TRUE,26,13,86,1,0,58.3,0.8,5787.8,717.908,6491.492,2.667634498,Low Risk
677,96690,56032,9,FALSE,32,37,42,3,1,31.1,2.6,16814.1,152093.37,116114.73,47.71655877,Moderate Risk
678,88002,66800,6,TRUE,90,1,71,0,2,111.8,0.4,20043.2,22528.512,32715.488,13.44420734,Low Risk
679,7617,91205,3,TRUE,41,62,37,2,0,83.1,1.6,27363.2,6154.536,33395.864,13.72380323,Low Risk
680,58009,82556,0,TRUE,69,2,90,3,0,97,2.4,24767,75179.664,88808.936,36.49542839,Moderate Risk
681,5670,20231,5,FALSE,8,98,73,0,1,70.9,0.2,6071.8,164.43,7041.37,2.893603123,Low Risk
682,52032,50260,5,FALSE,75,15,51,1,3,22.8,1.4,15080.5,48806.016,39119.284,16.07580377,Low Risk
683,75655,78119,8,FALSE,40,12,54,1,1,22.2,1,23439.7,50688.85,48405.85,19.89205492,Low Risk
684,42601,31605,7,TRUE,72,13,88,2,1,104.9,1.8,9485.2,37957.491,48209.509,19.81136992,Low Risk
685,78284,15125,6,FALSE,77,9,61,0,0,22.8,0,4540.5,0,4540.5,1.865887602,Low Risk
686,49762,24973,9,TRUE,84,50,2,2,0,109.6,1.6,7496.6,58918.208,28197.592,11.5876087,Low Risk
687,4152,38972,2,FALSE,82,52,51,2,1,41.3,1.8,11692.6,3624.696,15541.504,6.386675394,Low Risk
688,49460,18393,3,TRUE,44,32,13,0,0,63.9,0,5519.6,0,5519.6,2.268242089,Low Risk
689,30207,23093,6,TRUE,52,3,25,0,2,61,0.4,6931.1,10391.208,8622.692,3.543436647,Low Risk
690,87570,91870,8,FALSE,68,12,61,1,2,24.3,1.2,27565,66728.34,65920.66,27.089647,Moderate Risk
691,8025,95722,0,TRUE,11,72,49,0,1,61.7,0.2,28716.8,633.975,29687.825,12.20000982,Low Risk
692,14272,68050,8,TRUE,33,9,42,2,2,50.1,2,20419.2,21265.28,27697.92,11.38227189,Low Risk
693,75751,77243,2,TRUE,95,91,4,1,0,141.7,0.8,23174.1,31815.42,51959.48,21.352395,Low Risk
694,68773,83445,9,TRUE,16,70,93,0,0,78.9,0,25038.2,0,25038.2,10.28927804,Low Risk
695,30441,19849,2,FALSE,34,90,96,0,1,73.8,0.2,5955.7,426.174,11617.726,4.774225504,Low Risk
696,89782,478,4,TRUE,79,46,52,2,3,117.6,2.2,145.6,100735.404,96930.596,39.83296934,Moderate Risk
697,27901,56690,7,FALSE,13,13,100,2,1,36.5,1.8,17010.5,21846.483,45385.817,18.65099289,Low Risk
698,46345,19409,5,TRUE,74,66,86,3,0,132.8,2.4,5825.4,26694.72,90358.68,37.13228515,Moderate Risk
699,89079,49081,4,TRUE,39,39,25,3,2,66,2.8,14726.5,169606.416,94541.284,38.85109782,Moderate Risk
700,86530,25769,2,FALSE,95,6,2,2,0,3.6,1.6,7731.7,132910.08,13269.62,5.453060112,Low Risk
701,25148,52621,0,TRUE,7,91,80,2,1,76.5,1.8,15786.5,6563.628,54489.272,22.39199583,Low Risk
702,23512,45809,5,TRUE,38,32,66,0,1,73.8,0.2,13745.4,2398.224,16049.576,6.595464127,Low Risk
703,36460,18426,2,FALSE,48,53,39,3,1,38.2,2.6,5528.8,51189.84,49134.96,20.19167772,Low Risk
704,1167,14951,9,FALSE,23,31,77,0,0,38.6,0,4489.8,0,4489.8,1.845052781,Low Risk
705,64123,6464,8,TRUE,68,78,80,0,1,131,0.2,1943.4,2693.166,12074.834,4.962070929,Low Risk
706,37653,80211,1,FALSE,100,100,19,1,0,55.7,0.8,24063.8,12199.572,41986.628,17.25411929,Low Risk
707,55097,35759,5,TRUE,7,36,80,1,1,49,1,10730.4,23140.74,42686.66,17.54179268,Low Risk
708,81767,8783,4,FALSE,42,31,54,0,0,31.7,0,2636.9,0,2636.9,1.083616125,Low Risk
709,64004,15221,9,FALSE,84,50,87,3,0,51.1,2.4,4570.8,48387.024,109793.376,45.11884132,Moderate Risk
710,31770,13803,5,FALSE,72,47,63,3,3,42.4,3,4143.4,42889.5,56563.9,23.2445501,Low Risk
711,48056,2676,4,TRUE,98,2,85,1,2,124.5,1.2,805,32581.968,25890.232,10.6394148,Low Risk
712,99580,60682,8,FALSE,51,41,75,3,2,43,2.8,18208.6,117106.08,179926.52,73.93957997,High Risk
713,64707,73433,7,FALSE,82,86,77,1,0,66.1,0.8,22033.4,9576.636,64222.364,26.3917438,Moderate Risk
714,24835,12786,6,FALSE,100,70,41,1,1,47.3,1,3838.8,11051.575,17622.225,7.241733541,Low Risk
715,14465,35351,7,TRUE,67,58,80,3,0,120,2.4,10609,10761.96,34563.04,14.20344627,Low Risk
716,39672,80754,2,FALSE,88,30,53,3,1,30.9,2.6,24227.2,60341.112,67033.288,27.54687391,Moderate Risk
717,28261,76176,3,FALSE,6,8,94,1,0,32.2,0.8,22854.3,11078.312,34384.788,14.13019483,Low Risk
718,84471,70109,3,TRUE,17,31,100,1,1,62.5,1,21034.4,29142.495,76362.905,31.38081658,Moderate Risk
719,74352,40716,3,TRUE,53,26,63,3,1,84.9,2.6,12216.5,107289.936,98241.764,40.37178492,Moderate Risk
720,6707,48599,3,FALSE,88,83,67,2,0,61.6,1.6,14581.2,2682.8,22629.6,9.299480249,Low Risk
721,76795,36040,3,TRUE,34,15,43,1,0,54.4,0.8,10813.7,43619.56,28630.14,11.76536136,Low Risk
722,49895,69832,8,FALSE,96,49,24,0,2,31.7,0.4,20953.6,12673.33,28238.27,11.60432505,Low Risk
723,73976,97742,8,FALSE,82,28,15,3,3,18.5,3,29326.6,174213.48,77041.12,31.65952442,Moderate Risk
724,2553,99834,0,TRUE,22,69,48,0,3,70.9,0.6,29950.4,635.697,30846.503,12.67616067,Low Risk
725,32120,91773,10,TRUE,89,44,53,1,2,126.9,1.2,27537.1,19850.16,46230.94,18.99829044,Low Risk
726,99631,89055,2,FALSE,8,71,71,3,2,56.8,2.8,26717.5,80900.372,224783.928,92.37342678,Very High Risk
727,64653,56072,6,TRUE,58,8,27,2,0,70.1,1.6,16824.8,85341.96,34927.64,14.35327617,Low Risk
728,21810,82052,8,FALSE,79,16,69,1,1,28.7,1,24619.6,12540.75,33888.85,13.92639248,Low Risk
729,85380,64636,10,FALSE,97,95,73,0,0,69.4,0,19395.8,0,19395.8,7.970572127,Low Risk
730,98243,84697,10,TRUE,24,29,6,1,1,40.3,1,25414.3,81050.475,42606.825,17.50898503,Low Risk
731,91480,75792,7,FALSE,19,31,87,1,2,41.6,1.2,22741.1,45008.16,87508.94,35.96120387,Moderate Risk
732,90083,4464,7,FALSE,54,51,39,2,2,37.2,2,1342.7,99091.3,82417.4,33.86887013,Moderate Risk
733,34013,80988,1,TRUE,86,4,4,3,0,89.2,2.4,24297.1,78365.952,27562.348,11.3265595,Low Risk
734,57844,57770,10,TRUE,18,46,74,2,1,63.2,1.8,17336.2,41647.68,79807.72,32.79643988,Moderate Risk
735,76427,72354,5,FALSE,69,8,8,0,0,6.4,0,21708.7,0,21708.7,8.921042656,Low Risk
736,37914,21394,7,FALSE,72,35,13,3,3,21.4,3,6421.7,86443.92,33719.78,13.85691431,Low Risk
737,13782,90936,2,TRUE,14,71,57,1,0,66.6,0.8,27282,3969.216,34338.384,14.11112542,Low Risk
738,62385,8094,2,TRUE,37,71,79,2,0,96.2,1.6,2429.4,24954,77291.4,31.76237528,Moderate Risk
739,68383,13724,7,FALSE,84,7,4,1,0,4.7,0.8,4120.7,51697.548,7129.552,2.929840917,Low Risk
740,1784,2689,2,TRUE,75,79,92,0,3,142.1,0.6,807.9,155.208,1723.092,0.708092941,Low Risk
741,91418,83595,7,TRUE,71,94,96,2,3,146.8,2.2,25082.2,10055.98,216145.82,88.82365503,Very High Risk
742,22135,47512,2,FALSE,51,71,94,0,1,63.7,0.2,14254.6,774.725,17906.875,7.358708523,Low Risk
743,23282,37802,0,FALSE,20,62,20,1,3,37,1.4,11340.6,19230.932,24704.468,10.15213315,Low Risk
744,57357,12366,2,FALSE,83,19,13,2,0,13.4,1.6,3710.8,77087.808,18394.192,7.55896813,Low Risk
745,83630,27152,2,FALSE,59,82,43,2,2,53.9,2,8146.6,62722.5,112684.1,46.30676469,Moderate Risk
746,19056,33069,5,TRUE,61,59,63,3,3,109.4,3,9923.4,22295.52,44795.88,18.40856229,Low Risk
747,25036,17064,2,TRUE,16,98,23,2,1,71.9,1.8,5120.4,17800.596,32384.604,13.30823281,Low Risk
748,41320,98469,6,TRUE,47,40,87,1,0,93.1,0.8,29543.9,12065.44,50534.46,20.76679273,Low Risk
749,36230,33411,4,TRUE,62,50,54,3,0,103.2,2.4,10025.5,41736.96,55240.54,22.7007243,Low Risk
750,72851,62626,8,FALSE,63,63,47,1,2,45.6,1.2,18791.8,39339.54,66873.46,27.48119368,Moderate Risk
751,86216,82443,10,FALSE,27,11,30,0,0,14.5,0,24737.9,0,24737.9,10.1658718,Low Risk
752,2108,87076,4,TRUE,79,42,52,0,1,115.6,0.2,26125,223.448,26323.152,10.81732033,Low Risk
753,8287,72888,2,FALSE,38,1,32,3,1,10.1,2.6,21867.4,17991.077,25422.523,10.44721297,Low Risk
754,54218,29199,6,FALSE,0,53,30,2,0,35.5,1.6,8762.7,50748.048,44763.452,18.39523623,Low Risk
755,62629,10663,4,TRUE,36,68,62,0,2,88.6,0.4,3201.1,8768.06,19484.64,8.007080321,Low Risk
756,76938,76015,5,FALSE,51,86,66,3,2,62.8,2.8,22807,51702.336,186531.064,76.65367242,High Risk
757,96080,73344,6,TRUE,8,6,81,0,3,35.3,0.6,22006.4,32571.12,47083.28,19.34855377,Low Risk
758,26831,51109,10,TRUE,33,3,37,2,1,45.6,1.8,15337.9,38636.64,24997.06,10.27237184,Low Risk
759,13151,56259,7,FALSE,53,10,33,2,3,14.9,2.2,16881.2,22711.777,23101.623,9.493454891,Low Risk
760,4790,94766,5,FALSE,0,67,3,2,0,34.4,1.6,28432.3,4981.6,31114.7,12.7863744,Low Risk
761,1039,59433,0,TRUE,55,25,38,0,3,78.9,0.6,17830.1,427.029,18026.471,7.407855686,Low Risk
762,34631,22305,8,TRUE,47,15,100,1,1,84.5,1,6695.7,14718.175,26608.525,10.93459242,Low Risk
763,77646,75826,6,FALSE,97,43,63,1,1,40.4,1,22750.8,36493.62,63903.18,26.26057731,Moderate Risk
764,37295,18730,8,TRUE,91,59,100,2,1,150.5,1.8,5623.2,13761.855,58992.345,24.24250306,Low Risk
765,46678,38451,2,FALSE,92,52,77,1,1,49.1,1,11536.3,16570.69,41643.61,17.11315837,Low Risk
766,9985,28055,0,FALSE,75,61,30,2,3,39.5,2.2,8416.5,11972.015,18411.485,7.566074571,Low Risk
767,48200,93735,1,FALSE,32,63,81,3,2,55.8,2.8,28121,37788.8,125292.2,51.48797766,Moderate Risk
768,76614,19601,0,FALSE,55,2,65,2,3,20.5,2.2,5880.3,112086.282,62344.818,25.62017904,Moderate Risk
769,96590,80684,10,FALSE,60,48,21,1,2,30.3,1.2,24210.2,75919.74,64198.46,26.38192062,Moderate Risk
770,73702,29718,7,TRUE,46,84,100,0,3,118,0.6,8919.1,3537.696,49602.604,20.38385284,Low Risk
771,6313,43754,0,TRUE,53,29,77,0,2,90.6,0.4,13126.4,1186.844,14464.756,5.944193124,Low Risk
772,49371,59639,3,TRUE,53,38,58,0,2,89.4,0.4,17893.4,10269.168,27372.632,11.248597,Low Risk
773,66221,78099,1,FALSE,93,57,34,3,2,38.7,2.8,23430.2,101053.246,107795.754,44.29793214,Moderate Risk
774,94136,13928,0,TRUE,81,55,57,1,1,125.6,1,4178.6,41419.84,56894.76,23.38051476,Low Risk
775,268,14052,10,TRUE,71,29,96,1,2,114.3,1.2,4220.8,120.6,4421.8,1.817108644,Low Risk
776,40149,93661,5,TRUE,44,61,6,1,0,76.3,0.8,28101,21359.268,38860.932,15.96963577,Low Risk
777,14478,70096,8,TRUE,57,96,30,1,3,114,1.4,21033,7499.604,33802.596,13.89094698,Low Risk
778,19690,71710,3,TRUE,15,72,81,3,3,75.3,3,21514.7,13881.45,66703.25,27.41124704,Moderate Risk
779,5825,6610,10,FALSE,43,48,48,1,2,38.4,1.2,1988,3634.8,5343.2,2.195751709,Low Risk
780,67520,25214,8,TRUE,27,53,28,0,0,61.9,0,7568.4,0,7568.4,3.110182518,Low Risk
781,59105,8502,8,TRUE,24,54,58,1,2,68.4,1.2,2554.8,31207.44,42273.36,17.37194985,Low Risk
782,28918,34840,9,FALSE,21,12,5,1,3,7.5,1.4,10456.5,37043.958,13897.742,5.711182577,Low Risk
783,66562,93468,3,FALSE,61,30,20,2,2,21,2,28041.9,99843,61322.9,25.20022879,Moderate Risk
784,22326,55266,8,TRUE,96,97,92,0,3,172.1,0.6,16584,736.758,29242.842,12.01714708,Low Risk
785,24423,60321,0,TRUE,65,88,61,3,0,127.3,2.4,18096.5,14946.876,61764.824,25.38183445,Moderate Risk
786,52016,36306,6,TRUE,54,81,60,1,0,112.5,0.8,10895,12275.776,40232.024,16.5330767,Low Risk
787,3398,28082,1,TRUE,90,28,71,3,3,125.3,3,8425.3,5147.97,13471.33,5.535951465,Low Risk
788,37883,4255,10,TRUE,45,5,90,3,1,74.5,2.6,1281.7,51710.295,48067.205,19.75289106,Low Risk
789,48245,65290,4,FALSE,89,37,64,1,2,37.7,1.2,19589,28657.53,48825.47,20.06449491,Low Risk
790,66935,5842,5,FALSE,64,83,70,0,1,62.5,0.2,1755.1,3145.945,11996.155,4.929738329,Low Risk
791,23849,32209,7,FALSE,88,34,55,2,3,33.5,2.2,9666.2,29119.629,33014.371,13.56703128,Low Risk
792,83740,38819,7,FALSE,58,68,14,2,2,38.2,2,11649.2,98813.2,80316,33.00531409,Moderate Risk
793,84061,65672,10,FALSE,15,64,74,0,1,54.2,0.2,19706.6,5211.782,31307.018,12.86540617,Low Risk
794,15112,44612,9,FALSE,76,34,76,2,3,39.8,2.2,13388.1,14960.88,31673.62,13.01605877,Low Risk
795,33509,15778,7,TRUE,87,69,39,2,3,133.2,2.2,4737.1,33911.108,44545.792,18.30579033,Low Risk
796,91167,4320,0,FALSE,41,26,59,1,2,30.7,1.2,1296,62905.23,47791.17,19.63945635,Low Risk
797,67262,43422,6,TRUE,7,32,97,0,0,52.1,0,13029.8,0,13029.8,5.354507713,Low Risk
798,26458,73728,5,FALSE,80,45,91,2,1,49.8,1.8,22120.9,15239.808,54505.492,22.39866132,Low Risk
799,36289,17986,7,TRUE,70,98,48,3,2,133.4,2.8,5399.5,27434.484,79574.216,32.700483,Moderate Risk
800,79147,57716,8,TRUE,78,91,77,0,3,146.6,0.6,17319,7598.112,57209.088,23.50968572,Low Risk
801,20425,14675,10,TRUE,43,79,81,3,3,106.8,3,4407.7,12255,53427.7,21.95575003,Low Risk
802,52736,73786,2,TRUE,30,69,22,2,1,71.1,1.8,22137,51734.016,65327.784,26.84600864,Moderate Risk
803,56658,67323,5,TRUE,30,46,68,0,1,73.4,0.2,20199.6,4872.588,26658.612,10.95517533,Low Risk
804,72029,94671,2,TRUE,68,51,26,1,1,101.3,1,28402.5,44297.835,56133.665,23.06774795,Low Risk
805,21346,17374,6,FALSE,3,81,21,3,3,46.8,3,5215.2,31378.62,37874.58,15.56430112,Low Risk
806,50972,91964,2,TRUE,96,76,35,2,0,144.5,1.6,27590.4,36292.064,72853.536,29.93866525,Moderate Risk
807,42242,51768,9,TRUE,52,73,56,3,0,105.3,2.4,15535.1,35990.184,80925.716,33.25587273,Moderate Risk
808,44769,31471,4,FALSE,47,55,55,0,1,44,0.2,9443.3,4029.21,14367.89,5.9043867,Low Risk
809,36729,54350,6,FALSE,89,23,37,0,2,22.6,0.4,16308,10284.12,20715.48,8.51288565,Low Risk
810,20109,61163,4,TRUE,3,42,58,2,1,41.4,1.8,18351.1,18098.1,36449.2,14.9785509,Low Risk
811,13027,29993,2,FALSE,13,52,22,3,3,32.6,3,8998.9,24621.03,23458.87,9.640263117,Low Risk
812,18638,44262,9,FALSE,65,16,39,1,1,19.7,1,13283.1,13512.55,18408.55,7.564868453,Low Risk
813,54593,18400,8,FALSE,62,22,11,2,0,14.3,1.6,5524,72936.248,19936.552,8.192790485,Low Risk
814,66306,58776,0,FALSE,41,30,81,0,1,39.3,0.2,17632.8,5901.234,24992.766,10.27060725,Low Risk
815,3694,43275,0,FALSE,55,8,39,1,2,15.7,1.2,12982.5,3391.092,14024.208,5.763152919,Low Risk
816,61,91077,9,FALSE,77,50,46,2,2,38.8,2,27327.6,63.44,27386.16,11.25415624,Low Risk
817,64207,4968,4,FALSE,31,81,39,2,1,52.2,1.8,1492.4,46229.04,70835.96,29.10955611,Moderate Risk
818,40206,14035,5,FALSE,89,57,89,3,3,55.2,3,4213,32566.86,92264.14,37.91532098,Moderate Risk
819,67563,19040,6,TRUE,28,52,94,2,1,82.2,1.8,5715.2,32835.618,94492.982,38.83124844,Moderate Risk
820,42968,51102,6,FALSE,38,85,54,1,0,58.7,0.8,15333.6,10484.192,39223.808,16.11875719,Low Risk
821,76985,9772,6,FALSE,88,1,70,2,2,21.5,2,2934.6,99310.65,57593.95,23.66784214,Low Risk
822,52190,8753,5,TRUE,51,89,16,2,1,100.3,1.8,2628.6,44622.45,51948.15,21.34773902,Low Risk
823,23528,13362,7,FALSE,62,50,37,2,1,36.1,1.8,4012.1,23927.976,22434.524,9.219315093,Low Risk
824,6314,43791,8,TRUE,40,62,49,1,1,85.7,1,13141.5,2809.73,16645.77,6.840465998,Low Risk
825,29671,94041,8,FALSE,52,72,0,1,0,36,0.8,28216.3,15191.552,36761.548,15.10690819,Low Risk
826,16931,87365,4,FALSE,92,27,10,1,0,16.5,0.8,26211.5,11039.012,28717.288,11.80117424,Low Risk
827,15899,91526,2,FALSE,70,18,55,2,3,25.5,2.2,27458.8,22210.903,40225.697,16.53047667,Low Risk
828,58377,14332,7,TRUE,85,57,50,1,1,128.5,1,4303.3,27145.305,35534.995,14.60286457,Low Risk
829,32449,15361,0,FALSE,67,46,64,2,3,42.2,2.2,4608.3,32124.51,43871.59,18.0287316,Low Risk
830,428,41618,5,FALSE,19,54,3,1,2,27.9,1.2,12487.9,367.224,12634.276,5.191969815,Low Risk
831,69194,45002,6,FALSE,69,78,4,2,0,40.2,1.6,13503.6,65319.136,58894.864,24.2024439,Low Risk
832,54182,90434,2,TRUE,7,2,58,2,0,25.4,1.6,27131.4,60683.84,53138.76,21.8370121,Low Risk
833,58840,85536,9,TRUE,88,43,98,3,3,138.9,3,25665.5,52073.4,150112.1,61.6875468,High Risk
834,794,15277,5,TRUE,98,59,4,1,0,128.7,0.8,4585.8,435.112,4785.888,1.966728132,Low Risk
835,44109,72118,0,FALSE,88,86,32,1,0,52.6,0.8,21635.4,14467.752,42454.848,17.44653111,Low Risk
836,53493,83678,10,FALSE,11,94,42,1,2,59.6,1.2,25108.4,20541.312,68758.688,28.25591531,Moderate Risk
837,58347,78256,9,FALSE,16,28,71,3,2,35.3,2.8,23481.3,82502.658,104350.242,42.88202242,Moderate Risk
838,26516,70715,7,TRUE,87,71,80,3,0,146.5,2.4,21218.2,15591.408,69265.192,28.46405968,Moderate Risk
839,72066,66256,2,TRUE,12,87,85,3,3,81,3,19878,30267.72,205808.28,84.57551326,High Risk
840,63963,43777,7,TRUE,59,96,66,3,2,126.8,2.8,13136.8,34028.316,158204.884,65.01322136,High Risk
841,2638,43323,3,TRUE,90,52,85,0,0,141.5,0,12998.6,0,12998.6,5.341686285,Low Risk
842,5644,62646,5,FALSE,98,38,41,3,1,31.3,2.6,18796.3,8878.012,24592.688,10.10619791,Low Risk
843,98567,84519,1,FALSE,71,92,1,1,1,46.3,1,25356.2,52733.345,71189.855,29.25498685,Moderate Risk
844,28411,41077,10,TRUE,10,33,37,1,3,37.6,1.4,12328.3,25854.01,26249.69,10.78713162,Low Risk
845,89078,90177,2,TRUE,49,36,44,3,3,80.2,3,27054.3,160340.4,133947.9,55.04497872,Moderate Risk
846,10382,709,3,TRUE,46,23,50,2,1,72.5,1.8,214.4,11866.626,7035.374,2.891139108,Low Risk
847,56271,73890,10,TRUE,61,72,98,0,1,126.4,0.2,22172.2,1688.13,31738.27,13.04262625,Low Risk
848,3347,78265,6,FALSE,71,57,94,0,3,56.7,0.6,23482.5,492.009,24998.691,10.27304209,Low Risk
849,71,28110,7,FALSE,20,68,71,2,2,55.3,2,8436.5,43.31,8535.19,3.507478295,Low Risk
850,65878,6218,9,FALSE,38,5,42,3,0,15.1,2.4,1869.9,120952.008,39025.092,16.0370962,Low Risk
851,18456,52386,7,FALSE,16,92,55,0,2,62.5,0.4,15719.3,1956.336,21145.364,8.689543557,Low Risk
852,56365,4537,2,TRUE,97,64,53,3,0,144.9,2.4,1362.3,56139.54,80498.76,33.08041807,Moderate Risk
853,1373,12966,9,TRUE,82,95,47,1,1,143.6,1,3894.5,398.17,4869.33,2.001018054,Low Risk
854,91717,55544,4,FALSE,83,61,3,1,3,31.4,1.4,16665.2,87314.584,57754.416,23.73378455,Low Risk
855,87909,72679,9,FALSE,18,6,32,0,0,12.6,0,21808.2,0,21808.2,8.961931504,Low Risk
856,29648,59127,9,FALSE,6,9,71,1,2,25.8,1.2,17742.6,21346.56,31973.64,13.13934995,Low Risk
857,11771,92414,6,TRUE,85,91,6,2,2,132.3,2,27727.4,12124.13,39145.27,16.08648254,Low Risk
858,83174,27,0,FALSE,83,41,97,2,2,49.6,2,8.1,51567.88,114788.22,47.1714385,Moderate Risk
859,76942,20407,1,TRUE,98,98,41,1,2,159.3,1.2,6122.8,28160.772,70292.428,28.88619533,Moderate Risk
860,79127,21237,9,TRUE,54,51,7,1,0,81.6,0.8,6375.8,44944.136,24733.264,10.16396667,Low Risk
861,69885,72134,6,TRUE,62,10,33,2,0,76.9,1.6,21643.4,87775.56,45683.84,18.77346342,Low Risk
862,52459,31414,3,TRUE,78,34,51,1,0,110.3,0.8,9425.9,24131.14,27261.96,11.20311709,Low Risk
863,4194,88279,7,TRUE,36,14,96,3,2,71.8,2.8,26487.4,5284.44,32946.16,13.53900043,Low Risk
864,7264,92769,5,FALSE,30,20,11,3,0,13.3,2.4,27833.2,14731.392,30535.408,12.54831829,Low Risk
865,50067,7711,6,TRUE,59,50,31,1,1,93.3,1,2316.5,29789.865,22593.635,9.284700677,Low Risk
866,96981,76256,4,FALSE,90,58,74,3,2,51.2,2.8,22878.8,92325.912,202099.688,83.0514926,High Risk
867,17827,1609,2,FALSE,70,87,80,2,0,67.5,1.6,483.7,4706.328,24300.572,9.98615483,Low Risk
868,11491,18681,7,FALSE,95,85,84,1,0,67.7,0.8,5607.8,1424.884,13375.716,5.496659541,Low Risk
869,68279,6266,9,TRUE,59,9,15,0,0,68,0,1884.5,0,1884.5,0.774422461,Low Risk
870,42466,44263,7,TRUE,45,39,38,2,3,75.9,2.2,13282.6,57456.498,49251.302,20.23948767,Low Risk
871,19248,38676,4,FALSE,7,51,76,1,2,48.3,1.2,11604.8,8430.624,26271.776,10.79620771,Low Risk
872,73763,8644,3,FALSE,65,63,84,0,3,56.7,0.6,2594.7,11728.317,35124.183,14.43404418,Low Risk
873,12671,33306,0,FALSE,49,21,65,0,3,30,0.6,9991.8,4333.482,13260.918,5.449484084,Low Risk
874,43701,29656,9,FALSE,22,2,31,2,1,10.3,1.8,8901.3,65682.603,21880.497,8.991641465,Low Risk
875,89233,26678,9,TRUE,77,52,69,0,3,123.7,0.6,8008.1,21148.221,40399.679,16.60197339,Low Risk
876,49713,86321,2,TRUE,76,33,73,2,1,114.4,1.8,25897.5,42057.198,73323.702,30.13187677,Moderate Risk
877,25481,78436,0,FALSE,48,89,82,0,3,69.1,0.6,23530.8,2216.847,36602.553,15.04157027,Low Risk
878,70666,50293,6,TRUE,17,64,12,0,1,52.6,0.2,15091.1,8762.584,20461.716,8.40860306,Low Risk
879,55990,22377,6,TRUE,40,51,90,2,1,92.5,1.8,6716.3,29730.69,77767.61,31.95807054,Moderate Risk
880,31875,29522,7,FALSE,79,64,7,0,2,34.1,0.4,8860.1,8223.75,13386.35,5.501029511,Low Risk
881,24154,97942,2,FALSE,86,64,28,0,2,40.4,0.4,29383.6,5217.264,33827.936,13.90136028,Low Risk
882,3449,26229,8,FALSE,52,1,19,1,3,6.2,1.4,7872.7,4345.74,8355.56,3.433660568,Low Risk
883,75189,87531,0,FALSE,21,100,68,0,0,70.4,0,26259.3,0,26259.3,10.79108078,Low Risk
884,60303,95378,1,TRUE,86,52,23,0,2,118.9,0.4,28614.1,15075.75,37659.55,15.475936,Low Risk
885,89775,76653,3,FALSE,99,22,74,2,3,33.2,2.2,22997.4,102702.6,117799.8,48.40902682,Moderate Risk
886,33825,57811,1,FALSE,63,51,14,3,0,29.7,2.4,17343.8,54796.5,43727.3,17.96943661,Low Risk
887,64858,90815,6,FALSE,7,32,49,3,2,30.7,2.8,27247.5,108053.428,100796.472,41.4216248,Moderate Risk
888,56907,71199,5,FALSE,20,22,86,2,0,36.8,1.6,21362.2,41883.552,70529.848,28.98376146,Moderate Risk
889,53337,41108,2,TRUE,84,30,46,3,2,112.8,2.8,12333.6,92593.032,69084.168,28.3896691,Moderate Risk
890,46652,48698,1,TRUE,14,61,72,3,0,66.1,2.4,14610.1,37508.208,89066.692,36.60135146,Moderate Risk
891,52113,91112,0,TRUE,65,55,4,2,0,93.7,1.6,27333.8,58783.464,51931.136,21.34074723,Low Risk
892,14558,72982,7,TRUE,49,6,40,2,3,64,2.2,21898.3,24661.252,29264.648,12.02610811,Low Risk
893,29883,73973,10,TRUE,86,67,42,3,1,132.1,2.6,22197.1,35351.589,64541.311,26.5228129,Moderate Risk
894,67122,86407,8,TRUE,46,58,1,2,3,75.3,2.2,25926.3,104106.222,69488.478,28.55581754,Moderate Risk
895,78563,17617,7,TRUE,78,0,78,2,2,101.4,2,5288.8,95846.86,66567.94,27.35564231,Moderate Risk
896,33927,24922,3,FALSE,88,70,18,2,3,40.4,2.2,7478.1,41798.064,40319.436,16.56899807,Low Risk
897,7253,80747,3,TRUE,24,86,11,0,2,70.3,0.4,24225.8,1494.118,25632.882,10.53365857,Low Risk
898,87499,60493,2,TRUE,26,19,90,1,0,62.5,0.8,18149.1,31849.636,56298.664,23.13555317,Low Risk
899,77279,55974,5,TRUE,30,12,3,0,0,36.9,0,16794.9,0,16794.9,6.901749957,Low Risk
900,24449,53759,0,FALSE,11,89,27,1,1,52.6,1,16127.7,10268.58,30308.12,12.45491583,Low Risk
901,91749,35488,3,FALSE,10,88,82,3,1,68.6,2.6,10647.9,35782.11,213413.19,87.70069932,Very High Risk
902,19884,73583,8,FALSE,38,32,54,2,1,32.2,1.8,22078.9,20400.984,37469.116,15.39767845,Low Risk
903,6603,39259,2,TRUE,39,39,64,1,1,77.7,1,11778.9,3202.455,15179.445,6.237889709,Low Risk
904,14568,18643,4,FALSE,99,1,42,3,0,13.1,2.4,5594.9,27446.112,13111.988,5.388282313,Low Risk
905,17673,57527,10,FALSE,88,52,81,2,2,50.3,2,17263.1,11840.91,40768.19,16.75341048,Low Risk
906,86511,16645,8,TRUE,43,81,10,0,1,86.5,0.2,4997.7,9429.699,12870.201,5.288921589,Low Risk
907,76370,72817,0,TRUE,4,57,2,2,2,33.1,2,21845.3,107681.7,66903.6,27.49357951,Moderate Risk
908,77371,14740,4,TRUE,18,100,49,1,2,82.7,1.2,4424.2,23675.526,73593.874,30.24290212,Moderate Risk
909,41709,60808,0,FALSE,55,65,7,1,0,34.6,0.8,18242.4,21355.008,30254.592,12.43291886,Low Risk
910,75097,80039,8,TRUE,21,19,9,3,3,33.2,3,24015.9,193750.26,55556.64,22.83062345,Low Risk
911,27272,4151,3,TRUE,34,51,24,1,0,66.7,0.8,1247,13636,9428.6,3.87461906,Low Risk
912,82666,32075,0,FALSE,74,50,16,0,1,29.8,0.2,9622.5,11077.244,15078.456,6.196388966,Low Risk
913,38378,98671,1,FALSE,68,31,47,3,3,29.6,3,29601.8,70231.74,74504.06,30.61693686,Moderate Risk
914,37569,79977,3,TRUE,89,92,80,0,1,159,0.2,23994.8,1051.932,30456.668,12.51596062,Low Risk
915,64637,65829,4,TRUE,94,37,91,2,3,139.8,2.2,19750.9,51192.504,110759.796,45.51598505,Moderate Risk
916,68148,71442,2,TRUE,6,61,10,1,2,39.5,1.2,21433.8,52746.552,50464.848,20.73818615,Low Risk
917,76667,12395,1,TRUE,32,68,87,0,0,92.1,0,3719.2,0,3719.2,1.528379951,Low Risk
918,8135,79994,8,TRUE,48,5,84,0,3,75.7,0.6,24002.4,2708.955,26174.445,10.7562102,Low Risk
919,71743,86349,4,TRUE,78,92,58,3,2,141.4,2.8,25906.9,50220.1,176567.2,72.55909026,High Risk
920,6198,8812,2,TRUE,93,5,74,2,1,117.7,1.8,2644.8,6749.622,7051.578,2.897798032,Low Risk
921,746,46935,3,TRUE,17,28,19,0,0,36.7,0,14082.2,0,14082.2,5.786984337,Low Risk
922,95873,17626,6,TRUE,70,5,91,2,0,99.8,1.6,5291,79766.336,78921.464,32.432239,Moderate Risk
923,30895,87255,5,FALSE,54,72,59,3,3,53.7,3,26179,31976.325,86887.675,35.70589924,Moderate Risk
924,69938,58789,2,FALSE,7,49,59,3,3,42.2,3,17637.7,96514.44,130937.26,53.80777668,Moderate Risk
925,51227,39060,1,TRUE,55,25,71,2,3,88.8,2.2,11718.7,58603.688,65814.412,27.0459851,Moderate Risk
926,4241,61633,7,TRUE,99,78,0,3,3,138,3,18493.6,7761.03,23455.57,9.638907004,Low Risk
927,80093,38336,7,FALSE,12,53,59,0,3,44.2,0.6,11504.3,21144.552,38415.548,15.78660824,Low Risk
928,71659,8027,6,FALSE,7,14,59,1,0,24.7,0.8,2411.1,36402.772,23335.528,9.589576561,Low Risk
929,14505,28241,1,TRUE,71,26,88,0,0,110.4,0,8473,0,8473,3.481921737,Low Risk
930,23229,5633,7,TRUE,68,29,53,0,1,98.4,0.2,1693.6,2741.022,3598.378,1.478728972,Low Risk
931,27888,16467,2,FALSE,11,39,71,0,0,40.8,0,4941.1,0,4941.1,2.030511448,Low Risk
932,65964,30291,2,TRUE,3,96,67,0,2,71.1,0.4,9088.5,4881.336,30592.764,12.57188835,Low Risk
933,76126,28507,6,FALSE,92,44,40,2,3,34,2.2,8555.1,97136.776,78895.524,32.42157913,Moderate Risk
934,80766,52047,4,FALSE,31,8,61,1,3,22.3,1.4,15616.1,74062.422,54626.078,22.44821532,Low Risk
935,254,75936,0,FALSE,42,67,6,0,3,35.3,0.6,22780.8,96.774,22836.426,9.384473987,Low Risk
936,83583,52641,4,TRUE,31,85,28,3,2,81.9,2.8,15794.5,101804.094,148022.806,60.82896564,High Risk
937,62783,95659,0,FALSE,89,33,51,2,1,31.8,1.8,28697.7,65545.452,76161.648,31.29811138,Moderate Risk
938,85502,29219,8,FALSE,85,39,94,0,1,47.7,0.2,8769.7,5728.634,20141.466,8.2769985,Low Risk
939,42063,28749,10,TRUE,9,60,20,0,1,45,0.2,8629.9,5047.56,11994.94,4.929239033,Low Risk
940,74987,84311,10,FALSE,37,17,94,1,0,36.7,0.8,25298.3,26695.372,58592.528,24.07820098,Low Risk
941,30361,38720,2,TRUE,45,55,98,1,3,101.9,1.4,11617.2,9988.769,44133.831,18.13649776,Low Risk
942,51301,91969,9,FALSE,78,72,57,3,2,53.1,2.8,27595.2,50993.194,120244.806,49.41378542,Moderate Risk
943,14502,26381,6,TRUE,6,75,62,3,1,62.1,2.6,7917.5,11877.138,33745.562,13.86750925,Low Risk
944,78412,6013,4,FALSE,24,28,31,0,2,23.3,0.4,1805.9,22112.184,11058.516,4.544421957,Low Risk
945,79442,29340,1,FALSE,36,85,15,1,3,47,1.4,8802.5,55609.4,64411.9,26.46963233,Moderate Risk
946,86108,91013,3,TRUE,5,64,24,0,1,44.2,0.2,27305.6,9644.096,34883.104,14.3349744,Low Risk
947,43419,59405,10,FALSE,68,51,16,0,3,30.3,0.6,17826.5,17324.181,26553.719,10.91207027,Low Risk
948,10353,37220,2,TRUE,62,5,40,2,0,76.5,1.6,11167.2,12837.72,14894.28,6.120703092,Low Risk
949,69120,58105,5,TRUE,4,45,37,2,2,37.6,2,17434.2,81561.6,74112.6,30.45606904,Moderate Risk
950,30619,79107,8,TRUE,96,96,95,1,3,172.5,1.4,23736.3,1928.997,64673.903,26.57730068,Moderate Risk
951,60288,95946,7,FALSE,25,4,59,2,3,19.7,2.2,28787.3,90854.016,70566.884,28.99898116,Moderate Risk
952,85844,78076,5,TRUE,44,29,12,2,1,62.1,1.8,23425.5,122842.764,55101.936,22.64376593,Low Risk
953,17147,63631,9,TRUE,98,42,2,2,1,119.6,1.8,19094,24074.388,25884.212,10.63694092,Low Risk
954,43852,9449,1,TRUE,67,76,11,2,1,108.3,1.8,2835.4,44597.484,37171.516,15.27538175,Low Risk
955,27273,63502,4,TRUE,53,48,68,3,0,97.4,2.4,19052.8,27491.184,57016.816,23.43067285,Low Risk
956,3580,46156,1,TRUE,41,48,9,2,3,67.7,2.2,13847.5,5631.34,16092.16,6.612963733,Low Risk
957,32202,24862,8,TRUE,36,85,76,3,3,101.3,3,7462.8,18838.17,85230.63,35.02494787,Moderate Risk
958,88742,48989,0,FALSE,28,84,36,1,2,52.8,1.2,14696.7,42596.16,78590.94,32.29641241,Moderate Risk
959,37164,74629,3,FALSE,32,57,46,2,0,42.3,1.6,22390.2,28839.264,53013.336,21.78546996,Low Risk
960,55429,30555,7,FALSE,60,39,12,1,0,23.1,0.8,9170,33035.684,20477.516,8.415095962,Low Risk
961,60481,67208,3,TRUE,81,8,3,2,0,85.9,1.6,20164.1,91447.272,25486.428,10.47347429,Low Risk
962,25158,19047,5,TRUE,43,23,29,0,0,63.2,0,5716.8,0,5716.8,2.349280088,Low Risk
963,41218,92025,1,FALSE,34,4,82,3,0,26.6,2.4,27608,56386.224,70144.976,28.82560093,Moderate Risk
964,39911,61171,3,FALSE,50,73,50,3,0,51.5,2.4,18352.8,36877.764,77261.436,31.75006178,Moderate Risk
965,78857,93413,4,FALSE,91,67,70,2,3,54.5,2.2,28025.9,54647.901,146863.399,60.35251521,High Risk
966,3468,50290,1,FALSE,93,36,93,1,3,45.9,1.4,15087.5,1723.596,18219.104,7.487016907,Low Risk
967,67714,66062,10,TRUE,38,39,41,1,0,69.8,0.8,19823.8,32502.72,41492.28,17.05097034,Low Risk
968,41870,82305,7,TRUE,18,25,74,3,0,52.7,2.4,24695.2,50746.44,74436.76,30.58928039,Moderate Risk
969,12779,86336,2,FALSE,14,4,93,0,0,29.9,0,25901.8,0,25901.8,10.64416859,Low Risk
970,88680,52614,3,TRUE,72,100,31,2,0,131.3,1.6,15785.9,48951.36,108722.54,44.67878855,Moderate Risk
971,30537,43595,5,FALSE,34,5,92,2,0,30.1,1.6,13081,25162.488,36777.712,15.11355067,Low Risk
972,50970,26796,7,FALSE,75,24,21,3,3,18.3,3,8042.3,118505.25,42447.05,17.44332658,Low Risk
973,25228,86481,6,TRUE,30,93,3,1,3,77.4,1.4,25947.5,18365.984,42900.716,17.62975753,Low Risk
974,35548,50027,10,FALSE,3,15,90,3,3,34.5,3,15013.1,50655.9,71001.2,29.17746036,Moderate Risk
975,66397,60402,6,TRUE,10,54,67,3,1,57.1,2.6,18123.8,68189.719,122566.281,50.36777978,Moderate Risk
976,15495,23411,9,TRUE,68,79,26,0,0,115.3,0,7028,0,7028,2.888108813,Low Risk
977,12583,29325,3,FALSE,77,82,8,1,2,43.4,1.2,8799,8304.78,15593.82,6.408174298,Low Risk
978,40839,83978,0,TRUE,6,66,22,3,0,45.6,2.4,25193.6,54887.616,68319.584,28.0754685,Moderate Risk
979,25450,4736,8,TRUE,23,64,72,3,3,76.6,3,1425,24432,53343,21.92094314,Low Risk
980,18475,71008,10,TRUE,70,41,2,0,1,91.1,0.2,21307.6,2900.575,22102.025,9.08267689,Low Risk
981,25203,25003,9,FALSE,98,81,94,0,3,68.7,0.6,7505.4,1890.225,20736.975,8.521718874,Low Risk
982,77909,79908,2,FALSE,0,4,71,0,2,23.3,0.4,23973.4,19477.25,35659.75,14.65413179,Low Risk
983,47503,60544,0,TRUE,13,78,89,1,3,78.7,1.4,18163.4,10973.193,73694.407,30.28421547,Moderate Risk
984,45216,21524,2,FALSE,40,92,26,1,0,53.8,0.8,6458.2,14830.848,27800.152,11.42428344,Low Risk
985,72778,683,5,FALSE,11,52,81,3,1,50.3,2.6,207.4,63389.638,126040.562,51.79551193,Moderate Risk
986,43273,87784,3,FALSE,36,71,90,2,0,62.5,1.6,26336.7,13501.176,82072.324,33.72706349,Moderate Risk
987,1605,85389,6,FALSE,18,62,70,1,3,52,1.4,25619.7,763.98,27102.72,11.1376785,Low Risk
988,30363,47358,6,TRUE,22,5,22,2,1,31.1,1.8,14210.6,47275.191,21588.809,8.871774264,Low Risk
989,48509,77608,3,TRUE,51,58,29,0,1,88.7,0.2,23284.1,5481.517,27504.383,11.30273918,Low Risk
990,71081,32144,0,FALSE,8,96,28,1,0,56.4,0.8,9643.2,21608.624,44899.376,18.45109327,Low Risk
991,523,86948,1,FALSE,95,81,12,3,2,44.1,2.8,26084.9,783.454,26765.846,10.99924242,Low Risk
992,44375,44392,9,FALSE,33,81,95,1,2,69,1.2,13322.1,6390,60182.1,24.73142478,Low Risk
993,94035,36209,8,FALSE,78,11,14,1,0,9.7,0.8,10866.7,65824.5,20270.2,8.329900862,Low Risk
994,85900,24320,1,FALSE,85,46,67,0,1,43.1,0.2,7296.5,7473.3,17003.2,6.987349426,Low Risk
995,64543,27841,6,TRUE,66,72,75,1,1,124.5,1,8355.5,17103.895,55794.605,22.92841355,Low Risk
996,47790,8740,1,TRUE,60,5,82,2,1,87.1,1.8,2622.7,48602.43,40042.27,16.45509859,Low Risk
997,357,60070,5,TRUE,58,7,79,3,2,85.2,2.8,18023.7,569.772,18453.528,7.583351856,Low Risk
998,14887,25283,7,FALSE,74,67,91,0,3,60.8,0.6,7588.4,1875.762,14644.838,6.018196598,Low Risk
999,37445,61346,0,FALSE,28,21,89,1,0,37.2,0.8,18403.8,13480.2,34879.6,14.33353445,Low Risk
1000,29249,53621,3,TRUE,35,28,58,3,2,66.4,2.8,16088,46681.404,51303.796,21.08294612,Low Risk
