Asset_ID,Asset_Value,Maintenance_Cost,Age,Compliance_Status,Cybersecurity_Score,Physical_Security_Score,Vendor_Risk_Score,Environmental_Risk,Previous_Incidents,Vulnerability,Likelihood,Uncertainty,Mitigated_Risk
1,91716,80286,6,True,12,49,0,1,0,36.5,0.8,24089.0,55396.464
2,60390,58545,0,False,64,65,62,0,2,51.099999999999994,0.4,17563.5,8816.94
3,79561,82346,3,True,36,13,55,2,3,59.0,2.2,24705.5,115522.572
4,37104,48483,0,True,84,36,53,0,0,117.9,0.0,14545.1,0.0
5,37327,78966,4,True,4,77,79,2,2,66.2,2.0,23692.0,16423.879999999997
6,59673,89475,4,False,88,28,22,0,1,20.6,0.2,26844.5,8950.95
7,35485,49993,7,True,51,94,35,1,0,108.5,0.8,15001.6,10077.74
8,41165,28086,2,True,26,96,98,3,0,103.4,2.4000000000000004,8427.0,2963.8800000000033
9,5026,64182,2,True,38,7,63,0,2,60.4,0.4,19255.8,1306.76
10,94460,73755,4,True,47,70,83,3,0,106.9,2.4000000000000004,22128.7,53275.44
11,61106,17448,9,True,100,84,90,2,1,169.0,1.8,5239.099999999999,14298.804
12,59907,99012,10,False,12,82,32,2,2,50.6,2.0,29708.6,51520.020000000004
13,40590,71575,0,False,34,55,57,0,0,44.599999999999994,0.0,21472.5,0.0
14,50318,31754,10,True,98,33,25,1,1,122.0,1.0,9531.4,35725.78
15,11226,4565,1,True,2,4,44,3,0,17.2,2.4000000000000004,1370.2,20476.224000000006
16,5668,65740,5,True,26,48,46,3,1,63.8,2.6000000000000005,19724.7,7810.504000000002
17,92863,43217,2,True,77,81,9,2,2,120.2,2.0,12966.300000000001,102149.3
18,41597,85874,6,False,55,46,88,0,2,49.4,0.4,25765.2,5490.803999999999
19,10443,32538,8,True,58,43,97,1,0,108.6,0.8,9765.6,2506.32
20,54128,99076,6,False,83,15,50,0,0,22.5,0.0,29725.8,0.0
21,20330,63258,6,True,39,56,61,3,2,85.3,2.8000000000000003,18980.6,23623.460000000006
22,53117,66400,5,False,27,66,68,1,2,53.4,1.2000000000000002,19922.5,21034.332
23,59106,60791,2,True,57,91,15,2,3,107.0,2.2,18238.5,61115.604
24,67912,86993,0,True,24,63,23,3,3,62.4,3.0000000000000004,26098.1,116129.52000000003
25,86491,77478,1,True,85,7,19,0,3,94.2,0.6000000000000001,23244.1,45148.302
26,63375,45265,7,False,72,16,53,2,1,23.9,1.8,13583.0,74719.125
27,11221,9671,1,True,95,58,11,1,1,127.3,1.0,2901.9999999999995,7349.755
28,51218,87393,2,True,17,48,24,1,2,48.2,1.2000000000000002,26219.1,39335.424000000006
29,20091,12672,2,True,98,29,48,3,1,126.9,2.6000000000000005,3802.7999999999997,32125.50900000001
30,76753,34871,8,False,30,69,5,3,0,36.0,2.4000000000000004,10465.3,116050.53600000002
31,61311,433,3,False,27,39,63,2,0,38.4,1.6,131.4,48067.824
32,44393,15270,5,True,92,25,94,1,1,132.7,1.0,4583.7,17979.165
33,26239,14846,2,False,20,78,4,3,1,40.2,2.6000000000000005,4454.8,40250.62600000001
34,60687,32553,6,True,43,3,24,2,1,51.7,1.8,9769.1,94489.659
35,28320,527,1,False,16,36,51,2,3,33.3,2.2,158.6,35201.76
36,4833,16714,8,True,78,30,42,1,1,105.6,1.0,5018.4,3093.12
37,19271,61091,1,True,34,75,95,3,0,100.0,2.4000000000000004,18328.0,6937.560000000002
38,30276,7163,7,False,46,94,4,3,2,48.2,2.8000000000000003,2152.4,43234.128000000004
39,57935,50855,1,True,37,30,25,1,0,59.5,0.8,15257.2,33602.299999999996
40,2922,93145,1,False,93,6,97,3,3,32.099999999999994,3.0000000000000004,27944.0,4251.510000000001
41,86302,25081,4,False,29,32,47,2,1,30.1,1.8,7526.299999999999,93982.878
42,5485,88230,0,False,63,94,97,2,0,76.1,1.6,26469.0,394.92000000000036
43,80714,76133,10,True,40,100,91,1,3,117.3,1.4000000000000001,22845.1,5084.9820000000045
44,16566,88262,2,True,69,90,80,3,1,138.0,2.6000000000000005,26479.8,6460.740000000002
45,13305,56062,9,True,90,13,95,1,1,125.0,1.0,16823.3,6120.299999999999
46,64183,69761,1,True,30,13,48,3,0,50.9,2.4000000000000004,20929.0,107057.24400000002
47,25823,65164,10,True,59,67,77,0,3,115.6,0.6000000000000001,19554.4,4338.264000000001
48,13298,55895,6,False,49,26,20,3,0,19.0,2.4000000000000004,16771.5,24574.704000000005
49,54923,26644,10,False,59,81,89,0,2,67.2,0.4,7998.2,3295.3800000000006
50,73435,34910,10,False,46,14,5,3,3,8.5,3.0000000000000004,10478.0,199376.02500000002
51,32389,46170,0,False,2,71,15,2,1,40.0,1.8,13851.0,33231.11400000001
52,20548,84767,6,True,85,36,45,2,2,116.5,2.0,25433.3,24452.12
53,47466,96723,3,False,62,92,4,0,3,47.2,0.6000000000000001,29018.399999999998,14809.392000000003
54,44566,58641,9,False,28,31,67,3,0,35.599999999999994,2.4000000000000004,17596.8,54548.78400000001
55,14244,87101,8,True,26,78,50,3,2,80.0,2.8000000000000003,26134.5,14357.952000000001
56,83492,74732,6,True,79,93,96,3,2,154.3,2.8000000000000003,22422.8,12857.768000000013
57,50459,96364,5,True,22,85,9,3,2,67.2,2.8000000000000003,28911.9,74881.156
58,96361,69277,1,True,100,74,78,3,3,160.4,3.0000000000000004,20783.8,69379.92000000001
59,24628,22665,10,True,64,58,45,2,0,106.5,1.6,6804.7,19111.328
60,50337,93763,0,False,30,35,48,1,0,31.9,0.8,28128.899999999998,23557.716
61,35732,99252,8,False,8,41,70,0,3,41.5,0.6000000000000001,29779.6,9540.444000000001
62,27231,95567,10,True,53,75,14,0,1,94.7,0.2,28675.3,3022.641
63,79477,34848,0,True,22,25,65,1,0,54.0,0.8,10454.6,34969.880000000005
64,43815,98936,10,True,91,81,61,0,1,149.8,0.2,29686.0,2541.2700000000004
65,25387,5315,5,False,8,94,71,3,2,68.3,2.8000000000000003,1597.0,12439.630000000005
66,50245,26573,0,True,48,91,87,2,2,119.6,2.0,7972.099999999999,11053.899999999998
67,74906,29745,5,True,4,87,25,3,1,55.0,2.6000000000000005,8926.2,85692.464
68,41300,20604,0,True,46,43,44,1,3,80.7,1.4000000000000001,6181.4,32668.3
69,75211,72239,3,False,2,19,73,2,3,31.4,2.2,21673.2,89350.668
70,70266,30537,9,False,76,100,65,1,0,69.5,0.8,9165.6,9837.240000000003
71,3003,33909,0,False,51,66,18,0,0,38.4,0.0,10172.699999999999,0.0
72,71127,2810,6,True,77,26,66,0,2,109.8,0.4,846.2,15363.432000000003
73,82715,44036,3,True,73,21,24,1,3,90.7,1.4000000000000001,13212.5,89745.77500000001
74,81798,56134,9,False,40,61,11,1,0,33.8,0.8,16844.7,41880.576
75,89158,84014,3,False,12,19,42,2,1,22.1,1.8,25205.7,111536.65800000001
76,43553,60934,10,False,55,12,76,2,2,28.8,2.0,18285.2,48779.36000000001
77,90403,32827,9,True,15,99,59,1,3,82.2,1.4000000000000001,9852.800000000001,26578.481999999996
78,19577,98487,9,True,81,82,68,3,0,142.4,2.4000000000000004,29550.8,11746.200000000003
79,7196,67588,0,True,95,53,81,3,2,145.8,2.8000000000000003,20276.6,6649.104
80,8079,57225,1,False,10,21,64,1,3,29.7,1.4000000000000001,17168.0,6503.594999999999
81,90631,94122,3,True,37,60,43,0,1,79.9,0.2,28238.3,8791.207
82,25882,69831,3,False,67,8,20,3,3,10.0,3.0000000000000004,20950.8,66775.56000000001
83,32076,22758,8,True,53,86,51,0,3,111.3,0.6000000000000001,6831.599999999999,6062.364
84,96288,15461,5,False,2,25,61,1,3,30.8,1.4000000000000001,4640.8,76837.82400000001
85,66735,66471,1,True,30,15,54,0,3,53.7,0.6000000000000001,19942.0,26226.855000000007
86,92102,46238,4,False,53,41,36,1,0,31.299999999999997,0.8,13873.4,45314.184
87,75452,68048,3,True,55,75,37,1,2,103.6,1.2000000000000002,20416.1,39838.655999999995
88,14289,51388,2,True,74,67,75,3,3,130.0,3.0000000000000004,15417.6,12431.430000000004
89,86200,31611,9,False,93,62,84,2,1,56.2,1.8,9487.8,41893.200000000004
90,26351,88355,6,True,75,93,20,0,1,127.5,0.2,26509.7,2292.5370000000007
91,59154,30199,2,False,60,72,47,0,3,50.1,0.6000000000000001,9060.699999999999,14374.422000000004
92,13922,93765,5,True,82,84,21,3,0,130.3,2.4000000000000004,28132.2,15871.08
93,26959,25456,10,False,42,39,84,3,2,44.7,2.8000000000000003,7641.799999999999,29061.802000000007
94,8798,89180,0,False,50,82,20,2,2,47.0,2.0,26754.0,8622.039999999999
95,55568,60125,7,False,72,29,52,3,3,30.1,3.0000000000000004,18041.0,99188.88000000002
96,25609,9645,5,True,87,88,18,2,1,136.4,1.8,2896.2,21665.214
97,50634,75254,3,False,19,20,0,0,3,10.0,0.6000000000000001,22577.7,27342.360000000004
98,52217,15075,1,True,13,26,10,0,3,29.0,0.6000000000000001,4523.2,25690.764000000006
99,22444,9680,5,True,58,99,62,0,1,126.1,0.2,2906.7,875.3159999999998
100,14977,59547,7,True,50,66,70,3,3,104.0,3.0000000000000004,17867.8,14377.92
101,4017,43068,0,False,49,97,74,1,2,70.7,1.2000000000000002,12920.4,698.9580000000002
102,74244,25373,9,True,64,66,80,2,0,121.0,1.6,7616.599999999999,32073.408000000003
103,45596,18738,1,True,83,100,26,0,3,140.8,0.6000000000000001,5622.099999999999,10122.312000000002
104,90520,26392,6,False,70,80,88,1,0,66.4,0.8,7920.599999999999,11586.560000000003
105,89689,68967,10,True,82,21,91,3,1,119.8,2.6000000000000005,20695.3,102604.21600000001
106,1461,29129,6,False,32,20,60,2,0,28.0,1.6,8741.699999999999,1402.56
107,9849,65615,9,True,1,80,45,1,0,54.5,0.8,19689.2,2954.7000000000003
108,68184,60998,2,True,68,38,36,0,0,97.8,0.0,18300.6,0.0
109,99430,3038,10,True,65,33,12,1,1,85.1,1.0,916.6,77058.25
110,10704,67151,9,False,2,57,23,1,1,35.4,1.0,20149.8,6422.4
111,83066,86034,4,False,10,8,64,2,3,23.2,2.2,25812.2,116956.92800000001
112,74524,51508,6,False,9,64,3,1,1,32.9,1.0,15455.4,49558.46
113,560,53682,9,True,3,26,95,2,2,44.5,2.0,16109.3,442.40000000000003
114,80239,517,1,True,22,71,77,3,2,80.6,2.8000000000000003,155.79999999999998,58413.992000000006
115,63948,86611,9,False,11,24,60,3,0,30.0,2.4000000000000004,25987.8,89015.61600000002
116,41137,58574,7,True,1,25,34,1,3,23.7,1.4000000000000001,17575.9,40602.219000000005
117,80552,28519,1,True,11,50,70,3,0,57.0,2.4000000000000004,8556.4,77329.92000000001
118,31198,89049,0,False,36,55,58,2,1,44.9,1.8,26714.7,24428.034000000003
119,86506,75962,0,True,53,28,51,1,1,82.3,1.0,22788.8,52336.13
120,55694,53860,8,False,2,31,12,0,2,19.1,0.4,16162.0,17487.916
121,33883,1429,10,True,44,74,54,3,2,97.2,2.8000000000000003,433.9,34154.064
122,70660,3867,2,True,16,68,80,3,1,74.0,2.6000000000000005,1161.3,47766.16000000001
123,27339,80589,5,True,32,99,57,0,1,98.6,0.2,24179.4,1202.916
124,46853,96069,6,False,23,7,23,3,2,10.399999999999999,2.8000000000000003,28823.7,111510.14000000001
125,19407,1067,10,False,97,43,55,2,2,38.0,2.0,325.09999999999997,19795.14
126,53373,18520,6,True,96,32,13,1,1,115.9,1.0,5559.2,41364.075000000004
127,31707,93960,7,True,56,61,36,0,1,97.3,0.2,28191.7,3265.8210000000004
128,52270,24043,1,True,38,92,61,2,0,102.3,1.6,7213.599999999999,19653.52
129,39546,82104,0,True,55,62,16,0,2,90.8,0.4,24631.4,9649.224
130,39475,51874,8,False,23,94,79,3,2,70.7,2.8000000000000003,15566.199999999999,14921.550000000003
131,69549,40410,10,True,50,30,23,2,0,71.9,1.6,12128.2,81789.62400000001
132,21407,21331,8,False,45,98,65,0,3,68.5,0.6000000000000001,6403.3,2376.177000000001
133,34842,96895,5,True,42,44,98,2,2,93.4,2.0,29071.2,20208.360000000004
134,52618,73088,0,False,66,27,39,1,1,25.2,1.0,21926.399999999998,35254.06
135,66269,37493,7,False,88,31,42,2,2,28.1,2.0,11251.4,84161.63
136,71063,34663,1,True,11,7,90,1,3,41.5,1.4000000000000001,10399.6,51236.42300000001
137,67671,47095,6,True,66,11,31,1,3,80.8,1.4000000000000001,14131.7,74844.126
138,63175,293,2,True,45,55,44,3,3,85.7,3.0000000000000004,89.1,95710.12500000001
139,4379,38239,8,True,34,68,68,3,3,88.4,3.0000000000000004,11475.9,4203.84
140,45025,3510,1,True,31,45,52,3,3,69.1,3.0000000000000004,1053.7,69563.62500000001
141,46219,35710,6,False,12,19,28,1,2,17.9,1.2000000000000002,10716.0,42429.04200000001
142,27931,31247,1,False,92,29,65,2,1,34.0,1.8,9374.6,26646.174000000003
143,2226,3106,8,False,54,50,44,1,0,38.2,0.8,935.8,943.8240000000002
144,13585,61388,6,True,20,48,20,1,1,50.0,1.0,18419.6,8966.099999999999
145,41397,78333,8,True,11,19,86,3,1,46.3,2.6000000000000005,23504.1,51125.29500000001
146,16970,29093,3,True,21,30,97,2,3,65.1,2.2,8729.6,13626.91
147,69659,98311,9,False,11,84,12,0,1,45.6,0.2,29497.8,7244.536000000001
148,9072,32971,10,False,87,58,79,2,2,52.7,2.0,9896.3,5715.359999999999
149,80169,8258,4,True,53,90,52,3,1,113.6,2.6000000000000005,2479.6,60447.42600000002
150,78292,81061,6,True,36,62,6,3,0,68.8,2.4000000000000004,24321.5,124014.52799999999
151,38785,67820,10,False,58,74,96,1,0,65.8,0.8,20351.0,4654.200000000001
152,46520,25867,7,True,87,99,69,1,3,157.2,1.4000000000000001,7763.799999999999,10420.480000000003
153,1820,99488,8,True,32,74,96,0,3,97.8,0.6000000000000001,29850.6,163.80000000000007
154,88789,49340,7,True,22,97,68,2,3,90.9,2.2,14805.7,34183.765000000014
155,88460,74162,7,True,55,34,3,2,0,72.9,1.6,22252.3,115351.84
156,76167,85150,7,True,39,88,85,1,1,108.5,1.0,25548.7,10282.545
157,31487,63142,4,False,44,91,13,1,1,49.4,1.0,18944.6,15113.76
158,47521,95693,7,True,68,42,37,2,3,100.1,2.2,28711.6,63250.45100000001
159,31645,71509,6,False,95,51,62,1,2,44.099999999999994,1.2000000000000002,21455.7,16518.690000000006
160,23229,13110,3,True,49,93,95,2,2,124.0,2.0,3934.7,2787.4800000000023
161,56425,17859,2,False,30,40,27,0,1,28.1,0.2,5358.7,7504.525000000001
162,54362,20845,2,False,44,70,66,0,1,54.8,0.2,6254.5,3479.168
163,15867,51185,10,False,94,82,44,1,3,54.2,1.4000000000000001,15360.5,8219.106000000002
164,86693,86240,10,True,59,76,56,2,2,113.8,2.0,25877.2,58951.24
165,84584,64715,10,False,41,59,1,2,1,29.8,1.8,19419.5,106575.84
166,90534,27588,2,False,29,10,53,0,3,20.9,0.6000000000000001,8277.4,37209.47400000001
167,66677,52341,10,True,9,69,94,0,3,71.7,0.6000000000000001,15707.5,7401.147000000003
168,4640,23716,3,False,16,69,68,2,2,54.9,2.0,7116.3,2923.1999999999994
169,11574,18969,9,False,83,9,24,3,1,11.7,2.6000000000000005,5695.2,25127.154000000002
170,67758,70217,0,False,47,18,11,0,2,12.3,0.4,21065.1,23173.236
171,49426,30613,6,False,15,88,95,2,3,72.5,2.2,9186.9,9242.661999999997
172,2377,78398,2,False,7,64,22,3,1,38.6,2.6000000000000005,23520.399999999998,3522.7140000000013
173,26627,89967,0,True,25,22,91,1,1,63.3,1.0,26990.3,11582.745
174,14745,93474,2,True,32,25,84,1,1,69.7,1.0,28043.4,6708.974999999999
175,47624,79843,8,False,98,37,57,1,0,35.599999999999994,0.8,23956.899999999998,20192.576000000005
176,18671,73967,8,False,82,89,99,2,2,74.2,2.0,22194.1,2240.520000000002
177,66954,14598,5,False,51,1,7,0,3,2.6,0.6000000000000001,4381.9,38565.50400000001
178,83497,25068,9,True,60,82,13,0,1,104.9,0.2,7525.099999999999,8767.185000000001
179,38287,17952,0,True,88,17,98,1,0,125.9,0.8,5385.799999999999,13017.580000000002
180,50626,12929,4,True,0,4,51,1,1,17.299999999999997,1.0,3880.8999999999996,36703.85
181,64309,76598,2,True,17,46,96,1,2,68.8,1.2000000000000002,22980.6,22379.532000000007
182,63239,56041,0,False,55,50,71,2,2,46.3,2.0,16812.3,49958.810000000005
183,45706,47125,5,True,88,52,40,1,3,126.0,1.4000000000000001,14140.2,34553.736000000004
184,43459,75775,1,True,43,3,10,3,2,47.5,2.8000000000000003,22733.2,113775.66200000001
185,90063,52818,5,False,99,61,36,2,1,41.3,1.8,15847.9,83488.401
186,704,3380,0,False,49,79,87,3,0,65.6,2.4000000000000004,1014.0,287.23200000000014
187,84797,98474,3,False,56,9,39,2,0,16.2,1.6,29543.699999999997,103113.15200000002
188,23634,35270,8,True,59,94,74,3,0,128.2,2.4000000000000004,10585.2,9075.456000000002
189,14447,58452,0,False,70,92,41,0,3,58.3,0.6000000000000001,17535.6,2903.8469999999998
190,94236,46840,3,True,79,0,68,3,3,99.4,3.0000000000000004,14053.7,186587.28000000003
191,51096,18594,4,False,25,4,37,3,2,13.1,2.8000000000000003,5580.2,113739.69600000003
192,77105,13137,6,False,17,58,32,2,1,38.6,1.8,3944.1,76333.95000000001
193,62039,19250,5,True,22,12,75,1,0,50.5,0.8,5777.7,28041.628
194,64775,54070,0,False,74,50,47,0,0,39.1,0.0,16221.0,0.0
195,60384,1342,8,False,51,63,60,1,0,49.5,0.8,406.59999999999997,18598.272
196,1844,30849,3,True,50,18,43,0,0,71.9,0.0,9256.4,0.0
197,78188,25049,6,False,74,26,34,1,2,23.2,1.2000000000000002,7517.7,65677.92000000001
198,83203,20697,8,True,50,97,64,2,1,117.7,1.8,6213.299999999999,29204.252999999993
199,29505,90652,4,False,5,53,37,2,3,37.6,2.2,27197.6,35701.05000000001
200,20320,97550,6,True,1,72,26,2,0,44.8,1.6,29268.2,16581.12
201,27318,1215,3,True,25,3,52,1,0,42.1,0.8,366.2,15844.44
202,88543,62817,8,True,85,0,74,0,2,107.2,0.4,18849.3,22312.836000000003
203,70538,75025,0,True,92,17,28,1,3,108.9,1.4000000000000001,22507.7,76533.73000000001
204,33174,15167,8,False,89,67,76,2,0,56.3,1.6,4554.099999999999,15127.344000000003
205,57861,50213,9,True,71,19,27,3,1,88.6,2.6000000000000005,15068.6,115837.72200000002
206,92299,6396,0,False,32,70,41,1,1,47.3,1.0,1918.8,41073.05499999999
207,48048,2671,3,False,15,90,52,1,3,60.6,1.4000000000000001,802.8,19507.488000000005
208,61168,85543,2,False,27,21,30,2,3,19.5,2.2,25663.899999999998,100254.352
209,55468,27338,10,False,6,36,77,0,2,41.099999999999994,0.4,8206.4,9651.432
210,46589,42886,4,True,14,20,50,3,2,39.0,2.8000000000000003,12868.0,84791.98000000001
211,45243,84263,1,True,10,41,9,1,0,33.2,0.8,25279.6,27145.800000000003
212,64575,53002,9,True,14,56,71,1,3,63.3,1.4000000000000001,15905.3,32997.825000000004
213,64241,60138,3,False,63,16,76,0,1,30.8,0.2,18042.899999999998,6938.028000000001
214,78604,63449,9,True,61,5,0,0,2,63.5,0.4,19039.4,30655.56
215,89272,79627,7,True,11,37,70,0,1,50.5,0.2,23891.8,8302.296
216,22232,19350,4,True,93,73,9,1,0,132.2,0.8,5807.2,10493.504000000003
217,53678,53378,1,True,84,78,7,2,2,125.1,2.0,16014.1,61729.7
218,1985,11819,6,False,57,7,16,2,2,8.3,2.0,3548.7,3513.45
219,78843,69,7,True,35,16,29,1,1,51.7,1.0,24.4,61103.325000000004
220,52912,32485,2,False,99,28,8,3,0,16.4,2.4000000000000004,9746.5,104130.81600000002
221,71764,18224,9,False,62,19,31,3,2,18.799999999999997,2.8000000000000003,5471.7,150704.40000000002
222,11279,98619,10,True,10,46,100,1,2,63.0,1.2000000000000002,29590.899999999998,3654.396000000001
223,85793,95369,5,True,32,13,0,2,2,38.5,2.0,28613.4,160432.91
224,40783,40097,6,False,41,65,14,1,2,36.7,1.2000000000000002,12032.1,29608.458000000002
225,85167,35447,3,False,1,82,66,1,0,60.8,0.8,10635.6,17714.736
226,60582,18647,0,True,10,60,82,3,1,64.6,2.6000000000000005,5594.299999999999,45678.828000000016
227,74204,5954,0,True,92,52,4,2,0,119.2,1.6,1786.4,85483.008
228,35049,77244,3,True,98,25,53,3,2,126.4,2.8000000000000003,23174.9,59863.692
229,14785,64118,4,True,43,46,34,1,1,76.2,1.0,19237.6,8871.0
230,59598,78821,9,False,42,33,71,1,1,37.8,1.0,23650.8,28607.039999999997
231,45245,14260,3,False,41,100,16,0,1,54.8,0.2,4279.5,3800.5800000000004
232,60700,75164,3,False,20,34,8,2,3,19.4,2.2,22550.7,105496.6
233,5494,7384,8,True,92,22,6,1,0,104.8,0.8,2219.3999999999996,3779.872
234,2186,16982,10,False,14,43,56,3,2,38.3,2.8000000000000003,5099.599999999999,3091.004
235,29077,78749,0,False,25,94,21,2,0,53.3,1.6,23624.7,19772.360000000004
236,73010,79660,2,False,68,31,18,1,1,20.9,1.0,23899.0,55122.55
237,71008,76270,8,False,5,98,33,3,2,58.9,2.8000000000000003,22885.0,68593.728
238,61363,80819,1,False,72,14,85,2,3,32.5,2.2,24246.2,68174.293
239,45489,75757,2,True,51,35,70,0,0,89.5,0.0,22728.3,0.0
240,83508,582,1,True,22,80,9,2,1,64.7,1.8,175.29999999999998,83424.49199999998
241,14481,52787,7,False,82,52,9,3,0,28.7,2.4000000000000004,15839.599999999999,24154.308000000008
242,53090,34684,7,False,29,57,35,2,0,39.0,1.6,10408.699999999999,45869.76
243,57417,57540,3,True,97,54,11,1,2,127.3,1.2000000000000002,17263.7,46507.77000000001
244,3575,58183,1,False,75,67,24,3,2,40.7,2.8000000000000003,17455.399999999998,5455.450000000001
245,17006,34943,8,False,11,87,86,1,3,69.3,1.4000000000000001,10486.9,3214.1340000000005
246,18540,4726,4,False,77,75,20,0,2,43.5,0.4,1419.8,3893.4
247,69099,29632,1,False,13,7,59,2,3,21.2,2.2,8890.1,101851.926
248,4657,21538,10,False,96,72,100,3,3,66.0,3.0000000000000004,6466.4,1955.9400000000005
249,88977,33423,9,True,82,74,13,1,2,122.9,1.2000000000000002,10031.6,60326.406
250,56920,6514,8,False,24,88,15,0,0,48.5,0.0,1958.1999999999998,0.0
251,61057,94494,0,False,35,9,18,3,0,9.899999999999999,2.4000000000000004,28348.2,126754.33200000001
252,78958,15579,7,False,14,76,73,3,1,59.9,2.6000000000000005,4677.2,52349.15400000001
253,71612,21688,0,False,7,27,10,2,1,16.5,1.8,6506.4,105054.804
254,79084,51163,2,False,35,16,77,1,3,31.099999999999998,1.4000000000000001,15349.9,59233.916
255,27240,88987,6,True,29,5,57,0,0,48.599999999999994,0.0,26699.3,0.0
256,73967,65199,10,False,27,3,3,3,3,2.4,3.0000000000000004,19564.7,215243.97000000003
257,37411,48108,9,False,82,71,80,0,1,59.5,0.2,14436.9,1833.1390000000001
258,75225,29326,5,True,75,63,78,3,3,129.9,3.0000000000000004,8800.5,66574.12500000001
259,64618,50800,9,True,70,35,24,2,2,94.7,2.0,15244.7,91111.38
260,99503,53308,2,True,6,60,25,2,1,43.5,1.8,15993.6,102985.605
261,98439,75289,10,True,98,71,96,1,2,162.3,1.2000000000000002,22591.9,19490.922000000006
262,92857,42491,1,True,80,19,53,0,2,105.4,0.4,12748.0,23771.392000000003
263,87410,32056,9,False,39,56,82,2,2,52.599999999999994,2.0,9621.3,54194.20000000001
264,49513,47600,5,False,50,79,4,2,3,40.7,2.2,14282.5,63723.231
265,81103,79586,7,True,53,43,19,3,1,80.2,2.6000000000000005,23879.5,145498.782
266,58581,33858,1,True,19,86,79,2,0,85.7,1.6,10158.1,16402.680000000004
267,23871,75614,6,True,11,39,70,1,1,51.5,1.0,22687.4,10861.304999999998
268,88738,97979,0,False,26,48,62,2,3,42.599999999999994,2.2,29393.7,87850.62
269,14388,11999,6,True,25,67,23,0,3,65.4,0.6000000000000001,3602.8999999999996,4748.040000000001
270,85660,24659,0,False,63,31,32,1,2,25.1,1.2000000000000002,7397.7,70412.52000000002
271,56804,19786,1,False,49,12,64,2,1,25.2,1.8,5936.3,63393.263999999996
272,36852,93566,2,True,8,32,62,2,2,42.599999999999994,2.0,28071.0,39063.12
273,6759,4302,8,False,89,59,32,3,3,39.1,3.0000000000000004,1294.6,11050.965
274,38166,57673,4,False,83,67,17,1,0,38.6,0.8,17303.899999999998,17709.024000000005
275,41746,72616,10,False,15,55,16,1,3,32.3,1.4000000000000001,21789.8,37696.638000000006
276,37657,63225,6,True,12,58,85,1,3,66.5,1.4000000000000001,18970.7,15025.143000000002
277,27023,55492,5,True,70,21,34,1,1,90.7,1.0,16650.3,19591.675
278,91311,405,1,False,13,41,1,0,1,20.8,0.2,122.0,14427.138
279,29968,24091,3,False,91,44,7,3,0,24.1,2.4000000000000004,7228.8,53582.78400000001
280,71206,23393,2,False,6,27,53,2,2,29.4,2.0,7018.9,85447.2
281,35796,96070,0,False,79,100,50,3,0,65.0,2.4000000000000004,28821.0,21477.600000000002
282,79454,44609,7,False,10,61,36,3,0,41.3,2.4000000000000004,13386.199999999999,98205.14400000001
283,6333,78914,10,True,25,78,69,1,3,84.7,1.4000000000000001,23679.4,2349.543
284,51097,93975,5,False,36,86,14,3,1,47.2,2.6000000000000005,28195.0,66426.10000000002
285,99168,18165,4,True,57,3,72,3,1,80.1,2.6000000000000005,5451.7,161148.00000000003
286,878,7676,3,True,66,90,95,1,3,139.5,1.4000000000000001,2304.4999999999995,92.18999999999996
287,35143,94004,9,False,87,43,9,3,0,24.2,2.4000000000000004,28205.7,62413.96800000001
288,2571,15937,0,False,18,80,53,1,1,55.9,1.0,4781.099999999999,861.2849999999999
289,86853,47203,4,True,18,64,40,3,3,62.0,3.0000000000000004,14163.1,125068.32
290,33354,78805,1,True,44,92,0,0,0,90.0,0.0,23642.2,0.0
291,48029,40762,6,False,13,56,46,3,3,41.8,3.0000000000000004,12231.6,70602.63000000002
292,41698,12261,0,False,23,87,16,1,3,48.3,1.4000000000000001,3678.2999999999997,28312.942000000003
293,75752,95198,6,False,29,33,52,0,3,32.1,0.6000000000000001,28562.399999999998,26134.44
294,19683,91448,3,True,65,66,33,1,1,107.9,1.0,27436.1,9939.915
295,21122,50736,5,True,69,54,68,3,3,116.4,3.0000000000000004,15223.5,24712.740000000005
296,70221,36820,8,False,57,88,21,0,2,50.3,0.4,11050.0,12780.222
297,10748,23656,5,False,30,22,62,3,2,29.599999999999998,2.8000000000000003,7099.3,17454.752000000004
298,37379,48913,5,False,57,59,61,2,3,47.8,2.2,14676.4,32893.520000000004
299,3205,52538,10,False,2,84,19,1,1,47.7,1.0,15766.4,1554.425
300,73446,4849,6,True,35,36,43,0,0,65.9,0.0,1457.9,0.0
301,69881,15949,5,True,43,13,78,3,2,72.9,2.8000000000000003,4787.4,106638.406
302,2722,44282,5,False,30,9,52,0,2,20.1,0.4,13287.1,756.716
303,48514,18908,1,False,76,27,96,0,0,42.3,0.0,5672.9,0.0
304,85942,34298,0,False,31,42,44,0,1,34.2,0.2,10289.4,9797.388000000003
305,27676,30047,8,False,53,8,96,0,1,32.8,0.2,9018.1,2656.896
306,88115,50134,0,True,19,5,20,2,2,27.5,2.0,15040.4,154201.25
307,54193,49480,1,False,2,89,25,0,1,52.0,0.2,14844.5,4660.598000000001
308,67012,9852,9,True,42,36,13,2,1,63.9,1.8,2960.2999999999997,91069.308
309,63724,35787,3,False,68,27,50,2,0,28.5,1.6,10737.6,62704.416000000005
310,52897,72947,6,False,4,39,7,3,2,21.6,2.8000000000000003,21887.1,114045.932
311,56245,16391,6,False,82,87,44,2,0,56.7,1.6,4920.3,31047.239999999998
312,44783,21580,3,True,86,49,88,1,3,136.9,1.4000000000000001,6475.7,19749.302999999996
313,18340,16496,6,False,81,40,74,3,1,42.2,2.6000000000000005,4951.8,20504.120000000006
314,73924,55197,8,False,93,89,41,0,1,56.8,0.2,16563.1,5174.68
315,50476,99258,9,True,95,81,19,0,1,141.2,0.2,29782.1,5047.6
316,19417,43398,4,True,59,8,67,3,3,83.1,3.0000000000000004,13021.6,36406.87500000001
317,60936,40712,7,True,98,55,21,1,3,131.8,1.4000000000000001,12217.300000000001,52892.448000000004
318,86382,81702,4,True,50,44,28,1,0,80.4,0.8,24512.8,44227.584
319,22826,57152,3,False,1,59,45,3,2,43.0,2.8000000000000003,17147.1,30678.144
320,22908,61137,7,True,93,6,45,1,3,109.5,1.4000000000000001,18344.8,23893.044
321,27484,13359,5,True,53,34,3,0,2,70.9,0.4,4010.3999999999996,8959.784
322,46502,30159,7,True,51,75,100,2,0,118.5,1.6,9051.4,9300.4
323,10991,3104,9,False,21,94,83,1,1,71.9,1.0,935.6999999999999,1263.965
324,17119,93545,7,False,36,97,26,0,0,56.3,0.0,28067.0,0.0
325,49485,95524,3,False,21,56,57,1,0,45.099999999999994,0.8,28658.7,17220.780000000002
326,15599,77551,0,False,89,58,35,2,0,39.5,1.6,23265.3,13352.743999999999
327,66900,56037,0,True,98,80,0,1,3,138.0,1.4000000000000001,16811.3,56196.00000000001
328,21081,59899,8,True,21,93,4,1,0,68.7,0.8,17973.9,8685.372
329,88323,84343,7,True,13,18,17,2,0,27.1,1.6,25306.6,116586.36000000002
330,93954,52619,7,True,25,53,91,2,3,78.8,2.2,15789.4,57875.66400000001
331,27390,6799,4,True,53,36,42,0,0,83.6,0.0,2041.8999999999999,0.0
332,91999,47463,1,False,55,15,15,2,1,12.0,1.8,14239.4,140758.47
333,89266,46586,3,False,4,9,70,1,0,25.5,0.8,13977.3,43204.744
334,37288,46437,9,False,3,83,94,3,1,69.7,2.6000000000000005,13935.6,11149.112000000001
335,22203,32470,10,True,27,63,3,3,1,59.4,2.6000000000000005,9746.2,38677.626000000004
336,69525,70055,6,False,19,50,6,1,1,26.8,1.0,21019.5,50058.0
337,54626,41961,6,True,0,60,61,1,0,48.3,0.8,12591.5,17261.816000000003
338,15619,36500,9,False,17,57,54,2,2,44.7,2.0,10954.5,13900.909999999998
339,38298,97633,6,True,37,3,36,0,2,49.3,0.4,29293.1,12331.956
340,58246,19422,2,False,23,82,54,0,2,57.2,0.4,5827.599999999999,7455.487999999999
341,69555,21945,2,True,10,82,13,3,3,54.9,3.0000000000000004,6584.7,109549.12500000001
342,17955,51378,5,False,8,58,41,0,0,41.3,0.0,15415.9,0.0
343,53427,4049,4,False,56,60,23,2,2,36.9,2.0,1216.7,62509.59
344,586,10901,4,True,90,69,43,1,2,137.4,1.2000000000000002,3272.4999999999995,309.408
345,97225,15697,9,False,52,60,93,1,0,57.9,0.8,4713.599999999999,18278.3
346,64444,2922,6,False,50,46,4,2,2,24.2,2.0,879.6,96666.0
347,72595,60060,5,False,55,40,32,2,0,29.6,1.6,18020.5,74337.28
348,62045,49024,8,False,61,2,10,3,1,4.0,2.6000000000000005,14711.199999999999,151637.98
349,81630,42049,8,True,24,92,79,0,1,93.7,0.2,12618.9,2367.2700000000004
350,87581,8618,5,False,53,95,38,3,0,58.9,2.4000000000000004,2587.9,70415.124
351,7098,15797,6,True,64,19,98,0,3,102.9,0.6000000000000001,4742.299999999999,1767.4020000000003
352,92186,18047,8,True,6,49,11,0,3,33.8,0.6000000000000001,5418.299999999999,38718.12
353,8530,53275,10,True,28,39,29,2,3,56.2,2.2,15987.7,12385.559999999998
354,47319,77789,5,False,63,39,78,1,1,42.9,1.0,23339.2,19637.385000000002
355,81544,38496,2,False,88,61,54,1,1,46.7,1.0,11549.8,34656.200000000004
356,35846,52182,1,True,66,64,46,0,1,111.8,0.2,15655.3,3226.14
357,1346,49351,0,True,81,57,17,1,3,114.6,1.4000000000000001,14805.5,1187.172
358,29276,15035,10,True,57,18,66,1,0,85.8,0.8,4515.7,13584.064000000004
359,75251,87888,8,True,85,73,13,2,2,125.4,2.0,26370.6,85786.14000000001
360,7759,33795,3,False,89,92,37,1,0,57.1,0.8,10140.0,2203.556
361,20623,99934,10,False,57,17,98,0,2,37.9,0.4,29985.199999999997,3505.9100000000008
362,3484,98133,1,False,45,72,85,2,2,61.5,2.0,29440.399999999998,1498.12
363,96947,47304,2,False,44,97,20,2,0,54.5,1.6,14192.199999999999,64372.80800000001
364,54465,50706,7,True,48,83,34,1,3,99.7,1.4000000000000001,15215.5,31644.165000000005
365,82028,28725,8,True,62,55,56,2,1,106.3,1.8,8621.7,65704.42799999999
366,52157,84264,4,False,0,6,5,1,3,4.5,1.4000000000000001,25281.2,69003.711
367,91559,82564,7,True,35,21,1,1,2,45.8,1.2000000000000002,24772.9,97785.01200000002
368,28519,75519,7,True,96,66,4,0,3,130.2,0.6000000000000001,22659.4,11122.410000000002
369,32029,77568,7,False,60,12,6,0,0,7.8,0.0,23273.899999999998,0.0
370,52411,39652,7,True,11,85,60,2,0,71.5,1.6,11899.300000000001,23060.840000000004
371,87034,76510,1,True,97,54,27,0,3,132.1,0.6000000000000001,22953.7,31071.138000000003
372,67886,24875,10,False,54,91,53,3,1,61.4,2.6000000000000005,7467.5,49421.008000000016
373,1580,87613,1,True,100,17,83,3,2,133.4,2.8000000000000003,26284.6,2212.0
374,46157,49965,0,True,97,4,3,3,1,99.9,2.6000000000000005,14989.7,115807.91300000002
375,94672,59259,3,False,100,10,54,0,3,21.2,0.6000000000000001,17779.2,38626.17600000001
376,18935,62060,8,False,65,31,53,1,2,31.4,1.2000000000000002,18622.0,13178.760000000004
377,31797,72026,10,False,79,11,57,3,3,22.599999999999998,3.0000000000000004,21612.8,62958.060000000005
378,59881,14414,6,True,0,56,58,3,1,45.4,2.6000000000000005,4327.4,66946.95800000003
379,95380,66545,1,False,58,43,13,3,1,25.4,2.6000000000000005,19964.0,178551.36000000004
380,12369,47208,0,False,6,100,49,2,0,64.7,1.6,14162.4,5046.552000000001
381,86788,7440,3,False,2,95,38,1,3,58.9,1.4000000000000001,2233.5,40703.572
382,97048,22840,4,False,70,81,93,2,3,68.4,2.2,6854.0,27755.728000000003
383,73063,99848,1,False,48,24,27,1,3,20.1,1.4000000000000001,29954.899999999998,76204.709
384,14594,32858,7,False,48,83,45,1,1,55.0,1.0,9860.9,5253.84
385,42029,19998,5,True,30,33,89,0,3,73.2,0.6000000000000001,6002.099999999999,9834.786000000002
386,95010,78695,2,True,87,8,45,3,2,104.5,2.8000000000000003,23609.7,195530.58
387,85159,31631,1,False,75,69,74,1,0,56.7,0.8,9489.8,19416.252
388,40273,46268,3,False,58,70,75,1,3,57.5,1.4000000000000001,13881.9,15505.105000000003
389,60505,69747,0,True,68,71,15,2,0,108.0,1.6,20924.3,55180.560000000005
390,31080,95393,0,True,37,95,59,1,2,102.2,1.2000000000000002,28618.1,8578.080000000002
391,32976,63422,4,True,49,77,21,1,1,93.8,1.0,19028.8,16817.760000000002
392,86097,43796,1,False,96,80,13,0,1,43.9,0.2,13139.3,9212.378999999999
393,50452,80149,3,False,18,44,70,3,1,43.0,2.6000000000000005,24046.2,56405.336000000025
394,2479,65841,2,True,5,41,40,2,2,37.5,2.0,19753.5,2950.0099999999998
395,72989,5558,3,True,59,66,74,3,0,114.2,2.4000000000000004,1669.1,52552.080000000016
396,75585,78179,6,True,3,4,87,0,3,31.099999999999998,0.6000000000000001,23456.9,24716.295000000002
397,92361,89356,7,True,44,93,92,0,0,118.1,0.0,26810.5,0.0
398,72833,15140,7,True,79,93,9,1,3,128.2,1.4000000000000001,4545.7,49963.438
399,7493,82408,2,True,75,4,82,2,2,101.6,2.0,24723.6,8542.02
400,96998,81992,2,False,1,99,50,1,2,64.5,1.2000000000000002,24598.6,29681.388000000006
401,74960,44773,6,False,23,61,25,3,3,38.0,3.0000000000000004,13434.9,128181.60000000003
402,21225,16322,8,False,16,12,95,2,2,34.5,2.0,4900.599999999999,19739.25
403,70494,73218,1,True,48,50,50,2,0,88.0,1.6,21966.1,56395.200000000004
404,36877,11463,1,False,55,50,74,3,0,47.2,2.4000000000000004,3439.4,33631.82400000001
405,88529,27418,0,False,46,100,54,1,1,66.2,1.0,8225.4,20361.67
406,71977,71880,9,True,94,42,41,0,3,127.3,0.6000000000000001,21568.7,25263.927
407,9251,37954,2,True,38,50,43,2,3,75.9,2.2,11387.4,10888.426999999998
408,42891,80958,9,False,35,65,28,3,0,40.9,2.4000000000000004,24291.899999999998,55072.043999999994
409,2992,67225,10,False,29,12,2,1,2,6.6,1.2000000000000002,20172.5,3339.072
410,23491,18343,9,False,49,88,68,3,3,64.4,3.0000000000000004,5507.4,15504.060000000001
411,68769,41337,8,False,52,64,10,1,3,35.0,1.4000000000000001,12405.1,60654.258
412,3569,39651,3,False,80,49,9,3,0,27.2,2.4000000000000004,11896.8,6081.576
413,12500,51788,2,False,24,88,98,3,3,73.4,3.0000000000000004,15537.4,2624.9999999999986
414,67606,33473,1,True,26,91,3,1,2,72.4,1.2000000000000002,10042.6,42997.416000000005
415,91743,1492,5,True,87,63,93,2,0,146.4,1.6,450.29999999999995,32293.536
416,79161,20730,2,True,59,5,28,0,0,69.9,0.0,6220.2,0.0
417,54873,16386,8,False,54,88,85,0,3,69.5,0.6000000000000001,4919.8,4444.713000000001
418,12518,57445,2,True,1,4,77,2,3,26.099999999999998,2.2,17234.7,16386.062
419,63794,29310,0,False,39,87,53,0,1,59.4,0.2,8793.0,3827.640000000001
420,83759,15584,8,False,48,76,69,3,3,58.7,3.0000000000000004,4679.2,69101.17500000002
421,47232,93544,5,True,2,87,81,0,0,69.8,0.0,28065.9,0.0
422,24704,55328,0,True,23,51,40,0,3,60.5,0.6000000000000001,16598.6,8078.208
423,62071,73517,8,True,67,27,25,2,3,88.0,2.2,22059.3,101051.588
424,71705,20005,9,True,19,64,79,0,1,74.7,0.2,6006.2,4087.1850000000004
425,69026,48168,2,True,72,34,85,0,2,114.5,0.4,14451.6,11182.212000000001
426,86746,62365,4,False,40,54,97,0,3,56.099999999999994,0.6000000000000001,18711.5,12751.662000000002
427,15904,67791,0,False,33,5,51,2,1,17.799999999999997,1.8,20337.3,20611.584
428,7750,94749,6,True,21,21,1,1,2,31.8,1.2000000000000002,28427.9,8277.000000000002
429,32265,83315,9,True,61,14,23,0,3,74.9,0.6000000000000001,24999.2,15777.585000000003
430,34202,37065,1,True,5,60,75,3,3,57.5,3.0000000000000004,11120.2,33346.95
431,66042,65,1,True,82,9,52,0,2,102.1,0.4,20.2,18359.676000000003
432,20769,73918,4,True,37,94,83,3,3,108.9,3.0000000000000004,22177.6,7165.305
433,66176,96321,2,False,22,100,53,3,1,65.9,2.6000000000000005,28897.3,40433.53600000001
434,68344,19564,2,False,10,33,99,1,1,46.2,1.0,5870.2,23236.96
435,78887,87299,1,False,90,23,60,2,0,29.5,1.6,26190.2,73838.232
436,74191,20567,0,False,98,84,10,0,2,45.0,0.4,6170.099999999999,15728.492000000002
437,82099,14959,8,False,89,68,55,2,3,50.5,2.2,4491.7,69537.853
438,9645,2729,0,False,24,12,90,2,3,33.0,2.2,818.6999999999999,10397.31
439,41621,58556,3,True,36,81,52,2,0,92.1,1.6,17568.5,22308.856
440,41456,41708,0,False,79,0,87,2,0,26.099999999999998,1.6,12512.4,37476.224
441,56942,47166,2,True,95,23,69,3,1,127.2,2.6000000000000005,14151.0,79946.56800000003
442,77415,76666,5,True,93,22,21,3,0,110.3,2.4000000000000004,23002.5,145849.86000000002
443,476,13131,9,False,47,30,47,2,3,29.1,2.2,3943.7999999999997,644.028
444,72665,11024,6,False,39,44,13,1,3,25.9,1.4000000000000001,3310.2,72737.66500000002
445,27206,20885,10,True,56,97,86,2,2,130.3,2.0,6270.7,4625.019999999998
446,21614,50038,0,True,82,94,9,3,3,131.7,3.0000000000000004,15011.6,31448.370000000003
447,29275,39828,4,True,34,70,86,1,1,94.8,1.0,11950.6,6440.499999999999
448,18410,24698,4,False,65,82,53,0,2,56.9,0.4,7411.4,2393.2999999999997
449,76862,1068,8,True,12,58,43,1,2,53.9,1.2000000000000002,324.59999999999997,45656.028000000006
450,63751,55942,5,True,4,60,5,1,1,35.5,1.0,16785.3,43031.925
451,15409,33317,9,True,71,48,36,0,2,105.8,0.4,9999.800000000001,3574.888000000001
452,80376,63108,8,False,87,95,37,2,1,58.6,1.8,18936.399999999998,49190.112
453,12595,7221,1,False,27,42,16,1,2,25.8,1.2000000000000002,2166.7999999999997,10730.94
454,64740,3310,2,False,79,41,3,2,2,21.4,2.0,994.0,100994.40000000001
455,4637,46896,9,False,43,61,12,0,1,34.1,0.2,14073.3,588.8990000000001
456,35222,80712,0,False,40,51,66,1,1,45.3,1.0,24213.6,14617.130000000001
457,56798,87551,2,False,32,13,41,1,0,18.799999999999997,0.8,26266.3,33170.032
458,14038,24232,6,True,66,42,33,0,0,96.9,0.0,7272.799999999999,0.0
459,99602,46090,10,True,1,60,5,0,2,32.5,0.4,13832.2,26892.540000000005
460,72532,26495,9,True,71,93,60,2,3,135.5,2.2,7953.2,37499.044
461,53200,66212,5,False,73,15,89,1,0,34.2,0.8,19866.1,20428.8
462,40543,23711,0,True,78,95,61,0,0,143.8,0.0,7113.5,0.0
463,6060,3602,6,False,32,78,5,1,3,40.5,1.4000000000000001,1083.6,4963.139999999999
464,97756,44927,9,False,94,18,33,2,0,18.9,1.6,13482.6,116525.152
465,72840,26363,7,False,91,28,2,3,3,14.6,3.0000000000000004,7912.4,185742.00000000003
466,55536,62186,2,False,78,95,29,2,3,56.2,2.2,18656.8,46428.096000000005
467,28006,64564,5,True,14,69,44,1,0,61.7,0.8,19371.9,9746.088000000002
468,78911,77305,9,False,94,75,88,2,3,63.9,2.2,23196.0,32116.777000000013
469,24802,3770,9,False,54,90,67,3,2,65.1,2.8000000000000003,1135.5,14930.803999999998
470,50204,94008,4,False,59,40,99,0,0,49.7,0.0,28204.399999999998,0.0
471,32708,45368,5,False,67,39,54,3,2,35.7,2.8000000000000003,13612.9,48996.583999999995
472,48697,46060,0,False,39,22,0,0,0,11.0,0.0,13818.0,0.0
473,31779,60890,3,False,83,94,93,0,0,74.9,0.0,18268.5,0.0
474,82756,80719,0,False,97,56,92,2,0,55.599999999999994,1.6,24215.7,34426.496
475,15183,34980,8,False,61,15,61,1,2,25.8,1.2000000000000002,10498.0,11296.152000000002
476,43627,83270,2,False,1,54,91,3,3,54.3,3.0000000000000004,24982.0,35992.27500000001
477,50293,32930,2,True,76,20,32,1,2,95.6,1.2000000000000002,9880.2,44660.184
478,11356,44124,4,False,20,18,52,0,3,24.6,0.6000000000000001,13239.199999999999,4428.840000000001
479,39691,3722,7,True,58,3,73,2,1,81.4,1.8,1120.3,44295.156
480,620,82580,0,False,31,64,66,3,3,51.8,3.0000000000000004,24774.0,651.0
481,60093,97922,3,False,20,76,67,3,0,58.099999999999994,2.4000000000000004,29378.1,41103.61200000001
482,7924,38393,4,False,53,61,65,1,1,50.0,1.0,11519.9,2931.88
483,44561,70720,8,False,17,8,23,1,0,10.899999999999999,0.8,21220.0,30123.236
484,99464,22275,8,True,45,33,59,0,2,79.2,0.4,6686.7,21484.224000000006
485,1267,23918,2,False,83,49,96,2,1,53.3,1.8,7176.4,627.1650000000001
486,38875,96068,7,True,7,18,74,2,0,38.2,1.6,28824.1,33588.0
487,45875,24889,6,False,31,17,5,1,2,10.0,1.2000000000000002,7469.7,48994.50000000001
488,42331,36357,1,True,24,51,16,0,1,54.3,0.2,10907.800000000001,5630.023000000001
489,23705,89777,4,True,10,2,75,3,0,33.5,2.4000000000000004,26935.3,34988.58
490,59262,69554,4,False,40,57,57,0,3,45.599999999999994,0.6000000000000001,20868.2,15289.596000000003
491,86544,88524,3,True,71,46,68,2,2,114.4,2.0,26558.9,74427.84000000001
492,20656,87200,0,False,9,12,15,0,2,10.5,0.4,26160.0,7146.976
493,76862,79166,8,True,76,71,17,1,0,116.6,0.8,23754.0,34434.17600000001
494,55720,65337,3,False,68,49,91,0,2,51.8,0.4,19602.6,6686.400000000001
495,33388,24044,7,False,41,77,56,2,0,55.3,1.6,7216.7,17895.968
496,95995,50483,9,False,29,61,69,2,3,51.2,2.2,15149.4,73916.15000000001
497,90310,72915,7,False,55,86,79,3,2,66.7,2.8000000000000003,21878.0,44251.900000000016
498,29654,11343,7,False,12,16,43,1,3,20.9,1.4000000000000001,3406.4,29268.498000000007
499,17280,94506,7,True,83,14,37,1,3,101.1,1.4000000000000001,28355.5,18023.04
500,77565,38671,5,False,24,22,79,1,1,34.7,1.0,11603.8,38394.675
501,30955,62414,1,False,57,43,18,3,2,26.9,2.8000000000000003,18724.7,60238.430000000015
502,12229,85431,3,True,85,59,60,3,2,132.5,2.8000000000000003,25631.0,13867.686000000003
503,39623,8482,2,False,99,22,41,0,2,23.299999999999997,0.4,2545.6,10856.702000000001
504,69225,29248,0,True,78,51,38,1,2,114.9,1.2000000000000002,8774.6,46103.850000000006
505,66871,20219,5,False,64,44,44,1,2,35.2,1.2000000000000002,6068.2,44937.31200000001
506,36262,97665,9,False,37,60,9,0,2,32.7,0.4,29304.0,9500.644
507,74109,730,2,True,69,89,64,0,0,132.7,0.0,220.2,0.0
508,35034,59112,1,True,33,5,90,3,3,62.5,3.0000000000000004,17734.3,55178.55000000001
509,910,46438,4,True,34,15,57,2,2,58.599999999999994,2.0,13933.6,1164.8
510,67999,60256,3,True,31,46,25,3,2,61.5,2.8000000000000003,18078.5,122806.19400000002
511,78734,1419,7,False,97,21,65,3,2,30.0,2.8000000000000003,429.2,125659.46400000002
512,71705,47121,4,True,92,57,12,3,1,124.1,2.6000000000000005,14138.5,122113.61500000002
513,80515,77929,3,True,70,73,66,1,0,126.3,0.8,23380.4,19645.660000000003
514,31197,56805,2,False,39,10,84,1,3,30.2,1.4000000000000001,17042.5,23148.174000000003
515,51060,13255,7,True,26,86,54,0,2,85.2,0.4,3980.2,6127.200000000001
516,56571,65485,3,False,55,47,85,2,2,49.0,2.0,19647.0,38468.28
517,57681,34595,3,True,58,82,28,3,2,107.4,2.8000000000000003,10380.2,72678.06
518,76382,81591,3,True,7,71,75,2,0,65.0,1.6,24479.0,32997.024000000005
519,207,54523,0,True,35,13,98,1,0,70.9,0.8,16357.1,73.69200000000001
520,64312,48600,5,False,21,73,96,2,3,65.3,2.2,14582.5,21930.392000000007
521,4247,40456,4,True,58,38,64,0,0,96.2,0.0,12139.0,0.0
522,46806,40118,3,True,70,65,6,1,1,104.3,1.0,12037.1,30189.870000000003
523,54640,45030,9,False,32,91,62,0,2,64.1,0.4,13513.5,5136.16
524,4035,75706,8,False,42,77,95,0,1,67.0,0.2,22715.8,112.98
525,2250,50946,7,False,29,62,87,0,2,57.099999999999994,0.4,15287.3,229.5
526,65104,43721,6,False,39,28,43,3,1,26.9,2.6000000000000005,13119.3,109179.40800000002
527,48719,55070,3,False,24,39,8,1,3,21.9,1.4000000000000001,16522.5,52178.049000000006
528,59005,29832,6,False,72,57,20,2,2,34.5,2.0,8952.6,72576.15
529,33182,29023,1,False,12,26,28,3,1,21.4,2.6000000000000005,8707.4,62979.43600000001
530,38166,67976,0,True,99,91,52,1,0,160.1,0.8,20393.0,8701.848000000002
531,47093,73575,7,True,16,76,82,1,3,78.6,1.4000000000000001,22076.2,13845.342
532,53697,55200,3,False,82,67,24,0,1,40.7,0.2,16561.5,5852.973
533,88317,33299,2,False,42,56,16,0,3,32.8,0.6000000000000001,9990.699999999999,33913.728
534,78726,68632,1,False,16,99,87,3,0,75.6,2.4000000000000004,20590.1,13225.967999999992
535,89745,40162,10,True,71,75,5,3,0,110.0,2.4000000000000004,12053.800000000001,129232.80000000002
536,44651,93585,5,False,57,38,0,2,3,19.0,2.2,28078.0,79568.08200000001
537,64016,99223,1,True,8,97,19,0,2,62.2,0.4,29767.6,10754.688000000002
538,68337,80070,3,True,50,96,9,2,2,100.7,2.0,24022.7,64920.149999999994
539,39545,57853,1,True,55,31,91,1,0,97.8,0.8,17356.6,12338.04
540,19518,55249,7,False,36,69,0,3,3,34.5,3.0000000000000004,16578.2,38352.87000000001
541,49040,94641,8,True,58,3,40,0,1,71.5,0.2,28396.5,7699.280000000001
542,40296,40733,1,True,86,54,17,0,0,118.1,0.0,12220.6,0.0
543,9496,41666,0,False,64,75,39,1,1,49.2,1.0,12499.8,4083.2800000000007
544,37036,96894,5,True,34,96,66,3,1,101.8,2.6000000000000005,29070.9,18295.784
545,85102,74628,2,False,54,29,4,0,3,15.7,0.6000000000000001,22389.399999999998,42636.102
546,53595,74503,1,True,72,58,88,0,0,127.4,0.0,22351.6,0.0
547,34357,36103,3,False,73,63,3,3,3,32.4,3.0000000000000004,10832.4,69057.57
548,32273,13757,0,True,69,98,45,1,0,131.5,0.8,4127.299999999999,7358.2440000000015
549,15221,64320,4,False,77,11,0,0,1,5.5,0.2,19298.0,2876.7690000000002
550,58918,74581,10,True,43,0,65,3,2,62.5,2.8000000000000003,22379.5,111355.02000000002
551,58255,17580,6,True,57,5,21,3,1,65.8,2.6000000000000005,5277.2,131772.81000000003
552,87416,70121,2,True,48,81,29,0,1,97.2,0.2,21037.5,7867.44
553,99064,36663,9,True,71,70,3,2,3,106.9,2.2,11003.6,138392.40800000002
554,67695,12670,0,True,10,81,93,1,2,78.4,1.2000000000000002,3801.2,10560.420000000002
555,46258,84881,7,False,8,2,71,3,1,22.3,2.6000000000000005,25467.8,76371.95800000001
556,95680,52293,5,False,23,70,27,0,0,43.1,0.0,15690.4,0.0
557,34461,11749,9,False,72,81,28,3,3,48.9,3.0000000000000004,3529.2,47039.265
558,15003,16816,0,True,84,91,79,1,0,153.2,0.8,5045.0,1800.3600000000006
559,45505,21588,6,True,30,19,30,2,3,48.5,2.2,6479.599999999999,75583.80500000001
560,24450,74433,0,True,65,38,55,0,1,100.5,0.2,22330.1,2616.1499999999996
561,5569,42455,8,False,58,48,16,1,3,28.8,1.4000000000000001,12740.5,5301.688
562,43568,75854,3,True,30,65,10,3,2,65.5,2.8000000000000003,22757.9,76244.0
563,54385,68591,6,False,48,0,85,2,2,25.5,2.0,20580.3,62542.74999999999
564,59466,54605,8,True,9,64,99,0,2,70.7,0.4,16385.7,4400.484000000001
565,34755,36964,3,False,44,58,60,1,0,47.0,0.8,11090.699999999999,11399.640000000001
566,13442,48987,0,True,76,61,95,3,1,135.0,2.6000000000000005,14696.300000000001,7688.824
567,65456,32934,5,False,85,74,23,2,2,43.9,2.0,9882.699999999999,67419.68000000001
568,6030,36477,10,True,27,77,1,2,0,65.8,1.6,10948.300000000001,5885.28
569,41604,74016,7,True,82,93,78,2,3,151.9,2.2,22208.5,13271.676000000001
570,51675,14551,4,True,39,40,67,3,0,79.1,2.4000000000000004,4367.5,57669.3
571,87148,84219,9,True,27,40,14,2,2,51.2,2.0,25270.4,127236.08
572,84401,94220,8,True,79,18,90,2,1,115.0,1.8,28270.2,69884.028
573,72442,83827,1,True,35,55,82,2,0,87.1,1.6,25148.8,36510.768
574,2081,38790,3,True,54,82,42,0,1,107.6,0.2,11638.7,158.156
575,67605,12022,5,False,90,27,36,2,2,24.299999999999997,2.0,3609.1,92618.85
576,94074,42063,8,True,76,50,5,2,1,102.5,1.8,12623.1,122766.57
577,63010,85546,5,True,23,43,34,3,0,54.7,2.4000000000000004,25666.5,93002.76000000001
578,41086,83205,3,False,22,61,81,3,1,54.8,2.6000000000000005,24963.0,30978.84400000001
579,51609,97166,7,False,6,48,24,0,2,31.2,0.4,29153.3,13211.904000000002
580,10760,97748,7,False,1,42,79,3,3,44.7,3.0000000000000004,29327.899999999998,12750.600000000002
581,85458,43415,7,True,75,51,96,3,3,129.3,3.0000000000000004,13028.2,67939.11000000002
582,58089,81609,5,False,60,27,36,0,2,24.299999999999997,0.4,24485.2,15916.386000000002
583,52591,282,7,False,57,83,79,2,3,65.2,2.2,88.1,21983.037999999997
584,50818,65293,10,True,52,73,66,1,1,108.3,1.0,19593.1,15499.490000000002
585,67600,41764,10,False,96,61,8,2,1,32.9,1.8,12534.199999999999,79700.40000000001
586,23584,18918,7,False,52,91,90,2,3,72.5,2.2,5678.9,4929.055999999999
587,47394,90730,9,True,93,27,0,3,2,106.5,2.8000000000000003,27223.7,114788.26800000001
588,88059,54541,3,True,44,25,28,2,3,64.9,2.2,16364.0,142391.40300000002
589,85518,6462,4,False,62,63,52,2,3,47.1,2.2,1940.6,79959.33000000002
590,48590,21124,3,True,67,41,21,2,3,93.8,2.2,6338.9,73759.62000000001
591,41287,35586,4,True,75,85,35,1,1,128.0,1.0,10678.0,16514.8
592,86069,48396,6,True,28,45,69,0,2,71.2,0.4,14522.0,14803.868
593,84487,44947,5,False,25,9,55,0,1,21.0,0.2,13486.6,11490.232
594,72837,72378,3,False,13,48,12,2,0,27.6,1.6,21714.899999999998,81577.44
595,58966,30923,4,False,17,51,91,2,2,52.8,2.0,9278.9,34200.280000000006
596,50693,41562,3,False,56,36,96,3,1,46.8,2.6000000000000005,12470.1,44812.612
597,75773,37841,3,True,55,4,55,0,1,73.5,0.2,11354.0,10683.993000000002
598,9428,62478,5,True,88,98,41,1,3,149.3,1.4000000000000001,18746.1,4025.7560000000008
599,72339,39456,1,True,9,25,33,3,1,31.4,2.6000000000000005,11837.5,133537.79400000002
600,78521,4459,5,True,96,10,70,0,3,122.0,0.6000000000000001,1340.4,28267.56
601,51193,23115,7,True,35,25,86,2,3,73.3,2.2,6938.2,50117.947
602,77097,84971,3,True,62,25,92,3,3,102.1,3.0000000000000004,25493.0,95985.76500000001
603,82694,66895,2,False,50,95,6,1,1,49.3,1.0,20069.5,40933.53
604,61210,45463,9,False,71,60,38,3,0,41.4,2.4000000000000004,13643.4,74921.04000000002
605,79102,78153,9,False,51,87,68,3,0,63.9,2.4000000000000004,23450.399999999998,42715.08
606,11220,86065,4,False,70,11,82,3,0,30.099999999999998,2.4000000000000004,25821.5,14406.48
607,8004,80390,5,False,91,3,97,0,1,30.599999999999998,0.2,24119.5,800.4000000000001
608,93733,33140,6,True,43,68,80,3,3,101.0,3.0000000000000004,9945.2,73111.74000000002
609,70091,59752,9,True,31,70,68,3,1,86.4,2.6000000000000005,17930.3,56493.34600000002
610,60038,34128,2,True,6,39,31,2,0,34.8,1.6,10239.6,62439.520000000004
611,83457,93389,6,True,88,13,88,2,3,120.9,2.2,28019.9,90884.67300000001
612,47564,32147,8,True,76,11,37,3,1,92.6,2.6000000000000005,9648.300000000001,93986.46400000002
613,18558,91692,10,True,70,49,83,1,3,119.4,1.4000000000000001,27512.8,8833.608
614,77770,42302,10,True,54,23,77,3,2,88.6,2.8000000000000003,12695.800000000001,108878.00000000001
615,59478,64356,7,False,45,14,47,0,3,21.1,0.6000000000000001,19310.3,24802.326000000005
616,70516,7588,5,True,23,58,79,0,3,75.7,0.6000000000000001,2279.1,13327.524
617,51335,9384,3,True,1,29,61,2,3,33.8,2.2,2816.8999999999996,62115.35000000001
618,96125,96817,8,False,11,78,90,2,3,66.0,2.2,29049.1,33836.000000000015
619,37464,82493,3,False,63,90,53,0,2,60.9,0.4,24749.399999999998,4270.896000000001
620,7035,45180,5,False,34,18,29,1,0,17.7,0.8,13556.5,4305.42
621,3023,56859,6,True,18,10,4,1,0,24.2,0.8,17060.9,2249.112
622,46616,40047,2,False,33,10,81,2,1,29.3,1.8,12015.1,45730.295999999995
623,90330,33733,6,True,53,9,9,3,2,60.2,2.8000000000000003,10123.1,230160.84000000003
624,62015,84671,4,True,71,65,78,0,3,126.9,0.6000000000000001,25403.5,10604.565000000002
625,9867,39401,5,False,51,88,32,3,3,53.6,3.0000000000000004,11822.8,11840.400000000001
626,77793,98724,5,False,58,83,11,0,2,44.8,0.4,29619.699999999997,16492.116
627,49936,86418,10,False,52,48,36,3,0,34.8,2.4000000000000004,25930.399999999998,69510.91200000003
628,83030,74757,0,True,19,34,88,3,2,62.4,2.8000000000000003,22427.3,90668.76000000001
629,34577,90261,8,True,73,51,90,0,3,125.5,0.6000000000000001,27082.5,6120.129000000002
630,81427,11936,9,False,76,21,98,1,2,39.9,1.2000000000000002,3585.2999999999997,39573.522000000004
631,39437,61509,7,False,36,11,88,2,1,31.9,1.8,18456.2,35848.233
632,28838,89538,4,False,96,6,94,1,1,31.2,1.0,26863.399999999998,14419.0
633,88801,70055,6,False,98,4,56,2,0,18.8,1.6,21019.5,99457.12
634,699,3359,0,True,20,92,10,1,1,69.0,1.0,1007.9,342.51
635,35201,24636,9,True,83,89,67,0,2,147.6,0.4,7395.499999999999,3097.688
636,44424,87552,10,True,96,97,39,3,0,156.2,2.4000000000000004,26270.8,34117.632
637,89884,52511,1,False,64,88,84,3,1,69.2,2.6000000000000005,15753.8,32717.77600000001
638,4051,66651,9,False,48,82,83,2,3,65.9,2.2,19999.8,1559.6350000000004
639,62559,38981,6,False,91,99,8,2,0,51.9,1.6,11697.3,46543.896
640,84222,18052,4,False,38,85,86,3,0,68.3,2.4000000000000004,5417.599999999999,29309.256000000005
641,45303,35236,10,True,50,77,73,2,1,110.4,1.8,10576.0,20386.350000000002
642,31851,78763,10,False,88,45,56,2,3,39.3,2.2,23633.899999999998,34685.73900000001
643,72225,98274,4,True,68,42,71,1,0,110.3,0.8,29484.4,25134.300000000003
644,43247,21172,10,True,11,15,96,1,0,47.3,0.8,6356.799999999999,15395.931999999997
645,31752,41006,9,True,65,47,49,1,3,103.2,1.4000000000000001,12306.5,23115.456000000002
646,20249,4281,8,False,23,78,44,0,3,52.2,0.6000000000000001,1288.3,4738.2660000000005
647,4005,221,6,True,21,61,18,2,0,56.9,1.6,69.5,3876.8399999999997
648,65488,41509,0,True,25,11,89,1,1,57.2,1.0,12452.9,32744.0
649,59825,4954,9,False,37,8,29,1,3,12.7,1.4000000000000001,1490.7,68260.32500000001
650,42403,3428,6,True,58,74,42,2,0,107.6,1.6,1031.6,28494.816000000003
651,96478,19803,3,False,14,71,87,2,0,61.599999999999994,1.6,5942.4,32416.607999999997
652,17231,62908,3,False,30,64,63,3,0,50.9,2.4000000000000004,18873.899999999998,15094.356000000003
653,7610,78545,3,True,71,38,0,3,2,90.0,2.8000000000000003,23565.2,17259.480000000003
654,42485,14632,10,False,8,25,60,2,3,30.5,2.2,4394.599999999999,53743.525
655,6009,23715,10,False,0,98,96,2,3,77.8,2.2,7119.5,396.5940000000004
656,56653,36639,2,False,54,56,66,1,1,47.8,1.0,10992.699999999999,22094.670000000002
657,20643,60994,1,True,53,75,34,3,3,100.7,3.0000000000000004,18298.9,28177.695
658,26004,78655,4,True,31,70,15,0,0,70.5,0.0,23598.7,0.0
659,50067,57386,4,False,70,2,78,3,1,24.4,2.6000000000000005,17217.8,78104.52000000002
660,26150,19173,10,True,48,18,34,1,1,67.2,1.0,5757.099999999999,19351.0
661,7684,11731,3,True,63,8,17,3,1,72.1,2.6000000000000005,3520.9999999999995,17481.100000000006
662,46665,68044,9,False,42,49,70,1,1,45.5,1.0,20417.7,18899.325
663,47924,43811,5,True,94,32,28,3,0,118.4,2.4000000000000004,13146.0,80512.32
664,68184,17921,7,True,9,8,44,3,1,26.2,2.6000000000000005,5380.0,131186.016
665,47174,47176,9,False,57,25,34,0,0,22.7,0.0,14157.3,0.0
666,6926,22485,0,True,67,57,50,3,3,110.5,3.0000000000000004,6745.7,9661.77
667,65715,92448,2,False,13,84,38,1,0,53.4,0.8,27735.399999999998,20503.08
668,3829,30562,3,False,41,68,73,2,3,55.9,2.2,9170.1,2485.0210000000006
669,89552,19343,1,False,41,60,20,3,0,36.0,2.4000000000000004,5803.4,128954.88
670,52314,13554,3,False,35,89,1,3,1,44.8,2.6000000000000005,4067.7,74809.02000000002
671,38527,55301,6,False,44,31,41,0,3,27.799999999999997,0.6000000000000001,16593.3,14794.368000000002
672,42340,56852,10,True,89,47,56,1,0,129.3,0.8,17060.8,16427.92
673,2712,70243,3,False,74,78,95,2,0,67.5,1.6,21074.399999999998,585.792
674,65624,97968,5,False,35,48,9,3,0,26.7,2.4000000000000004,29392.899999999998,112610.78400000004
675,6649,53408,3,False,11,12,10,1,2,9.0,1.2000000000000002,16023.9,7101.132000000001
676,1777,19277,9,True,26,13,86,1,0,58.3,0.8,5787.799999999999,717.9080000000001
677,96690,56032,9,False,32,37,42,3,1,31.1,2.6000000000000005,16814.1,152093.37000000002
678,88002,66800,6,True,90,1,71,0,2,111.8,0.4,20043.2,22528.512000000002
679,7617,91205,3,True,41,62,37,2,0,83.1,1.6,27363.2,6154.536
680,58009,82556,0,True,69,2,90,3,0,97.0,2.4000000000000004,24767.0,75179.66400000002
681,5670,20231,5,False,8,98,73,0,1,70.9,0.2,6071.8,164.43
682,52032,50260,5,False,75,15,51,1,3,22.799999999999997,1.4000000000000001,15080.5,48806.015999999996
683,75655,78119,8,False,40,12,54,1,1,22.2,1.0,23439.7,50688.84999999999
684,42601,31605,7,True,72,13,88,2,1,104.9,1.8,9485.2,37957.491
685,78284,15125,6,False,77,9,61,0,0,22.8,0.0,4540.5,0.0
686,49762,24973,9,True,84,50,2,2,0,109.6,1.6,7496.599999999999,58918.208000000006
687,4152,38972,2,False,82,52,51,2,1,41.3,1.8,11692.6,3624.696
688,49460,18393,3,True,44,32,13,0,0,63.9,0.0,5519.599999999999,0.0
689,30207,23093,6,True,52,3,25,0,2,61.0,0.4,6931.099999999999,10391.208
690,87570,91870,8,False,68,12,61,1,2,24.3,1.2000000000000002,27565.0,66728.34000000001
691,8025,95722,0,True,11,72,49,0,1,61.7,0.2,28716.8,633.975
692,14272,68050,8,True,33,9,42,2,2,50.1,2.0,20419.2,21265.28
693,75751,77243,2,True,95,91,4,1,0,141.7,0.8,23174.1,31815.420000000002
694,68773,83445,9,True,16,70,93,0,0,78.9,0.0,25038.2,0.0
695,30441,19849,2,False,34,90,96,0,1,73.8,0.2,5955.7,426.17399999999975
696,89782,478,4,True,79,46,52,2,3,117.6,2.2,145.6,100735.40400000001
697,27901,56690,7,False,13,13,100,2,1,36.5,1.8,17010.5,21846.483000000004
698,46345,19409,5,True,74,66,86,3,0,132.8,2.4000000000000004,5825.4,26694.72
699,89079,49081,4,True,39,39,25,3,2,66.0,2.8000000000000003,14726.5,169606.416
700,86530,25769,2,False,95,6,2,2,0,3.6,1.6,7731.7,132910.08
701,25148,52621,0,True,7,91,80,2,1,76.5,1.8,15786.5,6563.628000000001
702,23512,45809,5,True,38,32,66,0,1,73.8,0.2,13745.4,2398.224
703,36460,18426,2,False,48,53,39,3,1,38.2,2.6000000000000005,5528.8,51189.84000000001
704,1167,14951,9,False,23,31,77,0,0,38.599999999999994,0.0,4489.8,0.0
705,64123,6464,8,True,68,78,80,0,1,131.0,0.2,1943.3999999999999,2693.1659999999997
706,37653,80211,1,False,100,100,19,1,0,55.7,0.8,24063.8,12199.572000000002
707,55097,35759,5,True,7,36,80,1,1,49.0,1.0,10730.4,23140.74
708,81767,8783,4,False,42,31,54,0,0,31.7,0.0,2636.9,0.0
709,64004,15221,9,False,84,50,87,3,0,51.099999999999994,2.4000000000000004,4570.8,48387.024000000005
710,31770,13803,5,False,72,47,63,3,3,42.4,3.0000000000000004,4143.4,42889.5
711,48056,2676,4,True,98,2,85,1,2,124.5,1.2000000000000002,805.0,32581.968000000004
712,99580,60682,8,False,51,41,75,3,2,43.0,2.8000000000000003,18208.6,117106.08000000002
713,64707,73433,7,False,82,86,77,1,0,66.1,0.8,22033.399999999998,9576.636000000004
714,24835,12786,6,False,100,70,41,1,1,47.3,1.0,3838.7999999999997,11051.574999999999
715,14465,35351,7,True,67,58,80,3,0,120.0,2.4000000000000004,10609.0,10761.960000000005
716,39672,80754,2,False,88,30,53,3,1,30.9,2.6000000000000005,24227.2,60341.11200000001
717,28261,76176,3,False,6,8,94,1,0,32.2,0.8,22854.3,11078.312000000002
718,84471,70109,3,True,17,31,100,1,1,62.5,1.0,21034.4,29142.495
719,74352,40716,3,True,53,26,63,3,1,84.9,2.6000000000000005,12216.5,107289.93600000002
720,6707,48599,3,False,88,83,67,2,0,61.599999999999994,1.6,14581.199999999999,2682.8
721,76795,36040,3,True,34,15,43,1,0,54.4,0.8,10813.7,43619.56
722,49895,69832,8,False,96,49,24,0,2,31.7,0.4,20953.6,12673.33
723,73976,97742,8,False,82,28,15,3,3,18.5,3.0000000000000004,29326.6,174213.48000000004
724,2553,99834,0,True,22,69,48,0,3,70.9,0.6000000000000001,29950.399999999998,635.6970000000001
725,32120,91773,10,True,89,44,53,1,2,126.9,1.2000000000000002,27537.1,19850.160000000003
726,99631,89055,2,False,8,71,71,3,2,56.8,2.8000000000000003,26717.5,80900.37200000002
727,64653,56072,6,True,58,8,27,2,0,70.1,1.6,16824.8,85341.95999999999
728,21810,82052,8,False,79,16,69,1,1,28.7,1.0,24619.6,12540.749999999998
729,85380,64636,10,False,97,95,73,0,0,69.4,0.0,19395.8,0.0
730,98243,84697,10,True,24,29,6,1,1,40.3,1.0,25414.3,81050.47499999999
731,91480,75792,7,False,19,31,87,1,2,41.599999999999994,1.2000000000000002,22741.1,45008.16000000001
732,90083,4464,7,False,54,51,39,2,2,37.2,2.0,1342.7,99091.3
733,34013,80988,1,True,86,4,4,3,0,89.2,2.4000000000000004,24297.1,78365.952
734,57844,57770,10,True,18,46,74,2,1,63.2,1.8,17336.2,41647.68
735,76427,72354,5,False,69,8,8,0,0,6.4,0.0,21708.7,0.0
736,37914,21394,7,False,72,35,13,3,3,21.4,3.0000000000000004,6421.7,86443.92000000001
737,13782,90936,2,True,14,71,57,1,0,66.6,0.8,27282.0,3969.216
738,62385,8094,2,True,37,71,79,2,0,96.2,1.6,2429.3999999999996,24954.0
739,68383,13724,7,False,84,7,4,1,0,4.7,0.8,4120.7,51697.547999999995
740,1784,2689,2,True,75,79,92,0,3,142.1,0.6000000000000001,807.9,155.20800000000003
741,91418,83595,7,True,71,94,96,2,3,146.8,2.2,25082.2,10055.980000000009
742,22135,47512,2,False,51,71,94,0,1,63.7,0.2,14254.6,774.7250000000003
743,23282,37802,0,False,20,62,20,1,3,37.0,1.4000000000000001,11340.6,19230.932000000004
744,57357,12366,2,False,83,19,13,2,0,13.4,1.6,3710.7999999999997,77087.808
745,83630,27152,2,False,59,82,43,2,2,53.9,2.0,8146.599999999999,62722.5
746,19056,33069,5,True,61,59,63,3,3,109.4,3.0000000000000004,9923.4,22295.520000000004
747,25036,17064,2,True,16,98,23,2,1,71.9,1.8,5120.4,17800.596
748,41320,98469,6,True,47,40,87,1,0,93.1,0.8,29543.899999999998,12065.44
749,36230,33411,4,True,62,50,54,3,0,103.2,2.4000000000000004,10025.5,41736.96000000001
750,72851,62626,8,False,63,63,47,1,2,45.6,1.2000000000000002,18791.8,39339.54
751,86216,82443,10,False,27,11,30,0,0,14.5,0.0,24737.899999999998,0.0
752,2108,87076,4,True,79,42,52,0,1,115.6,0.2,26125.0,223.44800000000004
753,8287,72888,2,False,38,1,32,3,1,10.1,2.6000000000000005,21867.399999999998,17991.077
754,54218,29199,6,False,0,53,30,2,0,35.5,1.6,8762.699999999999,50748.047999999995
755,62629,10663,4,True,36,68,62,0,2,88.6,0.4,3201.1,8768.06
756,76938,76015,5,False,51,86,66,3,2,62.8,2.8000000000000003,22807.0,51702.336
757,96080,73344,6,True,8,6,81,0,3,35.3,0.6000000000000001,22006.4,32571.120000000003
758,26831,51109,10,True,33,3,37,2,1,45.6,1.8,15337.9,38636.64000000001
759,13151,56259,7,False,53,10,33,2,3,14.9,2.2,16881.2,22711.777000000002
760,4790,94766,5,False,0,67,3,2,0,34.4,1.6,28432.3,4981.6
761,1039,59433,0,True,55,25,38,0,3,78.9,0.6000000000000001,17830.1,427.0290000000001
762,34631,22305,8,True,47,15,100,1,1,84.5,1.0,6695.7,14718.175000000001
763,77646,75826,6,False,97,43,63,1,1,40.4,1.0,22750.8,36493.619999999995
764,37295,18730,8,True,91,59,100,2,1,150.5,1.8,5623.2,13761.854999999998
765,46678,38451,2,False,92,52,77,1,1,49.099999999999994,1.0,11536.3,16570.69
766,9985,28055,0,False,75,61,30,2,3,39.5,2.2,8416.5,11972.014999999998
767,48200,93735,1,False,32,63,81,3,2,55.8,2.8000000000000003,28121.0,37788.8
768,76614,19601,0,False,55,2,65,2,3,20.5,2.2,5880.3,112086.28200000002
769,96590,80684,10,False,60,48,21,1,2,30.3,1.2000000000000002,24210.2,75919.74000000002
770,73702,29718,7,True,46,84,100,0,3,118.0,0.6000000000000001,8919.1,3537.6959999999985
771,6313,43754,0,True,53,29,77,0,2,90.6,0.4,13126.4,1186.844
772,49371,59639,3,True,53,38,58,0,2,89.4,0.4,17893.4,10269.168000000001
773,66221,78099,1,False,93,57,34,3,2,38.7,2.8000000000000003,23430.2,101053.246
774,94136,13928,0,True,81,55,57,1,1,125.6,1.0,4178.599999999999,41419.84
775,268,14052,10,True,71,29,96,1,2,114.3,1.2000000000000002,4220.799999999999,120.60000000000001
776,40149,93661,5,True,44,61,6,1,0,76.3,0.8,28101.0,21359.268
777,14478,70096,8,True,57,96,30,1,3,114.0,1.4000000000000001,21033.0,7499.604
778,19690,71710,3,True,15,72,81,3,3,75.3,3.0000000000000004,21514.7,13881.45
779,5825,6610,10,False,43,48,48,1,2,38.4,1.2000000000000002,1988.0,3634.8000000000006
780,67520,25214,8,True,27,53,28,0,0,61.9,0.0,7568.4,0.0
781,59105,8502,8,True,24,54,58,1,2,68.4,1.2000000000000002,2554.7999999999997,31207.440000000002
782,28918,34840,9,False,21,12,5,1,3,7.5,1.4000000000000001,10456.5,37043.958000000006
783,66562,93468,3,False,61,30,20,2,2,21.0,2.0,28041.899999999998,99843.0
784,22326,55266,8,True,96,97,92,0,3,172.1,0.6000000000000001,16584.0,736.7580000000007
785,24423,60321,0,True,65,88,61,3,0,127.3,2.4000000000000004,18096.5,14946.876000000004
786,52016,36306,6,True,54,81,60,1,0,112.5,0.8,10895.0,12275.776000000002
787,3398,28082,1,True,90,28,71,3,3,125.3,3.0000000000000004,8425.300000000001,5147.970000000001
788,37883,4255,10,True,45,5,90,3,1,74.5,2.6000000000000005,1281.7,51710.29500000001
789,48245,65290,4,False,89,37,64,1,2,37.7,1.2000000000000002,19589.0,28657.530000000002
790,66935,5842,5,False,64,83,70,0,1,62.5,0.2,1755.1,3145.9449999999997
791,23849,32209,7,False,88,34,55,2,3,33.5,2.2,9666.199999999999,29119.628999999997
792,83740,38819,7,False,58,68,14,2,2,38.2,2.0,11649.199999999999,98813.20000000001
793,84061,65672,10,False,15,64,74,0,1,54.2,0.2,19706.6,5211.782000000001
794,15112,44612,9,False,76,34,76,2,3,39.8,2.2,13388.1,14960.88
795,33509,15778,7,True,87,69,39,2,3,133.2,2.2,4737.099999999999,33911.108
796,91167,4320,0,False,41,26,59,1,2,30.7,1.2000000000000002,1296.0,62905.23000000001
797,67262,43422,6,True,7,32,97,0,0,52.099999999999994,0.0,13029.800000000001,0.0
798,26458,73728,5,False,80,45,91,2,1,49.8,1.8,22120.899999999998,15239.807999999997
799,36289,17986,7,True,70,98,48,3,2,133.4,2.8000000000000003,5399.5,27434.484000000004
800,79147,57716,8,True,78,91,77,0,3,146.6,0.6000000000000001,17319.0,7598.112000000002
801,20425,14675,10,True,43,79,81,3,3,106.8,3.0000000000000004,4407.7,12254.999999999998
802,52736,73786,2,True,30,69,22,2,1,71.1,1.8,22137.0,51734.015999999996
803,56658,67323,5,True,30,46,68,0,1,73.4,0.2,20199.6,4872.588000000001
804,72029,94671,2,True,68,51,26,1,1,101.3,1.0,28402.5,44297.835
805,21346,17374,6,False,3,81,21,3,3,46.8,3.0000000000000004,5215.2,31378.620000000003
806,50972,91964,2,True,96,76,35,2,0,144.5,1.6,27590.4,36292.064
807,42242,51768,9,True,52,73,56,3,0,105.3,2.4000000000000004,15535.1,35990.184
808,44769,31471,4,False,47,55,55,0,1,44.0,0.2,9443.3,4029.21
809,36729,54350,6,False,89,23,37,0,2,22.6,0.4,16308.0,10284.119999999999
810,20109,61163,4,True,3,42,58,2,1,41.4,1.8,18351.1,18098.100000000002
811,13027,29993,2,False,13,52,22,3,3,32.6,3.0000000000000004,8998.9,24621.030000000006
812,18638,44262,9,False,65,16,39,1,1,19.7,1.0,13283.1,13512.55
813,54593,18400,8,False,62,22,11,2,0,14.3,1.6,5524.0,72936.24799999999
814,66306,58776,0,False,41,30,81,0,1,39.3,0.2,17632.8,5901.2339999999995
815,3694,43275,0,False,55,8,39,1,2,15.7,1.2000000000000002,12982.5,3391.092000000001
816,61,91077,9,False,77,50,46,2,2,38.8,2.0,27327.6,63.440000000000005
817,64207,4968,4,False,31,81,39,2,1,52.2,1.8,1492.3999999999999,46229.04000000001
818,40206,14035,5,False,89,57,89,3,3,55.2,3.0000000000000004,4213.0,32566.860000000008
819,67563,19040,6,True,28,52,94,2,1,82.2,1.8,5715.2,32835.618
820,42968,51102,6,False,38,85,54,1,0,58.7,0.8,15333.599999999999,10484.192000000003
821,76985,9772,6,False,88,1,70,2,2,21.5,2.0,2934.6,99310.65000000001
822,52190,8753,5,True,51,89,16,2,1,100.3,1.8,2628.6,44622.45
823,23528,13362,7,False,62,50,37,2,1,36.1,1.8,4012.1,23927.976
824,6314,43791,8,True,40,62,49,1,1,85.7,1.0,13141.5,2809.7299999999996
825,29671,94041,8,False,52,72,0,1,0,36.0,0.8,28216.3,15191.552000000001
826,16931,87365,4,False,92,27,10,1,0,16.5,0.8,26211.5,11039.012
827,15899,91526,2,False,70,18,55,2,3,25.5,2.2,27458.8,22210.903000000002
828,58377,14332,7,True,85,57,50,1,1,128.5,1.0,4303.299999999999,27145.304999999997
829,32449,15361,0,False,67,46,64,2,3,42.2,2.2,4608.3,32124.51
830,428,41618,5,False,19,54,3,1,2,27.9,1.2000000000000002,12487.9,367.22400000000005
831,69194,45002,6,False,69,78,4,2,0,40.2,1.6,13503.6,65319.13600000001
832,54182,90434,2,True,7,2,58,2,0,25.4,1.6,27131.4,60683.840000000004
833,58840,85536,9,True,88,43,98,3,3,138.9,3.0000000000000004,25665.5,52073.400000000016
834,794,15277,5,True,98,59,4,1,0,128.7,0.8,4585.799999999999,435.1120000000001
835,44109,72118,0,False,88,86,32,1,0,52.6,0.8,21635.399999999998,14467.752000000002
836,53493,83678,10,False,11,94,42,1,2,59.6,1.2000000000000002,25108.399999999998,20541.312
837,58347,78256,9,False,16,28,71,3,2,35.3,2.8000000000000003,23481.3,82502.65800000001
838,26516,70715,7,True,87,71,80,3,0,146.5,2.4000000000000004,21218.2,15591.408000000001
839,72066,66256,2,True,12,87,85,3,3,81.0,3.0000000000000004,19878.0,30267.72000000001
840,63963,43777,7,True,59,96,66,3,2,126.8,2.8000000000000003,13136.800000000001,34028.31599999999
841,2638,43323,3,True,90,52,85,0,0,141.5,0.0,12998.6,0.0
842,5644,62646,5,False,98,38,41,3,1,31.299999999999997,2.6000000000000005,18796.3,8878.012000000002
843,98567,84519,1,False,71,92,1,1,1,46.3,1.0,25356.2,52733.344999999994
844,28411,41077,10,True,10,33,37,1,3,37.6,1.4000000000000001,12328.300000000001,25854.010000000002
845,89078,90177,2,True,49,36,44,3,3,80.2,3.0000000000000004,27054.3,160340.40000000002
846,10382,709,3,True,46,23,50,2,1,72.5,1.8,214.39999999999998,11866.626000000002
847,56271,73890,10,True,61,72,98,0,1,126.4,0.2,22172.2,1688.1300000000003
848,3347,78265,6,False,71,57,94,0,3,56.7,0.6000000000000001,23482.5,492.00900000000007
849,71,28110,7,False,20,68,71,2,2,55.3,2.0,8436.5,43.31000000000001
850,65878,6218,9,False,38,5,42,3,0,15.1,2.4000000000000004,1869.8999999999999,120952.00800000002
851,18456,52386,7,False,16,92,55,0,2,62.5,0.4,15719.3,1956.3360000000002
852,56365,4537,2,True,97,64,53,3,0,144.9,2.4000000000000004,1362.3,56139.540000000015
853,1373,12966,9,True,82,95,47,1,1,143.6,1.0,3894.4999999999995,398.1700000000001
854,91717,55544,4,False,83,61,3,1,3,31.4,1.4000000000000001,16665.2,87314.584
855,87909,72679,9,False,18,6,32,0,0,12.6,0.0,21808.2,0.0
856,29648,59127,9,False,6,9,71,1,2,25.8,1.2000000000000002,17742.6,21346.56
857,11771,92414,6,True,85,91,6,2,2,132.3,2.0,27727.4,12124.130000000001
858,83174,27,0,False,83,41,97,2,2,49.599999999999994,2.0,8.1,51567.88000000001
859,76942,20407,1,True,98,98,41,1,2,159.3,1.2000000000000002,6122.799999999999,28160.772000000008
860,79127,21237,9,True,54,51,7,1,0,81.6,0.8,6375.799999999999,44944.136
861,69885,72134,6,True,62,10,33,2,0,76.9,1.6,21643.4,87775.56
862,52459,31414,3,True,78,34,51,1,0,110.3,0.8,9425.9,24131.14
863,4194,88279,7,True,36,14,96,3,2,71.8,2.8000000000000003,26487.4,5284.44
864,7264,92769,5,False,30,20,11,3,0,13.3,2.4000000000000004,27833.2,14731.392000000002
865,50067,7711,6,True,59,50,31,1,1,93.3,1.0,2316.4999999999995,29789.864999999998
866,96981,76256,4,False,90,58,74,3,2,51.2,2.8000000000000003,22878.8,92325.91200000001
867,17827,1609,2,False,70,87,80,2,0,67.5,1.6,483.7,4706.328000000001
868,11491,18681,7,False,95,85,84,1,0,67.7,0.8,5607.8,1424.8840000000005
869,68279,6266,9,True,59,9,15,0,0,68.0,0.0,1884.5,0.0
870,42466,44263,7,True,45,39,38,2,3,75.9,2.2,13282.6,57456.49800000001
871,19248,38676,4,False,7,51,76,1,2,48.3,1.2000000000000002,11604.8,8430.624
872,73763,8644,3,False,65,63,84,0,3,56.7,0.6000000000000001,2594.7,11728.317000000003
873,12671,33306,0,False,49,21,65,0,3,30.0,0.6000000000000001,9991.8,4333.482000000001
874,43701,29656,9,False,22,2,31,2,1,10.299999999999999,1.8,8901.3,65682.603
875,89233,26678,9,True,77,52,69,0,3,123.7,0.6000000000000001,8008.099999999999,21148.221000000005
876,49713,86321,2,True,76,33,73,2,1,114.4,1.8,25897.5,42057.198000000004
877,25481,78436,0,False,48,89,82,0,3,69.1,0.6000000000000001,23530.8,2216.8470000000007
878,70666,50293,6,True,17,64,12,0,1,52.6,0.2,15091.1,8762.584
879,55990,22377,6,True,40,51,90,2,1,92.5,1.8,6716.299999999999,29730.690000000002
880,31875,29522,7,False,79,64,7,0,2,34.1,0.4,8860.1,8223.75
881,24154,97942,2,False,86,64,28,0,2,40.4,0.4,29383.6,5217.264
882,3449,26229,8,False,52,1,19,1,3,6.2,1.4000000000000001,7872.7,4345.740000000001
883,75189,87531,0,False,21,100,68,0,0,70.4,0.0,26259.3,0.0
884,60303,95378,1,True,86,52,23,0,2,118.9,0.4,28614.1,15075.75
885,89775,76653,3,False,99,22,74,2,3,33.2,2.2,22997.399999999998,102702.60000000002
886,33825,57811,1,False,63,51,14,3,0,29.7,2.4000000000000004,17343.8,54796.500000000015
887,64858,90815,6,False,7,32,49,3,2,30.7,2.8000000000000003,27247.5,108053.42800000001
888,56907,71199,5,False,20,22,86,2,0,36.8,1.6,21362.2,41883.552
889,53337,41108,2,True,84,30,46,3,2,112.8,2.8000000000000003,12333.6,92593.032
890,46652,48698,1,True,14,61,72,3,0,66.1,2.4000000000000004,14610.1,37508.208
891,52113,91112,0,True,65,55,4,2,0,93.7,1.6,27333.8,58783.46400000001
892,14558,72982,7,True,49,6,40,2,3,64.0,2.2,21898.3,24661.252000000004
893,29883,73973,10,True,86,67,42,3,1,132.1,2.6000000000000005,22197.1,35351.58900000001
894,67122,86407,8,True,46,58,1,2,3,75.3,2.2,25926.3,104106.22200000002
895,78563,17617,7,True,78,0,78,2,2,101.4,2.0,5288.799999999999,95846.86
896,33927,24922,3,False,88,70,18,2,3,40.4,2.2,7478.099999999999,41798.064000000006
897,7253,80747,3,True,24,86,11,0,2,70.3,0.4,24225.8,1494.1180000000002
898,87499,60493,2,True,26,19,90,1,0,62.5,0.8,18149.1,31849.635999999995
899,77279,55974,5,True,30,12,3,0,0,36.9,0.0,16794.9,0.0
900,24449,53759,0,False,11,89,27,1,1,52.6,1.0,16127.699999999999,10268.580000000002
901,91749,35488,3,False,10,88,82,3,1,68.6,2.6000000000000005,10647.9,35782.110000000015
902,19884,73583,8,False,38,32,54,2,1,32.2,1.8,22078.899999999998,20400.984000000004
903,6603,39259,2,True,39,39,64,1,1,77.7,1.0,11778.9,3202.455
904,14568,18643,4,False,99,1,42,3,0,13.1,2.4000000000000004,5594.9,27446.112000000005
905,17673,57527,10,False,88,52,81,2,2,50.3,2.0,17263.1,11840.909999999998
906,86511,16645,8,True,43,81,10,0,1,86.5,0.2,4997.7,9429.698999999999
907,76370,72817,0,True,4,57,2,2,2,33.1,2.0,21845.3,107681.70000000001
908,77371,14740,4,True,18,100,49,1,2,82.7,1.2000000000000002,4424.2,23675.526
909,41709,60808,0,False,55,65,7,1,0,34.6,0.8,18242.399999999998,21355.008
910,75097,80039,8,True,21,19,9,3,3,33.2,3.0000000000000004,24015.9,193750.26
911,27272,4151,3,True,34,51,24,1,0,66.7,0.8,1247.0,13636.000000000002
912,82666,32075,0,False,74,50,16,0,1,29.8,0.2,9622.5,11077.243999999999
913,38378,98671,1,False,68,31,47,3,3,29.6,3.0000000000000004,29601.8,70231.74
914,37569,79977,3,True,89,92,80,0,1,159.0,0.2,23994.8,1051.932
915,64637,65829,4,True,94,37,91,2,3,139.8,2.2,19750.9,51192.50400000001
916,68148,71442,2,True,6,61,10,1,2,39.5,1.2000000000000002,21433.8,52746.552
917,76667,12395,1,True,32,68,87,0,0,92.1,0.0,3719.2,0.0
918,8135,79994,8,True,48,5,84,0,3,75.7,0.6000000000000001,24002.4,2708.9550000000004
919,71743,86349,4,True,78,92,58,3,2,141.4,2.8000000000000003,25906.9,50220.100000000006
920,6198,8812,2,True,93,5,74,2,1,117.7,1.8,2644.7999999999997,6749.621999999999
921,746,46935,3,True,17,28,19,0,0,36.7,0.0,14082.2,0.0
922,95873,17626,6,True,70,5,91,2,0,99.8,1.6,5291.0,79766.33600000001
923,30895,87255,5,False,54,72,59,3,3,53.7,3.0000000000000004,26179.0,31976.325000000004
924,69938,58789,2,False,7,49,59,3,3,42.2,3.0000000000000004,17637.7,96514.44
925,51227,39060,1,True,55,25,71,2,3,88.8,2.2,11718.7,58603.68800000001
926,4241,61633,7,True,99,78,0,3,3,138.0,3.0000000000000004,18493.6,7761.030000000001
927,80093,38336,7,False,12,53,59,0,3,44.2,0.6000000000000001,11504.3,21144.552000000003
928,71659,8027,6,False,7,14,59,1,0,24.7,0.8,2411.1,36402.772000000004
929,14505,28241,1,True,71,26,88,0,0,110.4,0.0,8473.0,0.0
930,23229,5633,7,True,68,29,53,0,1,98.4,0.2,1693.6,2741.0220000000004
931,27888,16467,2,False,11,39,71,0,0,40.8,0.0,4941.099999999999,0.0
932,65964,30291,2,True,3,96,67,0,2,71.1,0.4,9088.5,4881.336000000002
933,76126,28507,6,False,92,44,40,2,3,34.0,2.2,8555.1,97136.77600000001
934,80766,52047,4,False,31,8,61,1,3,22.3,1.4000000000000001,15616.099999999999,74062.422
935,254,75936,0,False,42,67,6,0,3,35.3,0.6000000000000001,22780.8,96.77400000000003
936,83583,52641,4,True,31,85,28,3,2,81.9,2.8000000000000003,15794.5,101804.09400000003
937,62783,95659,0,False,89,33,51,2,1,31.799999999999997,1.8,28697.7,65545.45200000002
938,85502,29219,8,False,85,39,94,0,1,47.7,0.2,8769.699999999999,5728.634
939,42063,28749,10,True,9,60,20,0,1,45.0,0.2,8629.9,5047.56
940,74987,84311,10,False,37,17,94,1,0,36.7,0.8,25298.3,26695.372
941,30361,38720,2,True,45,55,98,1,3,101.9,1.4000000000000001,11617.2,9988.769
942,51301,91969,9,False,78,72,57,3,2,53.099999999999994,2.8000000000000003,27595.2,50993.194
943,14502,26381,6,True,6,75,62,3,1,62.099999999999994,2.6000000000000005,7917.499999999999,11877.137999999999
944,78412,6013,4,False,24,28,31,0,2,23.299999999999997,0.4,1805.8999999999999,22112.184000000005
945,79442,29340,1,False,36,85,15,1,3,47.0,1.4000000000000001,8802.5,55609.40000000001
946,86108,91013,3,True,5,64,24,0,1,44.2,0.2,27305.6,9644.096000000001
947,43419,59405,10,False,68,51,16,0,3,30.3,0.6000000000000001,17826.5,17324.181000000004
948,10353,37220,2,True,62,5,40,2,0,76.5,1.6,11167.2,12837.72
949,69120,58105,5,True,4,45,37,2,2,37.6,2.0,17434.2,81561.6
950,30619,79107,8,True,96,96,95,1,3,172.5,1.4000000000000001,23736.3,1928.997000000002
951,60288,95946,7,False,25,4,59,2,3,19.7,2.2,28787.3,90854.01600000002
952,85844,78076,5,True,44,29,12,2,1,62.1,1.8,23425.5,122842.76400000001
953,17147,63631,9,True,98,42,2,2,1,119.6,1.8,19094.0,24074.388000000003
954,43852,9449,1,True,67,76,11,2,1,108.3,1.8,2835.3999999999996,44597.484
955,27273,63502,4,True,53,48,68,3,0,97.4,2.4000000000000004,19052.8,27491.18400000001
956,3580,46156,1,True,41,48,9,2,3,67.7,2.2,13847.5,5631.340000000001
957,32202,24862,8,True,36,85,76,3,3,101.3,3.0000000000000004,7462.799999999999,18838.17
958,88742,48989,0,False,28,84,36,1,2,52.8,1.2000000000000002,14696.699999999999,42596.16
959,37164,74629,3,False,32,57,46,2,0,42.3,1.6,22390.2,28839.264
960,55429,30555,7,False,60,39,12,1,0,23.1,0.8,9170.0,33035.684
961,60481,67208,3,True,81,8,3,2,0,85.9,1.6,20164.1,91447.272
962,25158,19047,5,True,43,23,29,0,0,63.2,0.0,5716.799999999999,0.0
963,41218,92025,1,False,34,4,82,3,0,26.599999999999998,2.4000000000000004,27608.0,56386.22400000001
964,39911,61171,3,False,50,73,50,3,0,51.5,2.4000000000000004,18352.8,36877.764
965,78857,93413,4,False,91,67,70,2,3,54.5,2.2,28025.899999999998,54647.901
966,3468,50290,1,False,93,36,93,1,3,45.9,1.4000000000000001,15087.5,1723.5960000000002
967,67714,66062,10,True,38,39,41,1,0,69.8,0.8,19823.8,32502.72
968,41870,82305,7,True,18,25,74,3,0,52.7,2.4000000000000004,24695.2,50746.44000000001
969,12779,86336,2,False,14,4,93,0,0,29.9,0.0,25901.8,0.0
970,88680,52614,3,True,72,100,31,2,0,131.3,1.6,15785.9,48951.35999999999
971,30537,43595,5,False,34,5,92,2,0,30.099999999999998,1.6,13081.0,25162.488
972,50970,26796,7,False,75,24,21,3,3,18.3,3.0000000000000004,8042.299999999999,118505.25000000003
973,25228,86481,6,True,30,93,3,1,3,77.4,1.4000000000000001,25947.5,18365.984000000004
974,35548,50027,10,False,3,15,90,3,3,34.5,3.0000000000000004,15013.099999999999,50655.9
975,66397,60402,6,True,10,54,67,3,1,57.099999999999994,2.6000000000000005,18123.8,68189.71900000003
976,15495,23411,9,True,68,79,26,0,0,115.3,0.0,7028.0,0.0
977,12583,29325,3,False,77,82,8,1,2,43.4,1.2000000000000002,8799.0,8304.780000000002
978,40839,83978,0,True,6,66,22,3,0,45.6,2.4000000000000004,25193.6,54887.616000000016
979,25450,4736,8,True,23,64,72,3,3,76.6,3.0000000000000004,1425.0,24432.0
980,18475,71008,10,True,70,41,2,0,1,91.1,0.2,21307.6,2900.5750000000003
981,25203,25003,9,False,98,81,94,0,3,68.7,0.6000000000000001,7505.4,1890.2250000000004
982,77909,79908,2,False,0,4,71,0,2,23.3,0.4,23973.399999999998,19477.25
983,47503,60544,0,True,13,78,89,1,3,78.7,1.4000000000000001,18163.4,10973.193000000005
984,45216,21524,2,False,40,92,26,1,0,53.8,0.8,6458.2,14830.848000000002
985,72778,683,5,False,11,52,81,3,1,50.3,2.6000000000000005,207.4,63389.638000000006
986,43273,87784,3,False,36,71,90,2,0,62.5,1.6,26336.7,13501.175999999998
987,1605,85389,6,False,18,62,70,1,3,52.0,1.4000000000000001,25619.7,763.9799999999999
988,30363,47358,6,True,22,5,22,2,1,31.1,1.8,14210.6,47275.191
989,48509,77608,3,True,51,58,29,0,1,88.7,0.2,23284.1,5481.517
990,71081,32144,0,False,8,96,28,1,0,56.4,0.8,9643.199999999999,21608.624
991,523,86948,1,False,95,81,12,3,2,44.1,2.8000000000000003,26084.899999999998,783.454
992,44375,44392,9,False,33,81,95,1,2,69.0,1.2000000000000002,13322.1,6390.000000000001
993,94035,36209,8,False,78,11,14,1,0,9.7,0.8,10866.699999999999,65824.5
994,85900,24320,1,False,85,46,67,0,1,43.099999999999994,0.2,7296.5,7473.300000000001
995,64543,27841,6,True,66,72,75,1,1,124.5,1.0,8355.5,17103.895
996,47790,8740,1,True,60,5,82,2,1,87.1,1.8,2622.7,48602.42999999999
997,357,60070,5,True,58,7,79,3,2,85.2,2.8000000000000003,18023.7,569.7720000000002
998,14887,25283,7,False,74,67,91,0,3,60.8,0.6000000000000001,7588.4,1875.762
999,37445,61346,0,False,28,21,89,1,0,37.2,0.8,18403.8,13480.199999999999
1000,29249,53621,3,True,35,28,58,3,2,66.4,2.8000000000000003,16088.0,46681.40400000001
