Asset_ID,Asset_Type,Asset_Value(in dollar),Location,Maintenance_Cost,Age,Compliance_Status,Cybersecurity_Score,Physical_Security_Score,Vendor_Risk_Score,Employee_Access_Level,Environmental_Risk,Previous_Incidents,Vulnerability,Likelihood,Uncertainty,Mitigated_Risk
1,Router,19623,Office B,79906,0,1,100,2,55,User,3,1,117.5,2.6000000000000005,23972.0,36479.157000000014
3,Router,16493,Data Center A,43539,0,1,95,97,0,User,1,0,143.5,0.8,13061.9,6795.116000000001
1,Router,63080,Network Room C,60899,9,1,38,10,30,Admin,2,2,52.0,2.0,18274.4,100928.0
2,Laptop,62213,Data Center A,12279,6,1,0,9,7,Admin,2,1,6.6,1.8,3686.8999999999996,103024.72800000002
3,Router,11547,Network Room C,26422,8,0,28,12,59,User,1,1,23.7,1.0,7930.599999999999,7447.8150000000005
3,Router,85468,Network Room C,2621,6,0,73,19,31,User,3,2,18.799999999999997,2.8000000000000003,789.3,179482.80000000002
2,Router,47405,Data Center A,76445,2,0,69,15,4,User,1,0,8.7,0.8,22934.5,34321.22
2,Server,53759,Data Center A,36632,6,0,100,43,82,Admin,1,2,46.099999999999994,1.2000000000000002,10992.6,24191.550000000003
3,Router,24167,Network Room C,86397,3,1,35,60,85,User,1,1,90.5,1.0,25920.8,6645.925
1,Router,62294,Network Room C,47033,0,1,69,61,15,User,3,3,104.0,3.0000000000000004,14110.1,115866.84000000001
2,Server,23476,Data Center A,99254,5,0,28,13,39,Admin,1,3,18.2,1.4000000000000001,29778.699999999997,24321.136000000002
2,Server,53480,Network Room C,19877,1,1,36,20,60,User,2,2,64.0,2.0,5963.799999999999,64176.0
3,Server,98813,Data Center A,52628,6,0,94,81,60,User,2,1,58.5,1.8,15791.4,52469.70300000001
3,Router,88699,Data Center A,89346,10,1,0,67,71,User,2,0,54.8,1.6,26809.0,43994.704000000005
3,Router,11927,Data Center A,78355,1,0,20,5,28,User,2,3,10.9,2.2,23507.0,21909.899
2,Router,39612,Data Center A,63468,2,0,99,80,65,Admin,3,3,59.5,3.0000000000000004,19041.399999999998,32679.900000000005
1,Router,67854,Network Room C,75020,2,1,41,26,16,Admin,3,2,58.8,2.8000000000000003,22507.2,150093.048
2,Laptop,44398,Data Center A,71758,5,1,84,26,18,Admin,2,2,102.4,2.0,21530.1,69260.88
1,Router,31532,Data Center A,41635,3,0,70,36,51,User,2,1,33.3,1.8,12492.0,32068.043999999994
2,Router,91421,Data Center A,79143,2,0,44,79,96,Admin,3,1,68.3,2.6000000000000005,23743.899999999998,29711.825000000004
2,Laptop,74231,Office B,16,1,1,87,94,68,Admin,3,2,154.4,2.8000000000000003,5.5,39490.89199999999
1,Router,40778,Network Room C,53967,8,0,46,57,6,Admin,1,2,30.3,1.2000000000000002,16194.099999999999,33519.516
2,Server,72480,Network Room C,65090,2,1,33,20,75,User,3,1,65.5,2.6000000000000005,19528.2,98935.20000000003
2,Router,23760,Office B,31312,8,0,36,85,47,Admin,1,0,56.6,0.8,9397.6,6462.719999999999
3,Server,5286,Data Center A,58999,3,1,90,18,50,Admin,1,1,114.0,1.0,17701.4,3488.7599999999998
2,Server,19664,Office B,88654,2,0,0,38,54,User,3,3,35.2,3.0000000000000004,26597.2,31855.680000000008
1,Laptop,81111,Office B,65099,10,1,58,51,99,Admin,2,1,113.2,1.8,19534.9,36499.950000000004
1,Router,36793,Network Room C,83558,6,1,0,26,84,User,3,0,38.2,2.4000000000000004,25070.6,39736.44
3,Router,358,Office B,22178,3,0,82,65,66,Admin,1,3,52.3,1.4000000000000001,6654.9,172.91400000000002
1,Server,36235,Office B,98544,8,0,21,14,32,User,3,2,16.6,2.8000000000000003,29567.199999999997,78122.66000000002
3,Laptop,50020,Network Room C,70027,1,0,65,10,41,User,1,0,17.299999999999997,0.8,21008.6,29811.92
1,Router,45350,Data Center A,27412,10,1,3,15,5,Admin,3,0,12.0,2.4000000000000004,8228.800000000001,97956.00000000001
3,Laptop,85820,Network Room C,25487,7,0,91,41,60,Admin,2,1,38.5,1.8,7649.599999999999,76465.62
2,Router,96766,Network Room C,59109,9,0,66,80,86,User,1,1,65.8,1.0,17737.2,16450.220000000005
1,Router,74682,Data Center A,8166,2,1,95,95,59,User,2,0,160.2,1.6,2450.9999999999995,27482.976
2,Router,38903,Office B,47641,8,0,15,92,31,User,2,3,55.3,2.2,14296.3,32950.841
3,Laptop,46839,Office B,45317,3,1,47,9,26,Admin,1,0,59.3,0.8,13596.800000000001,30913.74
1,Laptop,57353,Office B,79153,2,1,69,36,59,User,3,1,104.7,2.6000000000000005,23747.1,78286.84500000002
2,Server,1150,Data Center A,37553,9,0,68,86,54,Admin,1,2,59.2,1.2000000000000002,11270.4,414.0000000000001
3,Laptop,47402,Office B,35540,7,1,28,98,5,User,1,2,78.5,1.2000000000000002,10665.7,27587.964000000004
2,Server,50069,Office B,14983,1,0,33,95,50,User,2,2,62.5,2.0,4495.4,27537.95
2,Server,24124,Data Center A,23206,5,1,2,8,48,User,3,0,20.4,2.4000000000000004,6964.5,41686.272000000004
1,Laptop,58433,Office B,11356,3,1,89,66,74,User,3,1,144.2,2.6000000000000005,3408.4999999999995,45577.74000000001
3,Server,68418,Network Room C,18800,3,1,41,5,8,Admin,2,0,45.9,1.6,5641.7,102353.32800000001
3,Server,59950,Data Center A,23137,10,0,26,37,82,Admin,1,2,43.099999999999994,1.2000000000000002,6946.099999999999,29135.700000000008
3,Server,50678,Data Center A,6274,9,0,44,64,29,User,3,3,40.7,3.0000000000000004,1886.6999999999998,81338.19
1,Router,23878,Office B,25053,7,1,55,15,70,User,1,1,83.5,1.0,7519.599999999999,13729.849999999999
3,Server,81899,Network Room C,36735,7,0,84,10,71,User,1,2,26.3,1.2000000000000002,11024.0,58475.886000000006
1,Router,51231,Network Room C,42494,8,1,95,98,52,User,2,2,159.6,2.0,12752.4,25615.5
2,Laptop,63522,Data Center A,13738,6,1,51,44,32,User,1,1,82.6,1.0,4124.599999999999,39383.64
2,Server,99197,Network Room C,35456,4,0,30,6,20,User,3,0,9.0,2.4000000000000004,10638.8,207123.33600000004
3,Laptop,99523,Network Room C,76074,6,0,55,3,100,Admin,1,3,31.5,1.4000000000000001,22825.2,67576.117
2,Router,36718,Data Center A,62378,0,0,28,69,99,Admin,1,3,64.2,1.4000000000000001,18713.399999999998,8224.832000000002
2,Router,47732,Network Room C,53266,5,0,2,53,45,User,1,0,40.0,0.8,15982.3,19474.656
2,Router,50085,Office B,46127,2,0,78,39,85,Admin,2,3,45.0,2.2,13839.1,41871.060000000005
3,Router,50347,Office B,30393,0,0,2,47,55,Admin,3,3,40.0,3.0000000000000004,9117.9,74010.09000000001
2,Router,6755,Data Center A,94358,3,1,57,36,98,User,3,1,104.4,2.6000000000000005,28309.1,5795.790000000001
1,Laptop,62313,Network Room C,70407,10,1,32,44,18,Admin,1,1,59.4,1.0,21127.3,42995.969999999994
3,Router,51645,Office B,45613,1,0,0,28,26,Admin,3,1,21.8,2.6000000000000005,13684.4,98022.21000000002
1,Router,31910,Data Center A,96130,6,0,32,63,54,Admin,3,1,47.7,2.6000000000000005,28842.0,34430.89000000001
3,Server,32740,Data Center A,85866,8,0,5,62,25,User,1,3,38.5,1.4000000000000001,25763.8,25897.34
2,Router,37800,Network Room C,35251,2,1,89,72,94,User,2,2,153.2,2.0,10576.5,12852.000000000004
2,Laptop,45611,Data Center A,32862,3,1,58,13,19,User,2,0,70.2,1.6,9860.300000000001,61301.184
1,Server,48720,Network Room C,59602,9,1,16,58,65,User,3,0,64.5,2.4000000000000004,17885.3,45017.280000000006
1,Server,16434,Data Center A,81531,3,0,29,67,100,User,2,1,63.5,1.8,24460.8,4880.898000000001
3,Server,9197,Data Center A,6843,7,0,94,46,85,User,2,1,48.5,1.8,2056.4,5711.337
3,Router,54755,Network Room C,28443,9,1,55,11,95,User,3,3,89.0,3.0000000000000004,8537.6,77204.55
1,Server,13363,Network Room C,74483,9,1,15,53,47,User,3,2,55.6,2.8000000000000003,22349.6,18708.2
2,Server,35289,Network Room C,39813,7,1,93,18,4,Admin,3,1,103.2,2.6000000000000005,11947.6,81658.74600000003
1,Router,35170,Office B,93735,6,0,36,43,4,Admin,3,1,22.7,2.6000000000000005,28123.5,69953.13000000002
3,Laptop,90623,Data Center A,86442,6,0,63,50,84,Admin,2,2,50.2,2.0,25935.6,59811.17999999999
1,Router,7363,Data Center A,1387,2,1,23,56,15,User,1,0,55.5,0.8,417.29999999999995,3799.3080000000004
3,Server,92007,Data Center A,16084,4,1,95,38,62,User,1,1,132.6,1.0,4827.4,46003.5
2,Router,57364,Office B,25288,9,1,68,71,28,User,3,2,111.9,2.8000000000000003,7591.099999999999,81112.69600000001
3,Laptop,21689,Office B,17778,1,0,71,63,90,Admin,3,3,58.5,3.0000000000000004,5333.9,15290.745
1,Server,11857,Office B,22341,10,0,17,49,40,Admin,3,3,36.5,3.0000000000000004,6707.3,19741.905000000002
3,Router,76300,Network Room C,67165,8,0,68,74,96,Admin,1,1,65.8,1.0,20153.5,11445.000000000002
1,Server,8677,Data Center A,35293,7,0,83,17,5,Admin,1,0,10.0,0.8,10591.4,6178.024
2,Server,45600,Data Center A,94502,1,0,100,44,39,Admin,1,1,33.7,1.0,28351.1,26676.0
2,Laptop,26212,Office B,47802,5,0,85,5,92,Admin,1,1,30.099999999999998,1.0,14343.1,13499.18
2,Laptop,3514,Network Room C,26679,3,0,74,82,100,User,3,2,71.0,2.8000000000000003,8005.2,885.5279999999998
2,Laptop,81265,Data Center A,18357,0,0,19,41,93,User,2,3,48.4,2.2,5507.099999999999,58998.38999999999
2,Router,1160,Office B,21269,1,0,31,13,40,Admin,1,1,18.5,1.0,6381.2,852.6
2,Laptop,41808,Office B,56829,3,1,77,19,59,Admin,2,2,104.2,2.0,17050.4,51005.76
2,Laptop,46078,Office B,29692,6,0,21,41,82,User,3,3,45.099999999999994,3.0000000000000004,8910.6,53220.09000000001
2,Server,63812,Office B,9000,2,1,19,1,39,Admin,3,2,31.2,2.8000000000000003,2701.2,142938.88
3,Router,23963,Data Center A,98384,10,1,32,78,38,User,3,0,82.4,2.4000000000000004,29520.399999999998,24154.70400000001
2,Laptop,66110,Network Room C,9671,4,1,83,17,67,User,1,3,111.6,1.4000000000000001,2903.4999999999995,53681.320000000014
1,Router,44383,Data Center A,14948,1,1,9,55,52,User,1,1,52.1,1.0,4485.099999999999,20638.094999999998
3,Server,90839,Network Room C,73941,3,0,59,50,93,Admin,3,3,52.9,3.0000000000000004,22183.8,77667.34500000003
1,Laptop,20303,Data Center A,2926,5,1,47,82,57,Admin,3,2,105.1,2.8000000000000003,880.5,17338.762000000006
1,Server,28122,Network Room C,18083,5,1,17,55,63,Admin,2,2,63.4,2.0,5427.599999999999,23060.04
2,Router,49990,Data Center A,56015,4,0,71,58,36,User,3,3,39.8,3.0000000000000004,16806.5,79484.10000000002
3,Laptop,56912,Data Center A,85223,4,0,90,95,51,User,1,2,62.8,1.2000000000000002,25568.899999999998,18439.488000000005
1,Router,55609,Office B,51713,4,0,86,4,89,Admin,2,2,28.7,2.0,15515.9,59501.62999999999
3,Server,76173,Data Center A,76201,2,0,57,20,33,User,1,1,19.9,1.0,22861.3,55987.155
3,Router,11123,Network Room C,15847,0,1,13,16,79,User,2,1,44.7,1.8,4754.299999999999,10511.235
1,Server,66482,Data Center A,55134,3,1,49,59,33,User,2,1,88.4,1.8,16541.9,64620.50400000001
2,Server,78418,Data Center A,23432,1,0,62,10,87,User,2,1,31.099999999999998,1.8,7030.099999999999,72693.486
2,Server,39367,Office B,78385,6,0,94,24,24,Admin,3,2,19.2,2.8000000000000003,23518.5,83772.97600000001
1,Server,28580,Network Room C,53669,4,0,32,55,31,User,1,2,36.8,1.2000000000000002,16102.699999999999,19548.720000000005
1,Router,90012,Office B,78515,0,1,33,15,64,Admin,2,2,59.7,2.0,23554.7,108914.52
1,Laptop,85273,Network Room C,44959,10,1,54,19,71,User,3,0,84.8,2.4000000000000004,13492.9,112560.36000000003
3,Laptop,77453,Data Center A,55429,5,1,12,20,22,User,2,2,28.6,2.0,16631.4,122375.74
2,Laptop,9777,Data Center A,94730,8,1,21,48,98,Admin,2,2,74.4,2.0,28423.2,5279.58
3,Server,60754,Data Center A,85832,9,1,65,29,75,User,3,1,102.0,2.6000000000000005,25754.3,75820.99200000001
1,Server,35872,Network Room C,61406,2,0,100,20,8,User,2,1,12.4,1.8,18422.8,55529.856
2,Server,81764,Network Room C,69710,2,0,64,70,54,User,3,1,51.2,2.6000000000000005,20914.0,80782.83200000002
1,Server,37260,Office B,9932,7,0,48,61,95,Admin,3,3,59.0,3.0000000000000004,2983.1,24591.6
2,Laptop,13741,Data Center A,85503,2,0,40,25,2,User,2,1,13.1,1.8,25651.899999999998,21394.736999999997
2,Laptop,71696,Network Room C,10864,7,1,37,16,87,Admin,1,0,71.1,0.8,3262.8999999999996,27818.048
3,Server,88291,Office B,72889,8,0,47,5,10,User,1,3,5.5,1.4000000000000001,21870.7,114336.84500000002
1,Server,37650,Office B,98066,9,0,9,8,63,Admin,3,3,22.9,3.0000000000000004,29424.3,72852.75000000001
1,Laptop,99294,Office B,42464,6,0,58,66,82,Admin,3,3,57.599999999999994,3.0000000000000004,12742.199999999999,77449.32000000002
3,Laptop,60143,Office B,94321,0,0,74,92,17,Admin,1,0,51.1,0.8,28296.3,21892.052
1,Laptop,3148,Office B,54933,3,1,3,1,70,Admin,1,3,24.5,1.4000000000000001,16481.6,2842.6440000000007
2,Server,26301,Office B,3309,10,1,22,58,81,Admin,2,3,75.3,2.2,997.9,17647.971000000005
1,Router,24388,Network Room C,75919,6,0,89,93,0,User,2,0,46.5,1.6,22778.7,20876.127999999997
1,Laptop,17393,Network Room C,16636,4,0,86,79,71,User,1,3,60.8,1.4000000000000001,4992.8,6087.55
2,Router,59108,Office B,77980,6,0,97,88,12,User,3,1,47.6,2.6000000000000005,23397.0,76840.40000000001
3,Server,75634,Office B,59451,2,1,79,87,55,Admin,3,0,139.0,2.4000000000000004,17836.5,52641.26400000002
2,Laptop,37355,Office B,9023,5,0,52,41,61,User,3,2,38.8,2.8000000000000003,2709.4,51251.060000000005
1,Router,114,Data Center A,76032,0,0,55,97,2,Admin,3,0,49.1,2.4000000000000004,22809.6,138.168
3,Laptop,99250,Data Center A,4392,9,0,46,47,16,Admin,3,2,28.3,2.8000000000000003,1322.1,190361.50000000003
1,Laptop,63000,Data Center A,78886,5,0,11,71,57,User,3,2,52.599999999999994,2.8000000000000003,23668.3,63504.00000000001
2,Router,96481,Office B,96865,7,1,96,49,59,Admin,3,0,138.2,2.4000000000000004,29063.2,106515.024
1,Laptop,10126,Network Room C,40358,8,1,95,45,12,User,2,3,121.1,2.2,12111.6,15928.198000000002
3,Router,34319,Office B,32811,2,1,56,7,57,Admin,1,1,76.6,1.0,9844.5,23336.92
1,Router,90563,Network Room C,431,9,1,64,44,21,User,3,0,92.3,2.4000000000000004,133.99999999999997,146712.06000000003
2,Router,9039,Office B,32195,3,1,61,26,19,Admin,3,0,79.7,2.4000000000000004,9660.2,16812.54
1,Laptop,43573,Data Center A,59383,7,1,88,44,64,User,3,0,129.2,2.4000000000000004,17818.6,48104.592000000004
1,Server,28314,Office B,15806,6,0,43,21,36,Admin,2,0,21.299999999999997,1.6,4744.8,32391.216000000004
1,Laptop,42158,Network Room C,50574,8,1,72,23,41,Admin,2,0,95.8,1.6,15176.4,45867.903999999995
2,Server,82024,Office B,68580,3,1,43,47,1,Admin,3,1,66.8,2.6000000000000005,20575.7,162079.42400000003
2,Server,62603,Office B,56258,5,0,73,33,45,User,3,2,30.0,2.8000000000000003,16879.899999999998,106925.92400000001
1,Server,93276,Network Room C,79436,8,0,77,4,82,Admin,3,3,26.599999999999998,3.0000000000000004,23834.8,159501.96000000005
3,Laptop,48363,Data Center A,7648,0,0,18,88,83,User,2,0,68.9,1.6,2294.4,11220.216000000002
2,Server,66742,Data Center A,92576,7,0,9,68,98,Admin,3,2,63.4,2.8000000000000003,27776.3,31769.19200000001
2,Server,50514,Network Room C,98810,5,1,3,41,33,Admin,3,0,33.4,2.4000000000000004,29645.7,76377.16800000002
2,Server,74839,Data Center A,21328,3,1,50,62,73,Admin,3,3,102.9,3.0000000000000004,6400.099999999999,72968.025
3,Router,45749,Network Room C,50988,10,0,11,45,25,User,1,1,30.0,1.0,15301.4,29736.850000000002
3,Router,24551,Office B,16296,7,0,100,69,2,User,2,2,35.1,2.0,4892.3,31670.79
2,Server,94140,Data Center A,81658,10,1,66,95,41,User,3,1,125.8,2.6000000000000005,24502.6,78324.48000000001
1,Laptop,64377,Network Room C,94510,9,1,89,32,66,User,2,0,124.8,1.6,28357.7,52531.632000000005
2,Router,96455,Data Center A,40806,9,1,15,85,96,User,1,3,86.3,1.4000000000000001,12246.5,12828.514999999996
1,Server,12807,Network Room C,45268,7,0,33,53,34,User,1,3,36.7,1.4000000000000001,13583.9,10130.337000000001
2,Router,73496,Data Center A,77528,6,0,89,86,84,User,2,0,68.2,1.6,23261.399999999998,17639.040000000005
2,Server,45380,Data Center A,17455,0,0,89,61,74,Admin,1,2,52.7,1.2000000000000002,5236.5,17698.2
1,Server,59299,Office B,1655,8,0,90,2,11,Admin,2,0,4.3,1.6,500.5,88711.30400000002
3,Laptop,96347,Data Center A,62060,9,1,46,14,3,User,1,2,53.9,1.2000000000000002,18622.7,105789.00600000002
2,Server,65783,Data Center A,89248,4,1,54,73,65,Admin,1,3,110.0,1.4000000000000001,26776.6,28549.822000000007
3,Laptop,59246,Data Center A,55273,4,0,100,69,44,Admin,2,1,47.7,1.8,16583.899999999998,46389.61800000001
2,Laptop,47504,Office B,52943,9,1,11,83,17,User,2,0,57.6,1.6,15887.6,38003.200000000004
3,Router,5987,Office B,12080,3,1,24,44,28,Admin,2,2,54.4,2.0,3625.7,7663.360000000001
1,Laptop,67253,Office B,19492,4,1,10,94,15,Admin,1,3,61.5,1.4000000000000001,5849.799999999999,42840.161
3,Server,49989,Office B,30293,2,1,66,19,21,Admin,3,3,81.8,3.0000000000000004,9089.1,119973.60000000003
3,Router,30124,Network Room C,66979,4,1,8,27,30,Admin,1,3,30.5,1.4000000000000001,20095.9,30154.124000000007
3,Server,48219,Data Center A,82453,2,0,10,82,31,Admin,1,1,50.3,1.0,24736.899999999998,20975.265000000003
2,Server,27172,Data Center A,8576,0,1,70,78,22,Admin,1,3,115.6,1.4000000000000001,2572.9999999999995,19020.4
1,Router,33044,Network Room C,57077,1,1,35,3,97,Admin,1,1,65.6,1.0,17123.8,16522.0
3,Server,73776,Office B,53314,7,1,55,81,46,Admin,2,0,109.3,1.6,15997.9,43085.184
3,Server,52782,Data Center A,80706,0,0,49,88,39,Admin,2,0,55.7,1.6,24211.8,30824.688000000002
1,Router,86353,Network Room C,50977,0,1,66,14,99,User,2,1,102.7,1.8,15293.3,67614.399
1,Server,8029,Data Center A,9221,1,0,39,90,100,User,3,2,75.0,2.8000000000000003,2766.7999999999997,1124.060000000001
2,Laptop,8223,Data Center A,82571,2,1,28,56,57,Admin,3,3,73.1,3.0000000000000004,24772.5,10731.015000000003
1,Server,52757,Data Center A,50831,3,0,100,44,14,Admin,1,2,26.2,1.2000000000000002,15250.8,44948.96400000001
3,Server,86083,Network Room C,8628,0,0,39,77,32,Admin,1,2,48.1,1.2000000000000002,2588.4,47001.31800000001
3,Laptop,71737,Network Room C,53232,4,1,60,83,63,User,1,2,120.4,1.2000000000000002,15971.8,23242.788000000004
3,Laptop,43214,Data Center A,39588,7,1,13,81,15,Admin,1,1,58.0,1.0,11880.1,22471.280000000002
1,Router,90746,Data Center A,62261,0,1,43,1,95,Admin,1,1,72.0,1.0,18678.5,47187.92
1,Server,85609,Office B,90830,9,0,80,21,0,Admin,1,3,10.5,1.4000000000000001,27253.5,107268.077
2,Laptop,4824,Network Room C,47954,1,0,37,49,41,Admin,2,3,36.8,2.2,14386.699999999999,5837.040000000001
1,Router,88723,Data Center A,2056,5,1,28,80,6,User,1,0,69.8,0.8,619.5,40457.68800000001
2,Server,37386,Data Center A,34229,2,1,33,91,4,User,2,3,79.7,2.2,10269.9,43180.83000000001
3,Laptop,67990,Network Room C,63466,1,0,72,26,20,User,3,2,19.0,2.8000000000000003,19040.3,146586.44000000003
1,Server,65271,Network Room C,17909,8,0,70,95,19,User,1,0,53.2,0.8,5376.7,22453.224000000006
3,Router,32099,Office B,45007,8,1,40,22,24,User,3,0,58.2,2.4000000000000004,13506.300000000001,59318.952000000005
3,Laptop,21682,Network Room C,21008,9,1,85,90,64,User,2,1,149.2,1.8,6307.099999999999,8976.347999999998
2,Laptop,52696,Network Room C,57349,6,1,67,80,28,Admin,2,1,115.4,1.8,17207.9,43632.288
2,Server,43691,Network Room C,33752,7,0,73,5,3,Admin,2,2,3.4,2.0,10129.1,83886.72
3,Server,82351,Office B,11463,2,1,54,66,79,Admin,3,1,110.7,2.6000000000000005,3440.1,58880.96500000001
3,Router,6530,Network Room C,97649,2,0,60,4,76,User,3,2,24.8,2.8000000000000003,29295.7,10970.4
1,Router,88653,Network Room C,10523,1,1,48,65,32,Admin,2,1,90.1,1.8,3157.6,82181.331
1,Server,81113,Network Room C,58726,3,1,84,77,82,Admin,1,1,147.1,1.0,17619.5,16628.164999999997
1,Server,93114,Network Room C,96265,5,1,93,39,17,Admin,3,3,117.6,3.0000000000000004,28882.2,201126.24000000005
2,Server,11336,Data Center A,3001,3,0,57,2,78,User,3,2,24.4,2.8000000000000003,901.8,19044.48
3,Server,31051,Network Room C,9152,1,0,75,98,24,Admin,2,2,56.2,2.0,2746.1,24219.780000000002
3,Router,56632,Office B,70530,7,1,8,13,96,Admin,1,0,43.3,0.8,21162.7,20614.048000000003
3,Server,81955,Data Center A,13165,8,0,81,87,36,User,1,0,54.3,0.8,3953.5,25242.14
1,Laptop,78775,Network Room C,37864,6,0,54,70,91,Admin,2,3,62.3,2.2,11362.199999999999,33794.47499999999
2,Router,81634,Data Center A,17074,7,1,88,50,30,User,1,2,122.0,1.2000000000000002,5125.9,58776.48000000001
3,Router,57845,Network Room C,7620,10,0,21,73,47,Admin,2,0,50.6,1.6,2291.0,37020.8
2,Server,36699,Network Room C,77992,4,0,65,77,93,User,2,1,66.4,1.8,23399.6,9908.730000000001
2,Laptop,81379,Office B,69688,2,1,28,29,11,User,1,1,45.8,1.0,20907.6,65103.200000000004
2,Server,55960,Office B,71048,4,0,10,47,9,Admin,1,1,26.2,1.0,21316.399999999998,40291.2
2,Router,89033,Office B,73689,10,1,68,53,10,User,1,0,97.5,0.8,22111.9,48790.08400000001
3,Laptop,44679,Data Center A,20759,0,1,5,98,70,User,1,2,75.0,1.2000000000000002,6227.9,8578.368000000004
1,Laptop,44843,Office B,10324,6,0,25,27,27,Admin,3,0,21.6,2.4000000000000004,3100.2,78564.936
3,Server,24405,Network Room C,35976,1,1,83,72,83,User,2,2,143.9,2.0,10793.5,10982.249999999998
3,Laptop,67421,Network Room C,58459,7,1,49,77,14,User,3,3,91.7,3.0000000000000004,17541.4,110233.335
3,Router,63392,Data Center A,5179,7,1,64,55,23,User,3,1,98.4,2.6000000000000005,1557.4,100539.71200000003
2,Router,5839,Network Room C,26745,1,1,1,37,65,Admin,3,2,39.0,2.8000000000000003,8024.2,8011.108
2,Server,80423,Office B,30606,10,1,59,52,66,Admin,2,3,104.8,2.2,9187.0,72541.546
2,Router,14180,Office B,14792,6,0,26,18,46,User,2,3,22.799999999999997,2.2,4440.599999999999,21213.28
2,Server,83287,Office B,80377,0,1,79,35,60,Admin,3,0,114.5,2.4000000000000004,24113.3,104941.62000000001
3,Router,3743,Data Center A,82542,3,0,9,3,67,User,2,2,21.599999999999998,2.0,24764.1,4865.900000000001
2,Server,41383,Office B,51386,4,1,70,39,94,User,1,2,117.7,1.2000000000000002,15418.0,16635.966
1,Laptop,94193,Data Center A,55158,4,0,64,65,68,User,2,3,52.9,2.2,16549.399999999998,69420.241
3,Server,96121,Network Room C,54989,4,0,5,8,2,User,3,2,4.6,2.8000000000000003,16498.7,255681.86000000004
3,Router,39481,Network Room C,28420,6,1,63,13,93,User,3,0,97.4,2.4000000000000004,8529.2,44534.568
1,Server,1916,Data Center A,47857,1,1,77,55,18,Admin,3,3,109.9,3.0000000000000004,14357.800000000001,3649.9800000000005
1,Server,43878,Data Center A,64770,1,0,6,94,48,Admin,3,2,61.4,2.8000000000000003,19431.5,35628.93600000001
1,Laptop,77142,Office B,56533,8,0,71,50,34,User,1,3,35.2,1.4000000000000001,16963.899999999998,62639.30400000002
1,Server,72633,Network Room C,982,5,0,51,72,6,Admin,3,0,37.8,2.4000000000000004,297.09999999999997,106334.712
2,Router,22864,Network Room C,95110,0,0,21,11,26,Admin,1,2,13.3,1.2000000000000002,28533.0,22360.992000000002
2,Router,22282,Data Center A,77453,4,1,11,49,50,Admin,1,1,50.5,1.0,23238.1,11252.41
3,Router,26727,Data Center A,37983,5,0,55,67,70,Admin,3,0,54.5,2.4000000000000004,11397.4,20205.612
3,Router,8084,Data Center A,83862,2,1,79,59,73,User,3,0,130.4,2.4000000000000004,25159.8,6596.544
2,Laptop,75413,Data Center A,79619,6,1,45,96,26,Admin,1,3,100.8,1.4000000000000001,23888.9,41175.49800000001
1,Server,86387,Network Room C,12300,5,1,95,97,2,Admin,3,2,144.1,2.8000000000000003,3692.7,122151.21800000002
1,Router,24171,Office B,52042,7,0,81,4,82,Admin,2,3,26.599999999999998,2.2,15616.099999999999,30310.434000000005
1,Router,6505,Data Center A,7341,0,0,52,17,76,Admin,3,2,31.3,2.8000000000000003,2202.2999999999997,9744.489999999998
3,Laptop,10787,Office B,4777,1,0,5,20,63,Admin,3,0,28.9,2.4000000000000004,1433.6,15144.948
3,Laptop,1068,Network Room C,19809,2,0,24,5,39,Admin,3,3,14.2,3.0000000000000004,5943.7,2499.1200000000003
2,Router,49272,Data Center A,8550,8,1,17,42,91,Admin,3,1,65.3,2.6000000000000005,2569.2,42915.912000000004
1,Laptop,33192,Network Room C,75652,4,1,68,19,12,User,2,0,81.1,1.6,22697.8,44875.584
3,Router,76039,Data Center A,5624,6,0,6,95,19,Admin,1,3,53.2,1.4000000000000001,1690.2,45775.47800000001
1,Laptop,48101,Office B,67844,5,1,23,10,91,Admin,2,2,55.3,2.0,20355.9,47619.99
1,Server,94844,Data Center A,14387,5,1,39,100,10,User,1,0,92.0,0.8,4318.799999999999,34143.84
3,Server,71436,Data Center A,44064,9,1,77,9,95,User,2,1,110.0,1.8,13223.9,61720.704
2,Server,6168,Network Room C,40702,6,0,10,99,81,User,3,0,73.8,2.4000000000000004,12213.6,1480.32
3,Server,24562,Office B,21239,8,1,51,43,7,Admin,2,1,74.6,1.8,6375.9,33158.7
3,Router,13524,Office B,68243,1,1,13,27,70,Admin,2,0,47.5,1.6,20473.6,11143.776000000002
1,Server,62758,Office B,80757,7,1,7,86,79,User,2,2,73.7,2.0,24230.8,21965.300000000007
3,Router,46080,Network Room C,36790,9,0,37,43,77,Admin,3,1,44.599999999999994,2.6000000000000005,11041.5,47923.20000000001
3,Router,59518,Network Room C,20605,0,0,13,21,91,User,2,1,37.8,1.8,6181.5,47138.256
3,Router,73338,Office B,5812,10,0,34,6,47,User,1,2,17.1,1.2000000000000002,1748.6,64684.116
1,Server,43582,Network Room C,27317,10,1,11,18,40,User,1,1,32.0,1.0,8200.300000000001,30943.219999999998
3,Router,27895,Office B,30471,1,0,27,70,100,User,1,3,65.0,1.4000000000000001,9141.8,5857.950000000002
3,Laptop,39649,Network Room C,11883,2,0,67,16,69,Admin,1,0,28.7,0.8,3565.9,18238.539999999997
1,Server,81460,Office B,2162,7,1,46,49,35,Admin,3,0,81.0,2.4000000000000004,652.3000000000001,113392.32000000004
2,Router,71066,Office B,8288,9,0,49,29,58,User,3,3,31.9,3.0000000000000004,2490.9,120456.87000000001
3,Laptop,93386,Data Center A,15477,8,0,55,18,60,User,3,2,27.0,2.8000000000000003,4647.099999999999,159503.288
1,Router,47197,Network Room C,45423,7,1,65,14,46,Admin,3,0,85.8,2.4000000000000004,13630.6,79290.96
1,Laptop,29217,Network Room C,58689,6,0,22,70,88,Admin,1,3,61.4,1.4000000000000001,17609.7,8589.797999999999
1,Router,91114,Data Center A,78422,2,0,22,80,98,Admin,2,3,69.4,2.2,23527.6,22049.588
2,Router,67937,Network Room C,6780,3,1,67,69,67,User,2,0,121.6,1.6,2035.7,34783.744
1,Laptop,82722,Network Room C,51350,5,1,86,19,33,User,2,2,105.4,2.0,15407.7,122428.56
2,Laptop,36539,Office B,44764,6,0,53,37,56,User,3,0,35.3,2.4000000000000004,13432.199999999999,46916.075999999994
1,Laptop,5099,Network Room C,56174,3,1,22,13,78,User,2,2,51.9,2.0,16853.9,5557.909999999999
1,Server,35553,Data Center A,85613,3,1,96,68,44,Admin,2,2,143.2,2.0,25685.6,31286.639999999996
2,Laptop,25163,Office B,59339,4,1,76,4,69,User,3,0,98.7,2.4000000000000004,17803.9,38348.41200000001
3,Router,85390,Network Room C,69265,3,1,75,23,37,User,1,3,97.6,1.4000000000000001,20781.2,83682.20000000001
3,Router,87501,Office B,59713,9,0,46,93,5,Admin,3,3,48.0,3.0000000000000004,17918.399999999998,133876.53000000003
1,Laptop,88284,Network Room C,98730,5,1,43,13,69,Admin,1,1,70.2,1.0,29621.7,52087.560000000005
1,Laptop,23173,Office B,35956,6,1,4,96,47,Admin,3,2,66.1,2.8000000000000003,10790.0,18492.054000000004
3,Router,17788,Data Center A,32181,0,0,81,34,92,User,3,1,44.599999999999994,2.6000000000000005,9654.3,17112.056000000004
3,Laptop,53812,Office B,6183,1,0,17,4,40,Admin,3,2,14.0,2.8000000000000003,1855.3999999999999,117525.40800000001
1,Laptop,58110,Data Center A,89956,4,1,13,66,60,Admin,2,0,64.0,1.6,26989.0,34401.12
1,Laptop,58021,Network Room C,55963,6,0,63,47,99,User,2,1,53.2,1.8,16791.899999999998,28198.206000000002
1,Laptop,77159,Network Room C,61483,7,0,11,4,60,Admin,1,0,20.0,0.8,18448.399999999998,41974.496
3,Laptop,7295,Office B,96663,6,1,54,74,18,Admin,3,1,96.4,2.6000000000000005,29002.1,10242.180000000002
3,Laptop,41090,Network Room C,35964,4,0,39,51,36,Admin,1,0,36.3,0.8,10791.199999999999,18572.679999999997
1,Router,36893,Data Center A,92730,4,1,36,7,49,User,1,1,54.2,1.0,27821.2,26562.96
3,Laptop,62624,Network Room C,79159,0,0,55,50,100,Admin,2,2,55.0,2.0,23747.7,31312.0
3,Router,20825,Data Center A,95344,5,1,50,41,50,User,1,2,85.5,1.2000000000000002,28605.9,13619.550000000001
3,Server,44077,Network Room C,81365,0,0,13,39,75,User,1,0,42.0,0.8,24409.5,15162.488000000001
1,Server,2101,Data Center A,41901,1,0,27,11,64,Admin,3,2,24.7,2.8000000000000003,12570.8,3676.75
1,Server,60505,Data Center A,14131,4,0,0,17,76,Admin,1,1,31.3,1.0,4241.3,32370.174999999996
1,Server,57296,Data Center A,54152,5,0,90,17,2,User,1,3,9.1,1.4000000000000001,16248.099999999999,72594.032
1,Server,35337,Network Room C,26552,9,0,62,29,94,Admin,3,2,42.7,2.8000000000000003,7970.099999999999,38093.286
1,Laptop,59981,Office B,49292,7,1,33,7,45,User,1,2,50.0,1.2000000000000002,14791.3,53263.12800000001
3,Laptop,41338,Network Room C,15580,6,1,24,8,95,User,3,0,56.5,2.4000000000000004,4677.2,48117.432
3,Router,94131,Network Room C,97833,2,1,66,11,24,User,3,2,78.7,2.8000000000000003,29351.1,217442.61000000002
3,Router,41482,Data Center A,31296,1,0,42,37,61,User,3,0,36.8,2.4000000000000004,9389.3,50773.96800000001
1,Laptop,68139,Network Room C,31553,0,0,88,9,52,Admin,3,0,20.1,2.4000000000000004,9465.9,113655.85200000003
3,Router,83754,Network Room C,21694,8,1,72,28,30,User,3,3,95.0,3.0000000000000004,6512.4,178396.02000000002
3,Router,87203,Office B,45874,8,1,25,70,96,User,3,2,88.8,2.8000000000000003,13766.4,41508.62800000001
2,Router,64109,Data Center A,50794,7,1,15,98,92,User,2,1,91.6,1.8,15241.9,5769.810000000005
2,Router,5158,Data Center A,37598,6,1,90,39,22,User,1,1,116.1,1.0,11282.6,3584.8100000000004
3,Laptop,4881,Data Center A,60192,7,1,72,57,47,User,1,2,114.6,1.2000000000000002,18061.3,2811.456
1,Router,61612,Data Center A,89798,6,1,45,84,20,Admin,3,3,93.0,3.0000000000000004,26942.6,88721.28000000001
1,Router,41016,Office B,30451,5,1,0,77,43,Admin,2,0,51.4,1.6,9138.0,26250.240000000005
2,Router,13059,Network Room C,30097,2,1,9,53,98,User,2,0,64.9,1.6,9030.300000000001,5119.128000000001
3,Server,14034,Office B,70954,4,0,65,10,47,Admin,1,1,19.1,1.0,21288.2,10034.310000000001
2,Server,43730,Office B,82133,2,0,14,1,79,User,1,0,24.2,0.8,24640.899999999998,20990.399999999998
3,Laptop,60585,Network Room C,87275,5,0,88,78,66,Admin,3,3,58.8,3.0000000000000004,26185.0,50891.400000000016
3,Server,48557,Data Center A,67122,8,1,69,37,2,User,1,2,88.1,1.2000000000000002,20140.8,46906.062000000005
1,Laptop,62388,Network Room C,94812,6,0,6,45,11,Admin,3,3,25.8,3.0000000000000004,28446.6,134758.08000000002
3,Router,75277,Data Center A,15642,2,1,83,44,67,Admin,3,0,125.1,2.4000000000000004,4693.799999999999,80395.836
1,Laptop,20662,Office B,1038,10,0,59,94,40,User,1,1,59.0,1.0,316.4,6818.459999999999
2,Router,74407,Office B,45782,2,1,40,98,43,User,1,2,101.9,1.2000000000000002,13735.800000000001,26340.078000000005
1,Laptop,62903,Data Center A,13104,1,0,68,19,22,User,3,1,16.1,2.6000000000000005,3931.7,130020.50100000005
2,Laptop,68203,Data Center A,3526,2,0,27,56,36,User,2,1,38.8,1.8,1058.8,66293.316
1,Laptop,90328,Office B,56300,5,0,61,5,19,Admin,2,1,8.2,1.8,16892.5,143079.552
3,Laptop,45605,Data Center A,564,5,1,71,59,8,User,2,1,102.9,1.8,171.89999999999998,54589.185000000005
3,Server,5448,Network Room C,90024,6,1,30,22,22,User,1,2,47.6,1.2000000000000002,27010.4,5099.328000000001
1,Laptop,59974,Office B,5473,2,0,75,37,43,Admin,3,2,31.4,2.8000000000000003,1642.8999999999999,100756.32
3,Server,57758,Network Room C,43435,9,1,42,82,21,User,2,2,89.3,2.0,13035.2,56025.26
2,Laptop,8943,Data Center A,19757,9,1,73,38,82,Admin,1,3,116.6,1.4000000000000001,5931.799999999999,5008.080000000001
2,Laptop,29157,Network Room C,2811,5,1,62,23,21,User,3,3,79.8,3.0000000000000004,846.0,68227.38000000002
2,Server,26935,Data Center A,37482,5,1,94,10,5,User,3,1,100.5,2.6000000000000005,11247.300000000001,64778.67500000002
1,Router,59130,Network Room C,58881,2,0,67,8,20,User,3,3,10.0,3.0000000000000004,17665.3,152555.40000000002
1,Server,68192,Data Center A,59081,1,0,36,84,50,Admin,1,1,57.0,1.0,17724.8,22503.359999999997
3,Server,26102,Data Center A,96877,7,1,58,73,34,Admin,3,1,104.7,2.6000000000000005,29066.8,31557.318000000003
1,Router,4650,Office B,25095,9,0,25,24,19,Admin,3,2,17.7,2.8000000000000003,7533.0,10220.700000000003
2,Laptop,69443,Data Center A,4270,2,0,91,100,28,Admin,3,3,58.4,3.0000000000000004,1282.0,74998.44
3,Router,46358,Network Room C,64250,5,0,58,40,56,User,1,0,36.8,0.8,19277.5,19284.928
3,Server,94835,Data Center A,2799,4,1,75,74,7,Admin,3,1,114.1,2.6000000000000005,841.9,146709.74500000002
1,Router,18490,Network Room C,77969,3,0,25,91,31,Admin,2,1,54.8,1.8,23392.2,12979.98
3,Router,77390,Network Room C,29184,2,1,59,28,25,User,1,2,80.5,1.2000000000000002,8756.4,68257.98000000001
2,Server,59454,Data Center A,50564,8,1,54,43,31,Admin,3,0,84.8,2.4000000000000004,15173.4,89894.44800000002
1,Server,50364,Data Center A,66413,1,1,90,85,7,Admin,2,1,134.6,1.8,19924.6,48953.808000000005
3,Server,95014,Data Center A,88772,2,1,80,30,71,User,3,2,116.3,2.8000000000000003,26632.8,131689.404
3,Router,78730,Office B,43045,5,0,88,57,49,User,2,3,43.2,2.2,12916.0,81406.81999999999
3,Router,25195,Office B,98150,6,0,57,61,6,User,3,1,32.3,2.6000000000000005,29448.0,43562.15500000001
2,Server,20526,Data Center A,70666,7,0,76,59,74,User,2,1,51.7,1.8,21203.3,12377.178
1,Laptop,29537,Network Room C,23448,6,1,71,31,10,Admin,3,1,89.5,2.6000000000000005,7037.599999999999,61052.979000000014
1,Router,69845,Network Room C,81188,9,1,92,36,23,Admin,1,3,116.9,1.4000000000000001,24361.1,68937.01500000001
1,Laptop,27317,Network Room C,88003,9,1,7,60,3,User,3,2,37.9,2.8000000000000003,26405.6,52394.00600000001
2,Router,99046,Data Center A,65504,6,0,0,84,38,User,1,2,53.4,1.2000000000000002,19654.2,46353.528000000006
3,Server,60586,Office B,31001,3,0,1,12,26,User,2,1,13.8,1.8,9301.8,88334.388
2,Laptop,52010,Network Room C,74048,10,1,19,27,1,User,2,2,32.8,2.0,22219.6,89457.2
1,Server,91625,Data Center A,27013,4,0,39,49,2,User,3,0,25.1,2.4000000000000004,8105.9,163825.50000000003
2,Router,58298,Office B,18921,8,1,64,37,6,User,1,3,84.3,1.4000000000000001,5680.5,64069.502000000015
3,Server,29025,Network Room C,66054,8,0,90,100,3,User,2,2,50.9,2.0,19820.2,28154.25
3,Server,1194,Network Room C,69621,0,1,85,75,48,User,1,1,136.9,1.0,20886.5,459.69
1,Router,63063,Data Center A,3929,10,1,92,17,63,Admin,3,3,119.4,3.0000000000000004,1183.9,113513.40000000001
3,Server,73610,Office B,70111,9,0,27,96,16,Admin,1,3,52.8,1.4000000000000001,21037.8,45343.76
1,Server,44112,Network Room C,30923,2,0,51,24,47,User,2,0,26.1,1.6,9277.9,45523.584
3,Server,12830,Data Center A,87939,2,0,61,60,17,User,1,1,35.1,1.0,26382.7,7890.45
2,Server,95713,Network Room C,29492,9,0,97,89,35,User,1,1,55.0,1.0,8852.1,36370.94
2,Router,40806,Network Room C,77205,5,1,32,92,92,User,3,1,105.6,2.6000000000000005,23164.2,8487.647999999997
1,Laptop,99860,Office B,39779,10,0,13,37,38,Admin,2,0,29.9,1.6,11938.699999999999,99860.0
2,Server,72269,Data Center A,49318,2,1,14,27,62,Admin,2,1,46.099999999999994,1.8,14796.6,72196.73099999999
3,Laptop,21034,Data Center A,25045,8,0,97,7,4,Admin,2,0,4.7,1.6,7517.5,31803.408
3,Server,89863,Office B,97859,10,0,22,42,58,User,3,3,38.4,3.0000000000000004,29362.7,134794.50000000003
1,Server,70807,Network Room C,32631,1,1,97,89,12,Admin,2,3,145.1,2.2,9790.0,77108.823
3,Router,72319,Network Room C,76426,7,1,42,55,2,User,2,2,70.1,2.0,22931.5,103416.17000000001
2,Router,60746,Data Center A,32851,2,1,84,76,28,User,3,2,130.4,2.8000000000000003,9856.5,81642.62400000001
1,Server,78789,Office B,45026,9,1,84,29,6,Admin,1,1,100.3,1.0,13512.5,65000.924999999996
3,Server,29807,Data Center A,75316,3,0,7,85,56,Admin,1,3,59.3,1.4000000000000001,22596.3,12310.291000000003
1,Laptop,66291,Data Center A,31412,5,0,28,86,8,User,2,0,45.4,1.6,9426.1,56214.768000000004
1,Router,88228,Data Center A,53184,0,1,70,35,47,Admin,3,0,101.6,2.4000000000000004,15955.4,124930.84800000004
1,Laptop,18145,Office B,57044,0,1,41,99,46,User,2,1,104.3,1.8,17113.4,8981.775000000001
1,Router,18010,Data Center A,28441,4,0,72,10,31,User,3,1,14.299999999999999,2.6000000000000005,8534.3,37226.670000000006
3,Router,22634,Network Room C,3831,8,0,17,26,88,Admin,1,2,39.4,1.2000000000000002,1153.3,11679.144000000002
3,Server,37963,Network Room C,83688,5,0,73,9,37,User,1,1,15.6,1.0,25108.899999999998,29231.510000000002
3,Server,39106,Data Center A,66040,2,0,81,6,11,Admin,1,2,6.3,1.2000000000000002,19813.0,42938.388000000006
1,Router,35904,Office B,21164,3,0,78,50,68,User,1,3,45.4,1.4000000000000001,6350.7,20608.896000000004
3,Router,59177,Data Center A,25007,7,0,59,74,88,User,2,1,63.4,1.8,7505.599999999999,20238.533999999996
2,Router,80731,Office B,39911,5,0,94,16,53,Admin,1,3,23.9,1.4000000000000001,11975.8,74030.327
2,Router,86033,Office B,81928,7,1,15,60,89,User,3,1,71.7,2.6000000000000005,24582.1,57039.879000000015
3,Router,7184,Network Room C,6400,0,1,72,85,73,User,2,1,136.4,1.8,1920.2,2715.5519999999997
1,Laptop,30201,Network Room C,17270,3,1,47,5,8,Admin,2,2,51.9,2.0,5182.7,56475.87
2,Laptop,79912,Office B,29931,5,0,86,70,94,User,1,2,63.2,1.2000000000000002,8981.8,17260.992000000006
1,Server,21096,Data Center A,47520,6,0,60,77,99,User,1,2,68.2,1.2000000000000002,14259.0,3037.8240000000005
2,Router,42063,Network Room C,87971,1,1,43,81,99,Admin,1,2,113.2,1.2000000000000002,26392.0,5047.5599999999995
3,Laptop,81019,Office B,95320,8,1,58,54,17,User,1,2,90.1,1.2000000000000002,28600.2,62708.70600000001
1,Router,52979,Data Center A,36378,1,1,12,56,72,User,2,2,61.599999999999994,2.0,10914.1,38144.88
3,Server,71278,Office B,37900,4,0,56,77,62,Admin,3,0,57.099999999999994,2.4000000000000004,11372.0,52175.496000000014
1,Laptop,86598,Office B,56004,7,0,71,50,0,Admin,1,2,25.0,1.2000000000000002,16804.7,77938.20000000001
3,Laptop,75353,Data Center A,99386,3,1,30,48,92,User,1,2,81.6,1.2000000000000002,29817.5,27127.08000000001
2,Router,37212,Network Room C,35760,7,1,68,4,39,Admin,1,2,81.7,1.2000000000000002,10731.7,35053.704000000005
1,Router,62271,Data Center A,88936,10,0,93,50,72,User,2,0,46.599999999999994,1.6,26685.8,38857.10400000001
2,Router,28124,Data Center A,3596,8,1,17,46,14,Admin,1,1,44.2,1.0,1083.0,19686.8
3,Server,30747,Data Center A,54702,1,1,34,58,10,Admin,3,1,66.0,2.6000000000000005,16411.3,52761.852
1,Router,50375,Office B,27631,7,1,86,6,24,User,1,2,96.2,1.2000000000000002,8293.0,51382.50000000001
2,Server,84168,Network Room C,43142,4,0,62,52,23,User,1,3,32.9,1.4000000000000001,12944.6,73647.0
3,Server,2168,Office B,34822,5,0,11,91,49,Admin,3,1,60.2,2.6000000000000005,10449.1,1691.0400000000006
2,Router,54926,Network Room C,16872,10,0,3,65,53,Admin,1,2,48.4,1.2000000000000002,5066.599999999999,27023.592000000008
1,Router,62641,Network Room C,17162,8,0,89,60,52,Admin,3,0,45.6,2.4000000000000004,5152.599999999999,66148.89600000001
1,Router,8501,Data Center A,33935,1,1,41,19,78,User,3,3,73.9,3.0000000000000004,10181.2,13134.045000000002
2,Laptop,83438,Office B,48468,4,1,9,93,63,Admin,1,1,74.4,1.0,14542.6,18356.359999999997
2,Laptop,88628,Network Room C,84920,4,1,21,32,83,Admin,1,1,61.9,1.0,25478.2,37666.9
2,Laptop,9342,Data Center A,52536,5,0,49,30,69,Admin,1,3,35.7,1.4000000000000001,15763.3,6604.794000000001
1,Server,98292,Office B,7858,6,0,28,34,15,Admin,1,3,21.5,1.4000000000000001,2360.4,103894.64400000001
3,Laptop,3437,Office B,85599,0,0,52,56,90,Admin,1,2,55.0,1.2000000000000002,25679.7,1113.5880000000002
3,Server,15926,Data Center A,43658,1,1,89,72,66,Admin,1,3,144.8,1.4000000000000001,13098.1,6911.884000000002
2,Router,9398,Network Room C,2864,7,0,84,42,100,Admin,3,2,51.0,2.8000000000000003,862.6999999999999,7631.176000000001
2,Server,62842,Data Center A,41809,3,0,77,54,41,Admin,1,2,39.3,1.2000000000000002,12544.199999999999,39590.46000000001
1,Laptop,86490,Network Room C,27663,1,1,11,76,30,User,3,0,58.0,2.4000000000000004,8299.6,97560.72
1,Laptop,33742,Data Center A,76730,10,1,19,12,18,Admin,1,1,30.4,1.0,23024.2,28680.7
1,Server,4626,Data Center A,76945,0,0,87,14,21,Admin,2,2,13.3,2.0,23083.5,7632.9
1,Laptop,1828,Network Room C,28754,6,1,42,97,39,Admin,3,1,102.2,2.6000000000000005,8629.4,1520.8960000000002
3,Laptop,74254,Office B,58473,0,0,91,55,51,User,1,3,42.8,1.4000000000000001,17541.899999999998,48859.132
1,Laptop,77713,Data Center A,65588,0,1,67,31,92,Admin,1,1,110.1,1.0,19676.6,29919.505
2,Laptop,40736,Data Center A,56217,6,0,20,82,59,User,3,3,58.7,3.0000000000000004,16868.1,36051.36000000001
3,Server,28807,Network Room C,88981,9,1,24,1,67,Admin,3,2,44.599999999999994,2.8000000000000003,26699.0,53235.335999999996
2,Laptop,86044,Office B,94430,7,0,2,67,90,Admin,1,3,60.5,1.4000000000000001,28332.5,25899.244
1,Laptop,50657,Network Room C,56564,3,0,6,14,19,Admin,2,2,12.7,2.0,16970.7,84597.19
1,Laptop,55426,Office B,41822,2,0,28,40,60,User,3,2,38.0,2.8000000000000003,12547.6,77596.40000000001
2,Laptop,57901,Data Center A,16056,0,1,74,28,89,User,2,2,114.7,2.0,4817.0,48057.83
1,Server,55263,Data Center A,40234,9,0,52,33,84,User,2,1,41.7,1.8,12074.699999999999,41281.46100000001
1,Server,20097,Office B,15010,7,1,90,23,8,User,3,1,103.9,2.6000000000000005,4506.7,44153.10900000001
3,Laptop,84032,Office B,64067,4,0,87,73,25,Admin,2,3,44.0,2.2,19222.1,94283.90400000001
2,Router,51179,Data Center A,78289,1,1,31,12,91,User,3,3,64.3,3.0000000000000004,23487.4,74465.445
3,Laptop,76879,Office B,42328,2,0,48,85,18,User,2,0,47.9,1.6,12699.4,59658.104
2,Laptop,85084,Network Room C,90944,4,1,45,14,57,Admin,3,3,69.1,3.0000000000000004,27285.4,164637.54000000004
1,Router,74575,Data Center A,32139,8,1,95,38,45,User,1,1,127.5,1.0,9645.9,43626.375
3,Laptop,26722,Network Room C,70050,3,1,48,35,30,Admin,2,2,74.5,2.0,21016.7,36074.700000000004
2,Router,83672,Network Room C,74986,9,0,73,27,78,User,1,2,36.9,1.2000000000000002,22500.3,47693.04
1,Server,70680,Office B,50081,2,1,76,9,7,User,2,1,82.6,1.8,15025.5,117046.08
1,Server,55404,Data Center A,10009,8,0,34,77,63,Admin,3,3,57.4,3.0000000000000004,3006.7,49863.60000000001
2,Server,9217,Network Room C,21477,1,0,4,77,89,Admin,1,3,65.2,1.4000000000000001,6443.599999999999,2193.6460000000006
2,Server,74068,Network Room C,66874,2,1,53,65,11,User,3,0,88.8,2.4000000000000004,20063.4,110213.18400000002
2,Laptop,26268,Data Center A,97429,3,0,95,65,45,User,1,1,46.0,1.0,29230.2,11820.599999999999
1,Router,92544,Office B,69257,7,1,28,79,6,Admin,1,3,69.3,1.4000000000000001,20780.8,74497.92
1,Server,42027,Data Center A,56145,7,1,66,92,2,User,2,0,112.6,1.6,16847.2,35638.896
2,Laptop,92746,Office B,73752,6,0,90,8,27,User,1,1,12.1,1.0,22128.6,76515.45
3,Server,5677,Data Center A,37698,0,1,63,66,91,User,1,2,123.3,1.2000000000000002,11309.6,1464.6660000000002
3,Router,67050,Office B,26677,1,1,61,80,61,Admin,1,2,119.3,1.2000000000000002,8003.799999999999,23735.700000000008
2,Server,28266,Network Room C,8923,10,0,34,48,90,Admin,3,2,51.0,2.8000000000000003,2681.9,24534.888000000006
2,Laptop,59496,Office B,86829,2,1,70,61,6,User,2,2,102.3,2.0,26049.9,79129.68000000001
3,Laptop,72944,Office B,70453,5,0,26,6,73,Admin,1,1,24.9,1.0,21138.399999999998,44131.119999999995
3,Router,57540,Office B,26801,9,0,7,35,4,Admin,2,0,18.7,1.6,8044.799999999999,74111.51999999999
3,Server,51833,Data Center A,71201,4,1,27,69,26,Admin,3,3,69.3,3.0000000000000004,21362.5,81636.97500000002
3,Server,51624,Office B,2499,4,1,80,30,66,Admin,3,3,114.8,3.0000000000000004,751.9,80533.44000000002
1,Laptop,88994,Data Center A,63689,2,0,0,60,50,User,2,0,45.0,1.6,19107.7,64075.67999999999
1,Router,67015,Network Room C,26824,4,1,36,10,96,Admin,3,2,69.8,2.8000000000000003,8049.4,88191.74
3,Laptop,57230,Network Room C,92810,7,1,6,81,69,User,2,1,67.2,1.8,27846.7,25753.5
3,Server,60831,Network Room C,85710,6,0,34,66,4,User,2,2,34.2,2.0,25716.0,79080.3
2,Laptop,14295,Network Room C,69223,6,0,43,91,61,User,2,2,63.8,2.0,20769.899999999998,6861.599999999999
3,Router,10346,Data Center A,7965,0,1,88,53,64,Admin,3,1,133.7,2.6000000000000005,2389.7,11163.334000000003
1,Server,70265,Office B,64217,10,1,85,95,30,User,1,1,141.5,1.0,19270.3,26349.375
1,Router,65012,Office B,53875,3,0,54,10,74,Admin,1,3,27.2,1.4000000000000001,16164.0,52789.744000000006
3,Server,80153,Network Room C,595,5,1,99,94,14,User,2,2,150.2,2.0,181.2,73740.76
3,Router,66066,Network Room C,11457,8,1,39,5,100,User,3,0,71.5,2.4000000000000004,3441.2999999999997,75315.24
1,Laptop,90894,Data Center A,35731,5,1,100,54,36,Admin,1,3,137.8,1.4000000000000001,10722.0,69988.38
3,Router,26679,Office B,36690,7,1,9,87,50,User,1,1,67.5,1.0,11010.7,8403.884999999998
1,Server,38063,Office B,79529,5,0,48,3,79,Admin,2,2,25.2,2.0,23861.2,44914.340000000004
2,Server,4984,Network Room C,20450,3,0,80,44,43,User,2,1,34.9,1.8,6136.5,5068.728
3,Router,42708,Data Center A,97346,9,1,49,56,32,Admin,3,3,86.6,3.0000000000000004,29208.5,71749.44000000002
2,Router,8899,Data Center A,23755,7,1,29,74,0,Admin,1,2,66.0,1.2000000000000002,7130.2,6727.644000000001
2,Server,73279,Office B,75360,5,0,84,58,28,User,1,2,37.4,1.2000000000000002,22610.5,50122.83600000002
3,Laptop,35310,Data Center A,54185,6,0,52,17,41,Admin,3,0,20.799999999999997,2.4000000000000004,16258.5,60168.240000000005
2,Laptop,78236,Network Room C,97673,6,1,34,76,5,User,3,1,73.5,2.6000000000000005,29305.1,121031.09200000002
2,Router,73887,Network Room C,83488,3,0,6,87,20,User,3,1,49.5,2.6000000000000005,25047.899999999998,89329.38300000002
3,Router,65061,Office B,91146,0,1,53,12,11,Admin,1,0,62.3,0.8,27344.0,46063.188
3,Server,84664,Network Room C,91141,2,0,50,90,8,User,2,3,47.4,2.2,27343.3,94993.00800000002
2,Server,49744,Data Center A,26607,8,1,77,25,9,Admin,2,0,92.2,1.6,7986.299999999999,66060.032
2,Server,73550,Network Room C,47194,1,0,55,66,58,Admin,1,2,50.4,1.2000000000000002,14158.699999999999,33538.8
2,Laptop,35721,Network Room C,74787,8,1,96,71,51,User,2,1,146.8,1.8,22440.3,25076.142000000003
1,Server,74471,Data Center A,62146,3,0,55,70,75,Admin,2,2,57.5,2.0,18645.3,40959.05
2,Laptop,84605,Network Room C,14672,10,0,37,95,73,Admin,1,2,69.4,1.2000000000000002,4406.599999999999,16244.160000000005
3,Router,89962,Network Room C,31971,2,0,26,83,43,Admin,2,3,54.4,2.2,9592.3,73229.06800000001
3,Laptop,79994,Network Room C,95396,1,0,93,77,20,Admin,3,1,44.5,2.6000000000000005,28619.3,107111.96600000003
1,Server,95761,Network Room C,58732,10,0,89,18,12,User,3,0,12.6,2.4000000000000004,17624.6,195352.44
1,Router,48317,Data Center A,90473,2,0,63,62,62,User,2,3,49.599999999999994,2.2,27142.899999999998,40393.012
2,Server,34170,Data Center A,13921,4,1,49,54,12,User,1,2,79.6,1.2000000000000002,4178.5,27472.68
1,Router,95334,Office B,58089,10,1,67,85,51,User,1,1,124.8,1.0,17431.9,30506.879999999994
1,Router,73624,Office B,63958,0,1,68,64,26,User,2,0,107.8,1.6,19187.6,64789.12000000001
1,Server,55989,Network Room C,23688,7,0,8,32,35,User,3,3,26.5,3.0000000000000004,7109.9,111698.05500000002
2,Server,69252,Network Room C,96510,3,1,11,33,34,User,2,0,37.7,1.6,28954.7,73684.12800000001
2,Laptop,51531,Office B,29080,8,0,94,57,40,Admin,2,3,40.5,2.2,8728.0,58384.62300000001
2,Router,22805,Data Center A,91986,2,0,61,61,6,Admin,2,0,32.3,1.6,27596.8,24264.52
1,Server,68338,Office B,71417,1,1,85,44,23,Admin,2,0,113.9,1.6,21425.8,72711.63200000001
1,Server,49110,Office B,67669,2,1,23,49,74,User,1,3,69.7,1.4000000000000001,20301.9,26470.29
1,Router,36043,Data Center A,6944,9,0,30,84,47,Admin,2,1,56.1,1.8,2087.7,22382.702999999998
2,Laptop,26633,Data Center A,50033,6,0,67,41,21,Admin,3,0,26.8,2.4000000000000004,15012.9,44104.24800000001
2,Router,19558,Data Center A,45934,5,1,12,18,65,User,3,3,40.5,3.0000000000000004,13782.9,34324.29
1,Laptop,7955,Network Room C,63492,7,1,96,25,88,User,2,0,134.9,1.6,19051.3,5536.68
2,Router,86510,Office B,71961,8,0,37,47,73,Admin,3,0,45.4,2.4000000000000004,21592.3,83049.60000000002
1,Laptop,23817,Data Center A,5630,4,0,22,50,50,Admin,3,1,40.0,2.6000000000000005,1691.0,30962.100000000006
2,Server,32547,Data Center A,64712,0,1,96,7,2,Admin,1,3,100.1,1.4000000000000001,19413.8,43515.339
2,Router,14543,Data Center A,95521,1,0,99,49,59,Admin,3,2,42.2,2.8000000000000003,28656.8,18731.384
1,Server,95225,Network Room C,14594,0,0,68,68,14,Admin,1,1,38.2,1.0,4378.2,56182.75000000001
3,Server,36182,Office B,64641,1,1,19,24,12,User,1,0,34.6,0.8,19393.0,23735.392000000003
3,Server,39863,Data Center A,3156,8,1,21,94,25,Admin,2,2,75.5,2.0,951.0,32289.030000000002
3,Router,21451,Network Room C,92846,6,0,37,53,47,Admin,1,0,40.6,0.8,27856.8,8580.4
3,Router,20854,Data Center A,247,7,1,39,54,9,User,1,2,68.7,1.2000000000000002,77.8,17141.988000000005
2,Server,87073,Network Room C,12744,1,1,50,89,75,Admin,1,3,117.0,1.4000000000000001,3823.8999999999996,21942.396000000008
1,Router,13603,Office B,13365,10,1,8,26,29,Admin,3,0,29.7,2.4000000000000004,4014.7,23669.22
1,Laptop,8135,Office B,6419,0,1,21,50,44,Admin,2,3,59.2,2.2,1925.8999999999999,9485.41
2,Laptop,22042,Office B,9247,8,1,82,75,20,Admin,3,3,125.5,3.0000000000000004,2778.2999999999997,34716.15000000001
2,Laptop,56079,Office B,42938,5,1,46,87,75,Admin,2,0,112.0,1.6,12884.1,17048.015999999996
3,Server,54285,Network Room C,85907,0,1,95,93,45,User,3,2,155.0,2.8000000000000003,25772.3,47119.380000000005
2,Router,41287,Office B,73772,2,1,81,94,77,Admin,2,1,151.1,1.8,22132.8,10775.907000000003
1,Router,88864,Office B,53226,6,1,44,27,6,Admin,3,2,59.3,2.8000000000000003,15971.0,207764.032
3,Server,58858,Data Center A,37287,10,0,14,85,3,Admin,2,2,43.4,2.0,11191.1,65920.96
1,Laptop,1158,Network Room C,38557,0,1,41,74,49,User,2,2,92.7,2.0,11567.300000000001,891.66
3,Laptop,83831,Office B,82863,0,1,98,31,84,Admin,1,2,138.7,1.2000000000000002,24859.1,42753.81000000001
2,Server,95258,Office B,93343,7,1,31,58,67,Admin,3,0,80.1,2.4000000000000004,28006.6,85732.20000000001
1,Server,25982,Network Room C,77823,3,0,12,32,7,User,2,2,18.1,2.0,23348.399999999998,41831.02
1,Server,15084,Data Center A,67390,10,1,62,68,24,Admin,1,1,103.2,1.0,20222.2,8145.360000000001
3,Server,35132,Data Center A,98812,0,1,95,40,69,Admin,1,0,135.7,0.8,29643.8,12788.048
1,Server,65286,Office B,30692,9,1,87,37,76,User,3,1,128.3,2.6000000000000005,9212.300000000001,73838.46600000003
2,Router,30542,Data Center A,36575,6,0,61,22,96,Admin,1,0,39.8,0.8,10975.5,10017.776000000002
1,Server,13567,Network Room C,15830,7,1,10,27,6,Admin,3,1,25.3,2.6000000000000005,4752.7,29453.957000000002
3,Laptop,94565,Office B,88967,0,0,86,44,37,User,2,1,33.1,1.8,26690.1,101279.11499999999
2,Router,22443,Network Room C,49294,6,0,58,99,92,User,3,1,77.1,2.6000000000000005,14791.199999999999,2625.831000000003
1,Laptop,77035,Office B,6923,10,0,91,73,54,Admin,2,0,52.7,1.6,2081.9,44988.44
3,Router,28059,Office B,19576,2,1,80,50,93,User,2,3,132.9,2.2,5874.0,17592.993000000002
3,Laptop,34677,Data Center A,81632,0,0,96,90,32,User,1,0,54.6,0.8,24489.6,10819.224000000002
3,Router,10125,Data Center A,71931,4,0,89,18,11,Admin,1,1,12.3,1.0,21581.3,8656.875
3,Server,3929,Data Center A,30915,8,1,82,22,99,Admin,2,3,122.7,2.2,9278.7,3414.3010000000004
3,Server,54975,Office B,34901,4,1,68,55,74,User,2,1,117.7,1.8,10472.5,35129.025
1,Server,70333,Data Center A,29435,5,0,74,23,78,User,2,1,34.9,1.8,8833.0,62666.703
2,Laptop,89042,Data Center A,26116,2,0,31,92,62,User,2,1,64.6,1.8,7835.799999999999,36863.388
2,Router,75929,Office B,37633,1,0,88,92,47,Admin,1,3,60.1,1.4000000000000001,11290.4,32421.683000000008
2,Server,26424,Data Center A,52222,2,1,35,72,45,User,1,3,84.5,1.4000000000000001,15667.8,15352.344000000005
3,Laptop,84758,Office B,79720,8,1,74,97,91,Admin,1,1,149.8,1.0,23920.2,5085.480000000004
2,Router,51573,Data Center A,86694,9,0,40,66,4,Admin,2,2,34.2,2.0,26012.7,67044.90000000001
2,Server,8511,Network Room C,87014,8,0,79,45,68,Admin,3,0,42.9,2.4000000000000004,26108.2,8885.484000000002
1,Router,67483,Network Room C,90817,1,1,3,61,49,User,2,1,48.2,1.8,27245.8,54661.229999999996
3,Router,3573,Office B,1930,1,1,80,8,51,User,2,2,99.3,2.0,579.7,5037.93
2,Server,45925,Office B,71344,7,0,38,63,91,Admin,2,1,58.8,1.8,21406.7,19012.949999999997
3,Server,83372,Office B,95014,5,1,7,64,43,Admin,3,1,51.9,2.6000000000000005,28506.9,100796.748
1,Server,99658,Data Center A,43805,8,1,68,14,82,User,1,1,99.6,1.0,13145.7,51822.16
3,Laptop,59346,Data Center A,51774,0,1,73,84,77,Admin,2,3,138.1,2.2,15532.4,25459.433999999997
1,Router,82905,Office B,99977,10,0,100,6,78,User,1,0,26.4,0.8,29998.1,38467.920000000006
2,Router,80454,Data Center A,7893,8,1,37,52,100,User,2,0,93.0,1.6,2372.1,30894.336
3,Server,53229,Office B,6597,2,1,42,82,20,Admin,3,2,89.0,2.8000000000000003,1980.3,73030.18800000001
1,Router,46949,Data Center A,74626,4,0,9,7,72,User,2,1,25.099999999999998,1.8,22389.8,51127.460999999996
2,Router,96373,Data Center A,79786,7,0,81,22,76,Admin,2,2,33.8,2.0,23939.3,98300.46
3,Router,67043,Data Center A,89517,3,1,100,8,44,Admin,3,2,117.2,2.8000000000000003,26856.8,138913.09600000002
2,Laptop,30998,Data Center A,16119,8,1,94,13,25,User,3,2,108.0,2.8000000000000003,4839.9,70303.464
3,Router,54521,Office B,91978,4,1,99,61,29,User,2,2,138.2,2.0,27595.6,59973.100000000006
2,Server,61242,Office B,10926,5,0,99,46,48,Admin,2,3,37.4,2.2,3280.2999999999997,71408.17200000002
3,Router,73813,Network Room C,96253,3,0,54,42,38,User,1,3,32.4,1.4000000000000001,28877.399999999998,62002.920000000006
3,Router,82906,Data Center A,49156,3,0,80,74,8,Admin,2,2,39.4,2.0,14748.3,97829.08000000002
1,Router,13460,Data Center A,10455,2,0,87,21,71,Admin,3,1,31.8,2.6000000000000005,3137.5,18897.840000000004
2,Router,40930,Office B,41554,2,0,76,71,79,Admin,2,1,59.2,1.8,12467.199999999999,18418.5
3,Server,2466,Network Room C,24572,4,0,15,2,78,User,3,2,24.4,2.8000000000000003,7373.599999999999,4142.88
3,Laptop,37501,Network Room C,77443,2,1,80,3,72,User,3,1,103.1,2.6000000000000005,23234.1,60939.125000000015
1,Server,53011,Data Center A,86712,9,1,4,65,100,User,2,0,66.5,1.6,26018.3,14843.080000000005
3,Router,67522,Data Center A,84676,0,1,30,86,50,Admin,2,3,88.0,2.2,25403.0,47535.488
1,Router,62592,Data Center A,54518,1,1,26,94,36,Admin,1,1,83.8,1.0,16356.1,21907.199999999997
3,Server,7130,Data Center A,95202,9,1,77,56,16,Admin,2,2,109.8,2.0,28565.3,9126.4
1,Server,48769,Data Center A,82527,1,0,29,24,84,User,1,0,37.2,0.8,24758.6,17946.992000000002
1,Server,79557,Data Center A,39975,0,1,29,80,23,Admin,2,3,75.9,2.2,11992.7,84887.319
3,Server,63945,Office B,66431,1,0,57,17,58,User,2,2,25.9,2.0,19929.8,79931.25
2,Server,96943,Data Center A,35854,6,1,94,80,21,Admin,3,3,140.3,3.0000000000000004,10759.4,143960.35500000004
1,Router,94431,Network Room C,29535,0,0,46,44,15,Admin,1,1,26.5,1.0,8860.5,66573.85500000001
3,Server,11808,Network Room C,26422,7,1,29,0,1,User,3,0,29.3,2.4000000000000004,7930.299999999999,28197.504000000004
1,Server,25942,Data Center A,25126,9,0,23,41,58,Admin,3,1,37.9,2.6000000000000005,7542.299999999999,34061.846000000005
2,Laptop,8456,Network Room C,74619,2,0,43,24,0,User,3,0,12.0,2.4000000000000004,22386.7,17859.072
2,Laptop,2491,Data Center A,76201,1,0,25,13,15,Admin,1,3,11.0,1.4000000000000001,22860.8,2999.164
2,Server,56368,Office B,78976,5,1,75,36,8,User,1,1,95.4,1.0,23695.5,43967.04
2,Router,14628,Office B,7515,0,0,49,2,21,Admin,3,3,7.3,3.0000000000000004,2254.5,38837.340000000004
1,Laptop,64090,Office B,17258,2,1,100,71,31,Admin,3,1,144.8,2.6000000000000005,5178.599999999999,81650.66000000002
3,Server,42461,Network Room C,8650,9,0,8,16,80,User,3,3,32.0,3.0000000000000004,2599.5,66239.16
2,Router,6551,Data Center A,79757,8,0,32,70,18,Admin,1,0,40.4,0.8,23931.1,2934.8480000000004
3,Laptop,88803,Office B,10711,10,0,71,60,55,Admin,1,3,46.5,1.4000000000000001,3218.2999999999997,52837.78500000001
2,Router,69245,Data Center A,57435,0,0,76,56,42,User,3,3,40.6,3.0000000000000004,17230.5,105944.85000000002
1,Laptop,14695,Office B,69738,8,0,97,66,33,User,2,3,42.9,2.2,20925.399999999998,16326.145000000002
3,Laptop,13427,Network Room C,89242,10,1,93,46,92,Admin,2,3,143.6,2.2,26777.8,9157.214000000002
2,Server,1800,Data Center A,18145,9,1,99,74,5,Admin,3,2,137.5,2.8000000000000003,5448.2,3049.2000000000003
1,Server,14222,Data Center A,32874,2,1,41,81,40,User,3,1,93.5,2.6000000000000005,9863.4,14605.994000000002
2,Laptop,50187,Data Center A,72464,6,0,12,94,7,User,2,1,49.1,1.8,21742.2,44716.617000000006
3,Router,10437,Network Room C,87553,9,1,32,90,96,Admin,3,1,105.8,2.6000000000000005,26270.6,1899.533999999999
3,Server,96818,Office B,72725,3,0,43,14,77,Admin,2,0,30.099999999999998,1.6,21819.0,84425.296
1,Laptop,87933,Network Room C,56680,6,0,74,85,5,Admin,3,3,44.0,3.0000000000000004,17007.0,145089.45000000004
2,Laptop,84516,Data Center A,74982,0,0,62,99,88,User,1,1,75.9,1.0,22494.6,5493.539999999995
2,Laptop,51446,Network Room C,68763,9,0,68,61,27,User,2,3,38.6,2.2,20633.399999999998,63381.472000000016
2,Router,15398,Office B,63340,10,0,99,64,69,Admin,2,1,52.7,1.8,19007.0,9284.993999999999
1,Laptop,90045,Network Room C,86445,1,1,3,3,23,User,3,3,11.399999999999999,3.0000000000000004,25934.2,235017.45000000004
2,Laptop,62090,Network Room C,9425,3,0,13,8,34,Admin,2,1,14.2,1.8,2829.0,88291.98000000001
3,Laptop,7154,Office B,58638,7,0,8,85,13,User,3,1,46.4,2.6000000000000005,17594.899999999998,9486.204000000003
2,Router,60732,Office B,68260,10,0,5,17,45,User,3,3,22.0,3.0000000000000004,20483.0,125715.24
2,Laptop,77945,Network Room C,92108,0,0,56,47,25,User,1,0,31.0,0.8,27632.399999999998,39907.840000000004
2,Server,42756,Office B,63347,0,1,36,44,77,User,2,1,81.1,1.8,19004.3,30399.516000000003
3,Laptop,65612,Network Room C,65588,10,1,87,64,37,User,3,2,130.1,2.8000000000000003,19681.6,90938.232
2,Laptop,44534,Network Room C,88423,7,0,32,34,26,User,2,1,24.8,1.8,26530.399999999998,56112.84
2,Server,83009,Data Center A,30129,3,0,93,99,15,User,1,0,54.0,0.8,9040.199999999999,28555.096
3,Server,17099,Network Room C,93815,2,1,1,24,56,User,2,0,29.8,1.6,28145.7,16415.04
3,Laptop,99355,Office B,75041,8,1,10,8,40,User,3,2,26.0,2.8000000000000003,22516.5,211427.44
3,Router,70183,Data Center A,75948,7,1,21,0,33,Admin,1,2,30.9,1.2000000000000002,22788.1,70323.36600000001
1,Server,43906,Network Room C,78357,6,1,79,4,84,Admin,1,2,106.2,1.2000000000000002,23510.3,29504.832000000006
2,Laptop,93190,Data Center A,15462,10,0,69,8,43,Admin,2,2,16.9,2.0,4643.599999999999,138853.1
1,Laptop,6608,Data Center A,69060,6,1,7,17,3,Admin,3,1,16.4,2.6000000000000005,20721.2,15462.720000000003
1,Router,20822,Data Center A,7130,7,1,13,69,89,User,1,0,74.2,0.8,2142.7,3498.096
3,Server,24081,Office B,72026,7,0,92,86,2,User,1,1,43.6,1.0,21611.3,13485.36
2,Router,44065,Office B,25335,10,0,46,66,18,Admin,1,1,38.4,1.0,7605.5,25557.700000000004
3,Router,13924,Network Room C,57760,4,0,37,85,78,Admin,2,3,65.9,2.2,17330.0,5667.068000000002
3,Router,79534,Office B,94379,7,1,53,60,69,User,1,1,103.7,1.0,28317.4,28234.57
1,Laptop,46978,Network Room C,95519,3,0,28,91,0,Admin,3,2,45.5,2.8000000000000003,28657.2,71688.428
1,Router,88891,Office B,93079,1,1,45,64,78,Admin,3,1,100.4,2.6000000000000005,27924.4,67023.81400000001
1,Server,20599,Office B,93941,0,1,92,34,49,Admin,2,2,123.7,2.0,28182.5,24100.829999999998
3,Server,13297,Data Center A,96172,9,1,77,54,12,User,1,3,107.6,1.4000000000000001,28856.3,12472.586000000001
1,Server,25465,Data Center A,31446,8,1,58,10,67,Admin,1,0,83.1,0.8,9438.0,12528.78
1,Router,75384,Network Room C,39902,6,1,45,70,56,User,1,2,96.8,1.2000000000000002,11973.800000000001,33470.49600000001
1,Laptop,95851,Network Room C,6883,9,0,80,4,40,User,1,3,14.0,1.4000000000000001,2069.4,104669.29200000002
1,Router,86071,Data Center A,176,1,1,63,79,37,Admin,1,2,113.6,1.2000000000000002,53.5,43379.78400000001
1,Router,63147,Data Center A,80730,2,1,79,88,28,User,2,0,131.4,1.6,24220.2,42434.78400000001
3,Laptop,23186,Network Room C,67573,4,0,88,1,0,User,1,0,0.5,0.8,20273.899999999998,18456.056
3,Laptop,49283,Network Room C,83667,8,1,47,39,30,Admin,2,2,75.5,2.0,25104.3,64560.73
2,Router,75283,Office B,24465,7,1,8,87,21,User,1,2,57.8,1.2000000000000002,7343.2,41556.21600000001
2,Laptop,49657,Network Room C,84924,8,0,91,37,38,User,2,2,29.9,2.0,25481.2,62071.25
1,Router,56723,Network Room C,47641,5,0,53,9,67,User,1,2,24.599999999999998,1.2000000000000002,14294.8,42201.912000000004
1,Server,70858,Data Center A,88097,2,1,65,84,83,User,1,0,131.9,0.8,26430.3,9353.256000000003
3,Server,23897,Data Center A,48173,2,0,95,73,31,Admin,3,1,45.8,2.6000000000000005,14452.9,29823.456000000006
3,Server,51043,Data Center A,98171,4,1,0,20,15,Admin,1,0,14.5,0.8,29453.5,33688.38
1,Server,77245,Data Center A,69073,3,0,41,46,20,User,1,0,29.0,0.8,20723.399999999998,41403.31999999999
3,Laptop,15402,Data Center A,13406,2,1,70,60,54,User,2,2,116.2,2.0,4022.9999999999995,13245.720000000001
3,Laptop,26097,Office B,4094,8,0,29,11,73,User,2,0,27.4,1.6,1232.2,24218.016000000007
2,Router,34857,Network Room C,76208,9,1,34,56,9,Admin,3,1,64.7,2.6000000000000005,22867.1,61174.03500000001
3,Laptop,65659,Network Room C,45372,1,0,54,62,51,Admin,3,0,46.3,2.4000000000000004,13612.1,68547.99600000003
2,Laptop,5800,Data Center A,1335,8,1,7,30,86,Admin,1,2,47.8,1.2000000000000002,404.7,2923.2000000000007
2,Router,16428,Network Room C,3252,1,0,94,87,31,Admin,2,3,52.8,2.2,976.0999999999999,14818.056000000004
1,Router,58282,Data Center A,83935,10,0,36,95,93,User,3,1,75.4,2.6000000000000005,25185.5,9091.992000000011
1,Router,94884,Office B,95942,5,1,68,82,4,Admin,1,3,110.2,1.4000000000000001,28785.3,75717.43200000002
2,Laptop,4597,Network Room C,65654,9,0,50,7,34,User,3,2,13.7,2.8000000000000003,19700.7,10232.922
3,Router,7375,Network Room C,75603,4,1,28,25,83,User,2,3,65.4,2.2,22683.1,7463.5
3,Laptop,34874,Office B,95464,4,1,74,69,97,Admin,2,3,137.6,2.2,28641.4,13042.876000000004
1,Router,53711,Office B,72671,10,0,34,94,89,User,3,2,73.7,2.8000000000000003,21806.3,12783.217999999995
3,Laptop,67944,Network Room C,70347,2,1,77,50,98,User,1,0,131.4,0.8,21105.3,14132.352
1,Router,66229,Data Center A,57180,2,1,56,10,28,Admin,3,2,69.4,2.8000000000000003,17155.2,150207.37200000003
3,Router,6662,Office B,58868,3,0,25,89,54,Admin,3,1,60.7,2.6000000000000005,17661.899999999998,4936.542000000002
2,Server,59297,Network Room C,8722,10,0,6,40,47,Admin,1,2,34.1,1.2000000000000002,2621.6,40203.366
2,Laptop,25454,Office B,33265,5,0,26,41,91,User,1,1,47.8,1.0,9982.0,8654.359999999999
3,Router,73602,Data Center A,37442,3,1,87,95,63,Admin,2,1,153.4,1.8,11234.300000000001,27821.555999999997
2,Server,67593,Network Room C,89602,1,0,69,70,24,User,1,0,42.2,0.8,26881.1,28659.432
3,Laptop,65383,Data Center A,83126,9,1,54,98,45,User,2,3,116.5,2.2,24942.5,40995.141
2,Router,13817,Data Center A,94043,10,1,68,100,84,User,3,1,143.2,2.6000000000000005,28218.1,2873.935999999999
3,Router,43196,Data Center A,77970,6,0,51,10,62,User,2,3,23.599999999999998,2.2,23394.0,60819.96800000001
3,Server,87522,Data Center A,86848,9,1,54,11,38,User,2,0,70.9,1.6,26059.1,105726.57600000002
2,Laptop,46603,Network Room C,80964,2,1,56,37,1,Admin,3,3,74.8,3.0000000000000004,24290.4,113245.29000000004
2,Router,46136,Network Room C,49151,4,0,69,8,32,Admin,1,2,13.6,1.2000000000000002,14747.3,44290.56000000001
2,Server,81872,Data Center A,76820,1,0,83,86,41,User,3,0,55.3,2.4000000000000004,23046.5,71719.872
2,Server,94561,Data Center A,20245,9,1,17,89,52,User,3,3,77.1,3.0000000000000004,6078.2,83686.48500000003
1,Laptop,13502,Network Room C,46578,8,1,21,59,71,User,2,2,71.8,2.0,13977.6,9451.4
1,Laptop,66624,Network Room C,58186,9,0,85,53,28,Admin,3,2,34.9,2.8000000000000003,17460.3,110995.584
1,Server,49156,Data Center A,68564,6,0,51,14,56,Admin,1,3,23.8,1.4000000000000001,20572.2,44731.96000000001
1,Router,52092,Office B,54048,3,0,36,94,74,Admin,2,3,69.2,2.2,16215.9,18336.384000000005
2,Server,61453,Office B,84596,5,1,76,6,40,User,1,2,91.0,1.2000000000000002,25381.5,56782.57200000001
2,Laptop,50538,Data Center A,82510,6,1,2,0,10,Admin,2,0,5.0,1.6,24756.2,76817.76
1,Server,31256,Network Room C,73169,0,0,15,30,52,User,2,2,30.6,2.0,21950.7,36882.08
3,Server,73596,Network Room C,53960,5,0,78,99,10,Admin,3,2,52.5,2.8000000000000003,16190.5,93761.304
2,Server,2259,Network Room C,79771,1,1,14,4,24,User,3,1,23.2,2.6000000000000005,23932.0,5051.124000000002
3,Router,89038,Office B,46066,10,1,42,85,49,User,2,0,99.2,1.6,13825.0,47012.064
2,Router,79296,Office B,49782,1,1,37,49,59,User,2,1,79.2,1.8,14935.3,65657.088
1,Router,54963,Office B,80197,6,0,71,14,37,User,2,0,18.1,1.6,24062.1,65515.896
1,Server,46254,Office B,35499,9,0,59,84,84,User,3,3,67.2,3.0000000000000004,10654.199999999999,22201.92000000001
2,Laptop,15149,Office B,66926,1,0,53,25,71,Admin,1,3,33.8,1.4000000000000001,20078.3,11028.472000000002
3,Laptop,68615,Data Center A,88227,4,0,100,58,30,User,3,3,38.0,3.0000000000000004,26470.1,115273.20000000003
3,Server,81617,Office B,16148,8,1,73,85,26,Admin,2,1,123.3,1.8,4848.599999999999,65375.217
2,Router,41127,Data Center A,15345,7,1,89,13,27,User,3,0,103.6,2.4000000000000004,4607.2,78963.84000000003
2,Router,56817,Network Room C,94983,3,0,67,65,74,User,1,3,54.7,1.4000000000000001,28496.399999999998,24260.859000000004
1,Router,75606,Office B,26478,10,1,0,25,3,User,1,1,13.4,1.0,7948.599999999999,65021.159999999996
2,Router,59140,Office B,97878,3,0,8,3,68,Admin,3,1,21.9,2.6000000000000005,29364.899999999998,99177.78000000003
3,Laptop,3168,Network Room C,92756,7,1,47,79,24,User,3,2,93.7,2.8000000000000003,27830.5,4302.144
1,Router,80001,Data Center A,91525,7,0,90,47,59,User,1,1,41.2,1.0,27461.0,37600.47
2,Server,10282,Office B,40153,2,1,96,21,34,Admin,3,0,116.7,2.4000000000000004,12047.1,17890.68
3,Router,78136,Office B,81774,1,1,71,69,92,User,2,1,133.1,1.8,24532.9,27425.735999999997
3,Server,49398,Office B,18455,4,0,4,38,6,Admin,3,3,20.8,3.0000000000000004,5538.5,115591.32000000002
3,Router,68315,Office B,62805,5,1,47,22,20,Admin,2,2,64.0,2.0,18844.2,107937.70000000001
1,Router,83956,Network Room C,13508,7,0,11,12,59,User,1,3,23.7,1.4000000000000001,4055.8999999999996,75812.26800000001
3,Router,39284,Network Room C,39147,10,0,53,77,6,User,3,3,40.3,3.0000000000000004,11749.1,68943.42
3,Router,44140,Data Center A,59129,9,0,19,46,73,Admin,2,2,44.9,2.0,17743.2,35753.4
1,Laptop,15341,Network Room C,73462,3,0,82,96,19,User,1,3,53.7,1.4000000000000001,22040.1,9127.895000000002
3,Router,34975,Network Room C,13416,2,0,55,54,54,Admin,1,0,43.2,0.8,4025.7999999999997,12870.8
3,Laptop,89704,Network Room C,44450,2,0,83,82,57,User,2,2,58.099999999999994,2.0,13336.0,54719.44000000001
2,Server,45836,Data Center A,25674,3,0,44,74,33,User,3,1,46.9,2.6000000000000005,7703.7,55415.72400000001
1,Server,34201,Office B,1126,0,0,26,87,6,Admin,1,0,45.3,0.8,337.8,14638.028
3,Laptop,20699,Data Center A,97099,1,0,69,0,0,Admin,3,0,0.0,2.4000000000000004,29130.2,49677.600000000006
3,Router,28143,Office B,82721,10,1,74,67,46,User,1,3,121.3,1.4000000000000001,24821.5,17139.087000000003
1,Server,41648,Office B,80431,6,1,31,97,76,User,1,3,102.3,1.4000000000000001,24132.5,7871.472000000001
2,Laptop,28641,Network Room C,21346,10,1,73,92,73,User,2,0,140.9,1.6,6409.0,8019.480000000003
2,Server,62267,Office B,80024,4,0,39,17,36,User,1,1,19.299999999999997,1.0,24009.2,45766.245
3,Router,6762,Data Center A,55677,8,0,76,51,38,User,2,1,36.9,1.8,16707.1,6755.237999999999
3,Server,34456,Office B,23534,2,0,34,70,32,Admin,3,0,44.6,2.4000000000000004,7061.2,40520.256
3,Laptop,13934,Office B,888,7,0,29,41,57,User,2,0,37.599999999999994,1.6,269.9,11370.144
1,Server,86180,Office B,4693,9,0,4,97,30,User,2,0,57.5,1.6,1412.3999999999999,50329.119999999995
3,Server,82501,Network Room C,85909,7,1,75,7,48,Admin,2,1,92.9,1.8,25776.4,107663.80500000001
2,Laptop,85177,Network Room C,96625,3,1,4,14,50,Admin,3,2,26.0,2.8000000000000003,28989.2,162177.008
3,Server,68657,Office B,54133,8,0,48,55,17,Admin,1,3,32.6,1.4000000000000001,16243.9,61516.672000000006
3,Server,42909,Data Center A,21848,10,0,64,71,31,User,2,0,44.8,1.6,6559.4,33640.656
2,Laptop,42794,Office B,75322,5,1,31,15,2,Admin,1,3,39.1,1.4000000000000001,22599.3,54819.11400000001
1,Server,8906,Data Center A,38121,2,0,12,48,23,Admin,3,0,30.9,2.4000000000000004,11437.3,13786.488000000001
3,Router,30162,Office B,31118,3,1,19,58,20,User,3,3,54.0,3.0000000000000004,9337.1,55196.46000000001
1,Laptop,31761,Data Center A,13129,4,0,75,97,43,Admin,3,2,61.4,2.8000000000000003,3940.7,26679.240000000005
1,Router,84007,Office B,79760,6,0,30,31,78,Admin,2,3,38.9,2.2,23931.0,84091.007
2,Router,34171,Data Center A,87180,1,1,40,56,46,User,2,1,81.8,1.8,26154.7,30138.822
1,Server,80974,Office B,5196,6,0,18,86,49,Admin,1,2,57.7,1.2000000000000002,1561.8,31579.86
1,Laptop,92826,Office B,29924,9,0,43,21,52,Admin,3,2,26.1,2.8000000000000003,8981.699999999999,165044.62800000003
2,Server,57714,Data Center A,99589,1,1,86,5,64,Admin,2,1,107.7,1.8,29877.399999999998,68044.806
1,Server,8110,Network Room C,95934,7,0,88,90,52,User,2,3,60.6,2.2,28783.7,5174.18
2,Router,37319,Data Center A,31115,5,1,6,50,76,Admin,3,2,53.8,2.8000000000000003,9337.2,38662.484000000004
2,Server,84294,Office B,26709,5,1,55,23,12,Admin,3,3,70.1,3.0000000000000004,8015.4,208627.65000000002
1,Router,5796,Network Room C,45223,7,1,57,53,37,User,3,3,94.6,3.0000000000000004,13570.6,9563.400000000003
3,Router,61205,Network Room C,44305,2,0,100,100,29,User,2,3,58.7,2.2,13292.5,47801.104999999996
2,Router,6219,Network Room C,22194,6,1,87,34,77,User,2,3,127.1,2.2,6661.4,6088.401
1,Laptop,32048,Network Room C,14871,3,0,24,18,2,Admin,1,3,9.6,1.4000000000000001,4462.8,40380.48
3,Server,82026,Data Center A,94052,7,1,48,33,48,Admin,1,3,78.9,1.4000000000000001,28219.3,68327.658
1,Laptop,18145,Network Room C,59654,5,0,79,26,93,Admin,3,3,40.9,3.0000000000000004,17898.7,22046.175000000003
1,Server,88131,Office B,85223,5,0,64,89,55,User,2,0,61.0,1.6,25569.399999999998,39482.688
1,Laptop,93329,Office B,30369,6,1,18,4,31,User,3,2,29.299999999999997,2.8000000000000003,9113.9,215589.99
1,Router,49393,Network Room C,85106,5,1,30,15,79,User,3,1,61.2,2.6000000000000005,25534.5,68063.55400000002
3,Router,94661,Network Room C,39769,4,0,69,9,67,Admin,2,2,24.599999999999998,2.0,11932.699999999999,117379.64
1,Router,93756,Data Center A,62197,7,0,61,56,97,Admin,2,2,57.099999999999994,2.0,18662.6,44065.32
3,Laptop,99160,Office B,10728,5,0,27,30,93,User,2,0,42.9,1.6,3220.9,61082.560000000005
1,Laptop,56779,Data Center A,3165,2,1,68,79,34,Admin,3,3,117.7,3.0000000000000004,950.7,74096.59500000002
3,Server,28893,Data Center A,50155,9,0,82,55,52,Admin,2,1,43.1,1.8,15051.0,24183.441
3,Laptop,68682,Network Room C,20812,4,1,99,98,61,User,2,2,166.3,2.0,6245.799999999999,28159.619999999995
3,Laptop,11929,Network Room C,50850,8,1,83,11,5,User,2,3,90.0,2.2,15259.2,24144.296000000002
2,Server,13115,Office B,82878,8,1,79,90,62,Admin,3,3,142.6,3.0000000000000004,24867.6,9442.800000000001
2,Server,58040,Network Room C,30269,6,0,18,46,29,Admin,2,1,31.7,1.8,9083.699999999999,65295.0
1,Router,64977,Data Center A,76657,6,1,63,95,8,Admin,3,1,112.9,2.6000000000000005,23000.3,81935.99700000002
3,Router,45355,Office B,85701,7,0,64,62,84,User,3,2,56.2,2.8000000000000003,25713.8,34288.380000000005
2,Server,87817,Data Center A,11894,9,1,45,32,64,Admin,1,0,80.2,0.8,3572.8999999999996,36531.872
3,Laptop,86141,Office B,29171,10,0,73,67,6,Admin,1,1,35.3,1.0,8756.3,54699.535
2,Laptop,77758,Data Center A,80050,3,0,76,18,41,User,2,2,21.299999999999997,2.0,24016.5,109638.78000000001
1,Router,44926,Data Center A,33204,0,1,30,23,58,Admin,2,1,58.9,1.8,9961.4,48115.746
1,Router,10222,Data Center A,7207,10,1,6,32,66,User,1,2,41.8,1.2000000000000002,2167.2999999999997,6255.8640000000005
1,Router,4438,Office B,14628,5,1,38,84,53,User,2,3,95.9,2.2,4391.099999999999,3075.5339999999997
3,Router,91854,Network Room C,27846,4,0,61,52,93,User,1,0,53.9,0.8,8355.8,20207.88
1,Server,30939,Office B,88747,10,0,11,99,100,User,2,3,79.5,2.2,26629.1,340.3290000000003
3,Server,92610,Network Room C,54764,9,1,31,35,53,Admin,1,3,64.4,1.4000000000000001,16433.9,72606.24000000002
1,Router,18379,Data Center A,39319,10,0,100,13,22,User,1,3,13.1,1.4000000000000001,11800.699999999999,21227.745
1,Router,24680,Office B,75992,6,1,91,93,0,Admin,2,0,137.5,1.6,22800.8,21126.079999999998
1,Laptop,30186,Network Room C,79678,4,1,22,4,100,User,2,0,54.0,1.6,23905.6,23182.848
3,Laptop,37494,Network Room C,43693,5,0,63,68,54,User,3,2,50.2,2.8000000000000003,13110.4,40943.448000000004
3,Laptop,99983,Office B,81867,8,1,50,51,10,User,2,2,78.5,2.0,24564.3,138976.37000000002
1,Router,37253,Office B,74368,8,0,26,60,12,Admin,3,0,33.6,2.4000000000000004,22314.399999999998,57220.60800000001
3,Server,68054,Data Center A,31465,5,0,40,97,64,Admin,2,3,67.7,2.2,9442.0,29195.165999999997
3,Server,66693,Office B,94143,10,0,83,21,13,User,3,2,14.4,2.8000000000000003,28247.899999999998,154994.532
3,Router,25915,Data Center A,49007,6,0,58,15,56,User,3,2,24.3,2.8000000000000003,14705.1,46802.49
3,Laptop,44164,Office B,12131,7,1,20,59,14,Admin,1,2,53.7,1.2000000000000002,3642.9999999999995,33652.96800000001
3,Server,87906,Office B,73436,3,1,24,95,97,User,1,0,100.6,0.8,22032.5,2812.9920000000025
1,Router,22424,Office B,40851,7,0,39,72,70,User,1,1,57.0,1.0,12258.8,6502.960000000001
1,Router,26469,Office B,32561,2,0,99,87,67,Admin,1,3,63.599999999999994,1.4000000000000001,9769.3,8523.018
1,Router,93587,Data Center A,84822,3,1,74,90,72,User,2,2,140.6,2.0,25448.3,35563.05999999999
2,Router,65067,Network Room C,86428,6,1,80,30,19,User,2,0,100.7,1.6,25931.6,78600.93600000002
1,Server,3042,Data Center A,52659,6,1,5,19,1,User,3,1,14.8,2.6000000000000005,15800.9,7118.280000000002
1,Router,64559,Data Center A,50780,2,1,27,72,73,Admin,3,2,84.9,2.8000000000000003,15235.2,49710.43000000001
1,Router,77666,Network Room C,43743,3,0,38,93,92,User,1,3,74.1,1.4000000000000001,13124.4,8154.929999999996
3,Server,31474,Office B,82462,10,0,43,58,50,Admin,1,2,44.0,1.2000000000000002,24743.6,17373.648
3,Laptop,8029,Office B,85583,1,0,49,85,69,User,1,0,63.2,0.8,25675.399999999998,1477.336
2,Router,98550,Office B,80969,9,1,24,88,85,Admin,1,3,93.5,1.4000000000000001,24295.4,18625.95
2,Server,95988,Data Center A,71146,8,0,78,26,28,User,3,2,21.4,2.8000000000000003,21347.8,196199.472
1,Laptop,33517,Data Center A,59500,5,1,97,59,61,User,2,1,144.8,1.8,17852.7,24132.24
2,Server,35874,Data Center A,19468,0,0,39,9,66,User,3,1,24.3,2.6000000000000005,5840.4,58295.250000000015
1,Server,85671,Network Room C,96163,8,1,14,50,76,Admin,3,1,61.8,2.6000000000000005,28853.1,82415.50200000001
2,Server,55326,Network Room C,46806,2,0,37,7,69,Admin,2,1,24.2,1.8,14042.8,61743.816
1,Laptop,67854,Office B,51606,4,1,34,25,34,Admin,2,1,56.7,1.8,15484.0,86106.72600000001
2,Laptop,87720,Network Room C,34839,4,0,24,13,13,Admin,2,1,10.4,1.8,10453.699999999999,137369.52
3,Router,25231,Network Room C,55509,0,1,21,38,61,Admin,1,3,58.3,1.4000000000000001,16652.9,17838.317
3,Laptop,35422,Network Room C,93799,9,1,0,59,13,Admin,1,1,33.4,1.0,28144.4,22670.08
3,Router,44923,Data Center A,96322,9,0,62,81,2,User,3,0,41.1,2.4000000000000004,28901.1,63071.892
2,Laptop,74701,Data Center A,4510,3,0,15,61,35,Admin,2,0,41.0,1.6,1354.5,62151.232
2,Router,67993,Network Room C,98603,8,0,22,64,58,Admin,1,0,49.4,0.8,29584.899999999998,21213.816000000003
2,Laptop,3467,Office B,488,3,0,9,26,86,User,2,0,38.8,1.6,147.9,2440.768
1,Router,89022,Office B,47437,4,0,7,85,47,Admin,3,3,56.6,3.0000000000000004,14233.1,90802.44000000002
3,Server,2875,Network Room C,58738,7,1,73,54,37,Admin,3,1,111.1,2.6000000000000005,17625.1,4073.8750000000005
3,Laptop,67825,Network Room C,58992,1,1,46,51,18,User,2,0,76.9,1.6,17698.3,71080.6
2,Server,9384,Network Room C,1415,9,0,13,42,33,User,2,1,30.9,1.8,429.0,10557.0
3,Laptop,7941,Network Room C,36265,0,0,66,59,80,User,3,0,53.5,2.4000000000000004,10879.5,5812.812000000002
1,Laptop,95529,Network Room C,16134,9,1,53,11,98,User,1,3,87.9,1.4000000000000001,4844.9,60851.973
3,Server,32876,Network Room C,59869,5,1,5,3,56,User,1,0,23.3,0.8,17963.4,18542.064000000002
1,Laptop,84755,Data Center A,93327,0,1,22,87,70,Admin,2,0,86.5,1.6,27998.3,29155.719999999998
3,Laptop,15928,Data Center A,54064,8,1,96,25,61,Admin,3,2,126.8,2.8000000000000003,16223.4,25421.088000000003
1,Laptop,54880,Office B,44082,1,1,40,18,84,User,1,3,74.2,1.4000000000000001,13225.300000000001,37647.68000000001
2,Router,68593,Data Center A,54658,9,1,79,0,75,Admin,3,3,101.5,3.0000000000000004,16402.1,128611.87500000001
1,Server,96332,Network Room C,28551,0,1,30,87,70,Admin,3,2,94.5,2.8000000000000003,8565.5,57991.864
3,Laptop,23398,Network Room C,82190,9,0,84,89,89,User,1,2,71.2,1.2000000000000002,24661.5,3088.536
3,Laptop,8880,Data Center A,3117,10,0,77,93,93,Admin,2,2,74.4,2.0,940.0999999999999,1243.1999999999991
3,Server,67858,Office B,14826,2,0,95,46,39,User,2,1,34.7,1.8,4448.8,70233.03
1,Laptop,7745,Network Room C,58026,9,0,91,6,39,Admin,1,0,14.7,0.8,17412.3,4801.900000000001
3,Laptop,40081,Office B,81921,3,0,17,37,45,User,1,3,32.0,1.4000000000000001,24577.8,33106.90600000001
1,Server,34636,Data Center A,27453,4,1,93,36,38,Admin,1,0,122.4,0.8,8238.1,17456.544
3,Server,91573,Office B,92058,5,0,21,96,58,Admin,1,3,65.4,1.4000000000000001,27619.899999999998,29486.506
2,Router,99066,Network Room C,12347,0,0,9,79,88,User,1,3,65.9,1.4000000000000001,3704.1,22884.24600000001
1,Laptop,76199,Office B,14699,4,1,24,26,25,User,2,0,44.5,1.6,4411.9,90829.208
2,Router,68869,Data Center A,50668,2,0,32,59,41,User,2,1,41.8,1.8,15201.4,61982.1
1,Server,28588,Data Center A,59017,0,1,68,62,91,Admin,1,0,126.3,0.8,17705.3,5374.544
2,Laptop,51795,Office B,40900,4,1,79,30,95,Admin,1,3,122.5,1.4000000000000001,12272.2,27192.375
3,Laptop,96492,Office B,65555,0,0,95,43,6,Admin,2,1,23.3,1.8,19666.5,131132.628
3,Router,88112,Office B,1378,6,1,2,95,46,User,3,1,63.3,2.6000000000000005,416.59999999999997,67581.90400000002
3,Router,69696,Network Room C,12127,0,0,60,68,7,Admin,2,2,36.1,2.0,3638.1,87120.0
3,Server,44943,Network Room C,78987,2,1,79,21,58,User,2,2,106.9,2.0,23697.3,54381.03
3,Server,86236,Data Center A,26929,9,0,31,36,4,Admin,1,3,19.2,1.4000000000000001,8083.2,96584.32
1,Server,3061,Data Center A,81041,10,1,33,14,80,User,1,0,64.0,0.8,24317.5,1297.8640000000003
2,Server,22883,Data Center A,80938,1,1,48,73,19,Admin,2,1,90.2,1.8,24282.1,22242.276
2,Laptop,6692,Data Center A,58653,8,0,14,63,42,User,3,2,44.1,2.8000000000000003,17599.899999999998,8900.36
1,Router,3455,Data Center A,38238,3,1,37,15,40,Admin,2,2,56.5,2.0,11473.1,5009.75
3,Laptop,28757,Network Room C,70222,6,1,2,23,51,User,3,3,28.799999999999997,3.0000000000000004,21069.8,54350.73000000001
2,Router,13395,Data Center A,29766,6,1,82,6,68,Admin,1,1,105.4,1.0,8933.0,8438.85
2,Router,46336,Data Center A,94653,0,1,13,84,88,User,3,1,81.4,2.6000000000000005,28396.1,16866.304000000004
2,Server,85081,Office B,20474,3,0,74,29,40,Admin,1,1,26.5,1.0,6143.7,55728.055
2,Laptop,62259,Network Room C,90106,7,0,87,79,38,Admin,1,3,50.9,1.4000000000000001,27035.3,36172.47900000001
2,Laptop,94116,Network Room C,97420,6,0,93,16,72,Admin,1,1,29.599999999999998,1.0,29229.0,52704.96000000001
3,Router,81082,Office B,10040,5,1,22,31,40,User,3,2,49.5,2.8000000000000003,3014.7,146434.09200000003
2,Laptop,22435,Network Room C,57112,4,1,62,75,31,Admin,2,2,108.8,2.0,17135.8,21088.899999999998
3,Laptop,17124,Network Room C,22978,4,1,9,4,25,Admin,3,2,18.5,2.8000000000000003,6895.599999999999,40994.856
1,Server,14426,Office B,13020,5,0,65,76,46,Admin,3,0,51.8,2.4000000000000004,3908.5,13502.736000000004
3,Server,92834,Office B,97320,6,0,91,39,67,Admin,2,2,39.599999999999994,2.0,29199.0,87263.95999999999
3,Laptop,33931,Office B,66711,10,1,63,68,88,User,1,2,123.4,1.2000000000000002,20018.5,8957.784
1,Server,8222,Data Center A,80247,6,1,63,84,54,Admin,3,0,121.2,2.4000000000000004,24077.3,6117.168000000002
3,Router,71135,Network Room C,73778,9,1,82,56,49,User,3,0,124.7,2.4000000000000004,22138.1,81093.90000000001
3,Router,10669,Data Center A,19600,2,0,71,72,79,User,2,2,59.7,2.0,5881.0,5227.8099999999995
1,Laptop,96277,Network Room C,70644,5,1,89,44,34,Admin,2,3,121.2,2.2,21195.9,129203.73400000001
2,Server,77910,Data Center A,89951,9,0,40,37,71,User,2,1,39.8,1.8,26989.8,64509.479999999996
1,Laptop,92693,Data Center A,50358,2,1,31,8,77,User,3,0,58.099999999999994,2.4000000000000004,15108.6,127916.34000000001
3,Laptop,8976,Data Center A,33168,1,0,53,73,3,User,2,3,37.4,2.2,9950.9,12243.264000000001
2,Server,80840,Office B,59620,10,0,21,10,23,Admin,1,2,11.899999999999999,1.2000000000000002,17891.0,81001.68000000001
2,Server,74939,Data Center A,68789,9,0,60,71,88,Admin,1,3,61.9,1.4000000000000001,20641.2,21507.493
3,Server,37903,Office B,28927,10,0,57,66,30,Admin,3,2,42.0,2.8000000000000003,8683.1,55186.768000000004
2,Router,21072,Data Center A,60679,7,0,35,76,56,Admin,2,0,54.8,1.6,18207.2,11463.168
1,Laptop,8783,Office B,74654,6,1,53,24,24,Admin,1,0,72.2,0.8,22399.4,5340.064
1,Laptop,93580,Office B,85347,10,0,72,33,58,Admin,3,0,33.9,2.4000000000000004,25609.1,122402.64
2,Server,35057,Data Center A,39993,4,0,51,8,19,User,3,3,9.7,3.0000000000000004,11999.9,90972.91500000001
2,Server,81547,Network Room C,49924,8,0,89,32,44,Admin,3,3,29.2,3.0000000000000004,14981.199999999999,151677.42
2,Laptop,13049,Network Room C,40374,3,0,58,36,64,User,3,2,37.2,2.8000000000000003,12113.699999999999,18268.600000000002
1,Server,95417,Network Room C,3467,4,1,41,8,49,User,1,0,59.7,0.8,1042.3,54578.52400000001
1,Server,90164,Data Center A,62002,7,0,86,25,26,Admin,3,1,20.3,2.6000000000000005,18604.1,174647.66800000003
2,Server,38844,Data Center A,13466,6,0,16,55,52,Admin,1,0,43.1,0.8,4042.7999999999997,14449.967999999999
1,Laptop,82669,Office B,90396,0,0,15,48,65,Admin,2,0,43.5,1.6,27118.8,57537.624
3,Router,98460,Office B,32810,2,0,72,79,98,User,2,3,68.9,2.2,9844.0,24910.38
2,Server,45710,Network Room C,68073,1,1,89,1,38,User,2,2,100.9,2.0,20422.6,73593.09999999999
3,Laptop,76093,Data Center A,51900,4,0,36,95,3,User,3,0,48.4,2.4000000000000004,15572.0,93137.83200000002
3,Server,21771,Network Room C,29758,7,1,14,12,10,Admin,2,3,23.0,2.2,8931.1,42627.618
3,Router,92239,Data Center A,9993,7,0,18,1,96,Admin,1,3,29.299999999999997,1.4000000000000001,3001.4,66504.319
3,Router,94617,Network Room C,625,7,1,28,58,97,User,2,3,86.1,2.2,191.2,46835.415
1,Router,49932,Network Room C,51877,10,1,90,32,41,User,2,1,118.3,1.8,15568.3,57072.276000000005
2,Server,895,Data Center A,34377,8,0,33,77,67,User,3,0,58.599999999999994,2.4000000000000004,10317.1,601.4400000000002
2,Router,35079,Office B,94517,2,0,30,8,83,User,3,2,28.9,2.8000000000000003,28356.1,53530.554
1,Router,79952,Office B,17964,4,0,22,63,30,Admin,3,2,40.5,2.8000000000000003,5391.2,119768.096
3,Laptop,72666,Data Center A,63624,1,1,30,5,40,Admin,1,1,44.5,1.0,19087.9,56316.15
2,Server,87672,Data Center A,97001,2,0,76,1,46,Admin,3,0,14.299999999999999,2.4000000000000004,29101.3,160965.79200000002
1,Laptop,79938,Data Center A,23056,1,0,66,10,55,Admin,3,3,21.5,3.0000000000000004,6917.3,161874.45000000004
3,Laptop,42152,Network Room C,84633,7,0,13,86,34,User,2,0,53.2,1.6,25393.399999999998,26977.28
1,Laptop,30662,Office B,72565,8,1,51,11,90,User,2,2,83.5,2.0,21773.7,30355.38
2,Laptop,65495,Data Center A,8072,3,1,28,63,62,User,3,0,78.1,2.4000000000000004,2423.2999999999997,58945.500000000015
1,Laptop,85615,Network Room C,38874,10,1,70,50,32,User,3,0,104.6,2.4000000000000004,11667.4,121230.84000000004
1,Router,59877,Data Center A,25594,1,1,34,50,92,Admin,2,2,86.6,2.0,7678.9,34728.66
1,Router,28788,Data Center A,36727,7,0,51,40,30,Admin,2,0,29.0,1.6,11021.6,29939.520000000004
1,Server,40275,Network Room C,10536,0,1,0,86,12,Admin,1,1,46.6,1.0,3160.9999999999995,20540.25
3,Server,63229,Office B,709,4,0,45,54,5,Admin,3,0,28.5,2.4000000000000004,214.7,106983.46800000004
2,Server,3724,Office B,37522,0,0,8,15,1,Admin,2,2,7.8,2.0,11256.6,6852.16
3,Router,28585,Office B,50380,9,0,75,0,92,Admin,2,3,27.599999999999998,2.2,15118.5,33958.98
2,Server,36810,Network Room C,27638,3,1,95,83,57,User,2,2,153.6,2.0,8293.1,22086.000000000004
1,Server,80305,Network Room C,78398,2,0,82,21,98,User,3,1,39.9,2.6000000000000005,23520.399999999998,84561.16500000002
1,Router,98337,Data Center A,72101,4,0,28,2,43,User,2,3,13.9,2.2,21632.3,167664.58500000002
2,Router,74391,Office B,90964,7,0,43,78,3,User,1,0,39.9,0.8,27292.7,35410.116
2,Server,94040,Data Center A,79068,8,0,66,98,66,Admin,2,3,68.8,2.2,23724.399999999998,37239.84000000002
1,Laptop,34323,Data Center A,48669,10,0,39,19,2,Admin,2,3,10.1,2.2,14605.699999999999,67581.98700000001
2,Router,82429,Office B,49453,7,1,96,3,74,Admin,2,3,119.7,2.2,14839.6,111526.437
2,Router,56198,Network Room C,85984,3,0,72,60,31,Admin,3,3,39.3,3.0000000000000004,25796.7,91883.73000000001
1,Server,79072,Data Center A,94359,5,0,36,30,8,User,1,1,17.4,1.0,28310.2,64048.32000000001
1,Router,91536,Data Center A,15122,0,0,38,90,100,Admin,3,3,75.0,3.0000000000000004,4536.599999999999,13730.400000000016
1,Router,54951,Data Center A,72091,10,0,43,54,38,Admin,2,1,38.4,1.8,21632.3,53412.372
3,Server,96486,Network Room C,47264,7,0,100,33,92,User,2,0,44.099999999999994,1.6,14182.699999999999,57891.600000000006
1,Server,60460,Data Center A,12877,10,0,96,59,68,Admin,1,3,49.9,1.4000000000000001,3868.1,30895.060000000005
2,Laptop,11152,Data Center A,79019,0,0,56,49,87,Admin,2,3,50.599999999999994,2.2,23705.7,7851.007999999999
1,Laptop,23906,Network Room C,74929,1,1,59,48,39,Admin,1,0,94.7,0.8,22479.4,10805.511999999999
3,Router,20170,Network Room C,96405,6,1,94,44,8,Admin,3,3,118.4,3.0000000000000004,28924.7,44777.4
3,Server,56049,Office B,40011,3,1,26,73,84,Admin,1,0,87.7,0.8,12005.0,9640.428
1,Server,81474,Network Room C,36632,10,1,83,46,66,User,3,1,125.8,2.6000000000000005,10994.800000000001,93206.25600000001
1,Server,65175,Network Room C,77479,3,0,38,22,8,User,3,3,13.4,3.0000000000000004,23245.2,166196.25000000003
2,Router,5604,Network Room C,96403,2,1,16,76,16,User,2,0,58.8,1.6,28922.1,4841.856
3,Server,92492,Office B,95812,10,0,92,75,22,Admin,2,2,44.1,2.0,28748.6,95266.76000000001
2,Router,50694,Data Center A,7818,3,1,39,16,26,User,3,3,54.8,3.0000000000000004,2347.1,120144.78000000003
1,Server,47969,Data Center A,35722,4,0,5,6,58,Admin,1,2,20.4,1.2000000000000002,10718.6,39142.704000000005
2,Server,22309,Data Center A,81683,4,0,82,62,50,Admin,3,0,46.0,2.4000000000000004,24506.899999999998,23558.304
2,Server,76806,Network Room C,90072,2,1,43,18,49,User,1,0,66.7,0.8,27022.8,40860.792
2,Router,19469,Data Center A,43208,0,1,59,59,67,Admin,3,0,108.6,2.4000000000000004,12962.6,17288.472
2,Laptop,37717,Network Room C,6974,3,0,89,72,25,Admin,2,2,43.5,2.0,2093.7,38848.51
1,Laptop,67291,Data Center A,81499,7,1,45,23,8,Admin,3,3,58.9,3.0000000000000004,24453.4,170582.68500000003
1,Server,61360,Network Room C,49609,2,1,10,47,62,User,3,0,52.099999999999994,2.4000000000000004,14883.9,67005.12000000001
3,Server,48780,Office B,22065,9,0,75,12,13,User,1,0,9.9,0.8,6624.0,34146.0
3,Router,57594,Network Room C,58053,10,1,54,66,66,Admin,2,0,106.8,1.6,17421.1,31331.136
3,Server,90964,Network Room C,48029,0,1,70,68,31,Admin,3,2,113.3,2.8000000000000003,14408.9,128623.096
2,Server,63520,Data Center A,41613,6,0,15,63,20,Admin,2,0,37.5,1.6,12486.9,59454.719999999994
1,Laptop,36656,Data Center A,7742,7,0,76,15,84,Admin,2,1,32.7,1.8,2326.1,33320.304000000004
1,Server,24600,Office B,68369,5,0,36,42,70,User,2,0,42.0,1.6,20513.2,17318.399999999998
3,Laptop,24251,Office B,80161,0,1,86,90,48,Admin,3,0,145.4,2.4000000000000004,24048.5,18042.744000000006
1,Laptop,78966,Data Center A,22216,2,1,22,87,14,User,1,3,69.7,1.4000000000000001,6666.0,54723.438
2,Server,3234,Data Center A,54955,5,1,64,52,5,Admin,3,1,91.5,2.6000000000000005,16489.2,6012.006000000002
2,Router,63696,Data Center A,83206,4,1,90,55,36,Admin,2,3,128.3,2.2,24964.0,76371.504
1,Router,18779,Data Center A,21328,10,1,82,34,3,User,3,2,99.9,2.8000000000000003,6403.599999999999,42853.678
2,Router,89577,Network Room C,52649,6,0,95,93,99,Admin,1,2,76.2,1.2000000000000002,15797.699999999999,4299.6960000000045
3,Laptop,84679,Office B,55958,10,0,84,71,26,User,2,1,43.3,1.8,16792.399999999998,78497.433
1,Router,89599,Office B,81412,8,1,9,97,51,Admin,3,0,72.8,2.4000000000000004,24427.8,55909.77600000001
1,Server,37903,Data Center A,235,2,1,81,16,69,Admin,1,3,109.7,1.4000000000000001,71.7,30511.915
3,Server,11817,Network Room C,68738,7,1,21,3,4,Admin,3,1,23.7,2.6000000000000005,20625.1,29648.853000000006
1,Server,2097,Data Center A,6306,8,1,76,42,5,Admin,3,3,98.5,3.0000000000000004,1896.0,4812.615000000001
2,Server,37442,Network Room C,3473,9,0,44,24,16,User,1,0,16.8,0.8,1046.3999999999999,23962.880000000005
1,Router,99105,Office B,95232,3,0,43,79,96,Admin,1,2,68.3,1.2000000000000002,28571.1,14865.750000000002
2,Laptop,12646,Office B,67648,4,1,36,51,87,User,2,1,87.6,1.8,20296.6,7056.468000000001
3,Laptop,60389,Data Center A,16315,5,1,90,34,4,Admin,1,3,108.2,1.4000000000000001,4897.2,68481.126
1,Router,15222,Office B,14353,8,0,32,37,59,User,1,1,36.2,1.0,4309.9,7915.4400000000005
2,Router,33977,Office B,35093,5,0,68,61,56,Admin,2,0,47.3,1.6,10530.4,22560.728000000003
3,Laptop,13573,Office B,190,8,0,42,13,23,User,3,1,13.399999999999999,2.6000000000000005,61.0,28937.63600000001
3,Laptop,49715,Network Room C,4407,8,1,66,43,95,User,2,2,116.0,2.0,1326.3,30823.300000000007
2,Server,46227,Data Center A,56801,8,0,86,17,14,Admin,2,1,12.7,1.8,17044.3,70311.267
3,Server,41716,Network Room C,6127,10,0,55,2,94,Admin,1,3,29.2,1.4000000000000001,1843.1,30369.248000000007
3,Router,281,Network Room C,35052,0,1,51,11,81,Admin,3,3,80.8,3.0000000000000004,10515.800000000001,455.2200000000001
1,Server,29461,Data Center A,29648,9,1,42,19,92,User,1,2,79.1,1.2000000000000002,8899.1,15732.174
2,Router,99742,Office B,45473,10,0,31,94,33,Admin,3,3,56.9,3.0000000000000004,13646.9,109217.49000000002
1,Server,15341,Office B,99553,5,1,69,73,97,Admin,2,3,134.6,2.2,29868.6,5062.530000000002
3,Laptop,2140,Network Room C,17798,5,0,64,94,75,User,2,1,69.5,1.8,5341.9,597.0600000000001
2,Server,98817,Data Center A,77753,3,1,83,84,22,User,3,1,131.6,2.6000000000000005,23327.6,120754.37400000001
1,Laptop,24089,Office B,77962,0,0,40,23,82,User,3,1,36.099999999999994,2.6000000000000005,23388.6,29749.915000000005
2,Router,85241,Data Center A,7056,6,1,69,28,69,Admin,1,3,103.7,1.4000000000000001,2119.9999999999995,61458.761000000006
1,Router,71297,Office B,53806,3,0,49,72,45,User,3,2,49.5,2.8000000000000003,16143.3,82847.11400000002
1,Server,45928,Network Room C,70303,9,0,68,100,63,Admin,1,2,68.9,1.2000000000000002,21095.399999999998,10196.016000000003
3,Server,68947,Data Center A,62973,8,0,40,14,13,User,1,2,10.9,1.2000000000000002,18895.899999999998,71566.986
2,Laptop,18816,Data Center A,51547,7,0,13,66,10,User,3,0,36.0,2.4000000000000004,15467.599999999999,27998.208000000006
3,Server,82190,Network Room C,66424,3,1,88,31,21,Admin,1,3,109.8,1.4000000000000001,19928.9,85148.84000000001
1,Server,9174,Office B,10971,6,0,30,90,94,Admin,2,0,73.2,1.6,3294.2999999999997,1174.2719999999995
3,Server,75004,Network Room C,75439,10,0,5,67,31,Admin,3,3,42.8,3.0000000000000004,22636.7,114756.12000000001
1,Router,37960,Data Center A,12575,7,1,37,51,1,Admin,3,3,62.8,3.0000000000000004,3776.2,84271.20000000001
2,Router,22452,Office B,36028,5,1,4,86,48,Admin,1,2,61.4,1.2000000000000002,10811.1,8890.992
1,Laptop,96985,Data Center A,33827,7,1,55,81,16,User,2,0,100.3,1.6,10151.800000000001,79915.64
3,Laptop,42735,Office B,75362,5,0,22,49,50,Admin,2,0,39.5,1.6,22611.1,34529.88
3,Router,77107,Data Center A,20335,1,1,18,21,85,Admin,3,0,54.0,2.4000000000000004,6101.2,86976.696
2,Laptop,25407,Data Center A,43730,5,1,8,21,54,Admin,3,1,34.7,2.6000000000000005,13121.7,41286.37500000001
2,Router,73417,Network Room C,76656,3,1,61,27,99,Admin,3,2,104.2,2.8000000000000003,22998.5,76060.012
3,Laptop,45125,Data Center A,58163,7,0,10,41,27,Admin,2,2,28.6,2.0,17452.399999999998,59564.99999999999
3,Server,81800,Office B,21232,2,0,14,97,16,User,3,0,53.3,2.4000000000000004,6370.599999999999,85399.20000000003
3,Router,63628,Data Center A,64116,1,0,20,25,17,Admin,2,3,17.6,2.2,19235.3,110585.464
2,Router,18709,Network Room C,22214,8,1,8,21,70,Admin,3,0,39.5,2.4000000000000004,6668.4,24471.372
2,Laptop,74436,Data Center A,57668,9,0,21,37,22,User,2,2,25.1,2.0,17304.899999999998,104954.76000000001
1,Laptop,3878,Network Room C,242,9,0,88,72,44,User,2,3,49.2,2.2,77.1,3583.2720000000004
3,Laptop,72856,Network Room C,60564,9,0,23,90,99,User,3,3,74.7,3.0000000000000004,18173.7,12021.240000000013
1,Server,260,Data Center A,92156,4,0,44,79,6,User,3,0,41.3,2.4000000000000004,27648.8,358.8
2,Laptop,57371,Network Room C,44200,5,1,11,25,57,Admin,1,0,40.599999999999994,0.8,13262.7,27079.112000000005
3,Server,68228,Office B,3952,5,0,27,43,68,User,3,3,41.9,3.0000000000000004,1188.1,91084.38
2,Router,49194,Office B,41136,3,0,81,84,47,User,2,0,56.1,1.6,12342.3,27155.088
1,Router,31012,Network Room C,60352,2,1,51,15,98,User,2,0,87.9,1.6,18106.8,21584.352000000006
2,Laptop,99659,Data Center A,96184,2,0,43,18,32,Admin,3,3,18.6,3.0000000000000004,28856.2,224232.75000000006
1,Laptop,91832,Data Center A,3224,10,0,9,84,97,User,2,0,71.1,1.6,972.1999999999999,13958.463999999996
3,Server,65213,Data Center A,35081,6,1,85,26,100,User,2,2,128.0,2.0,10527.5,48257.62
2,Server,91914,Network Room C,5554,6,1,78,87,86,User,2,2,147.3,2.0,1669.4,24816.780000000002
2,Server,43569,Office B,90454,1,1,39,27,35,User,1,2,63.0,1.2000000000000002,27136.9,36075.132000000005
2,Router,95502,Network Room C,66118,5,0,76,22,31,User,3,1,20.299999999999997,2.6000000000000005,19837.899999999998,182504.32200000001
1,Server,90378,Office B,15632,1,0,13,82,49,Admin,2,1,55.7,1.8,4690.099999999999,56124.73799999999
2,Server,22039,Office B,28563,8,0,69,8,12,Admin,3,1,7.6,2.6000000000000005,8572.9,51571.26000000001
3,Router,66650,Office B,3012,3,0,0,74,68,Admin,3,0,57.4,2.4000000000000004,905.1,46388.400000000016
1,Server,44174,Data Center A,30669,2,0,31,70,46,User,2,0,48.8,1.6,9201.699999999999,29684.928000000007
2,Server,20274,Network Room C,61311,1,1,74,15,36,Admin,3,3,92.3,3.0000000000000004,18394.0,45312.39000000001
1,Server,92626,Data Center A,13724,7,1,33,95,42,User,2,1,93.1,1.8,4120.9,52518.941999999995
1,Server,92168,Data Center A,19382,7,1,77,44,46,User,3,3,112.8,3.0000000000000004,5818.299999999999,152077.20000000004
2,Server,28591,Office B,21680,4,0,60,98,61,Admin,3,3,67.3,3.0000000000000004,6506.0,17583.465
2,Server,38890,Office B,8381,5,0,11,85,65,User,2,0,62.0,1.6,2516.7999999999997,15556.0
1,Router,32339,Office B,82690,10,0,16,32,12,Admin,1,3,19.6,1.4000000000000001,24812.0,35314.18800000001
3,Server,51208,Data Center A,94658,3,1,59,29,86,Admin,2,0,99.3,1.6,28399.1,34821.44
2,Server,49627,Network Room C,7273,6,0,61,35,19,Admin,1,0,23.2,0.8,2184.9,28982.168000000005
3,Laptop,85285,Data Center A,48310,0,0,22,84,21,User,3,1,48.3,2.6000000000000005,14493.0,105326.97500000002
3,Router,91609,Office B,80262,1,1,62,61,72,Admin,2,3,114.1,2.2,24079.3,67515.833
1,Router,78123,Office B,55234,4,1,85,12,89,User,2,1,117.7,1.8,16572.4,69607.593
1,Laptop,44674,Data Center A,45906,2,1,8,44,58,User,1,2,47.4,1.2000000000000002,13773.0,26268.312000000005
2,Server,53736,Data Center A,27969,6,0,76,52,51,Admin,1,2,41.3,1.2000000000000002,8393.699999999999,31274.352000000006
2,Router,32874,Network Room C,25143,9,0,20,69,66,User,2,1,54.3,1.8,7547.4,19231.289999999997
1,Router,97086,Data Center A,73072,0,0,95,61,3,Admin,3,0,31.4,2.4000000000000004,21921.6,158444.352
3,Server,9616,Data Center A,87284,1,1,69,76,73,User,3,1,128.9,2.6000000000000005,26185.9,6375.408000000001
3,Laptop,71896,Office B,6635,7,1,64,9,94,User,2,3,96.7,2.2,1994.2,76713.032
2,Laptop,51864,Network Room C,9062,1,1,71,36,81,User,3,1,113.3,2.6000000000000005,2719.2999999999997,55961.256000000016
1,Server,86765,Office B,14787,5,0,22,1,68,User,2,1,20.9,1.8,4438.599999999999,102295.935
2,Server,5687,Network Room C,26635,8,1,82,47,97,User,2,0,134.6,1.6,7994.7,2547.7760000000003
2,Server,88291,Data Center A,51942,5,1,68,97,32,Admin,3,3,126.1,3.0000000000000004,15585.3,94029.91500000002
1,Router,83039,Data Center A,9019,7,1,82,63,86,User,2,0,139.3,1.6,2709.3999999999996,33879.912
1,Router,68259,Office B,32531,1,0,51,12,2,Admin,2,2,6.6,2.0,9759.8,126961.73999999999
3,Laptop,86267,Network Room C,14763,0,1,23,36,95,User,3,2,69.5,2.8000000000000003,4429.099999999999,83333.922
3,Server,78797,Network Room C,50213,8,1,20,15,20,User,1,0,33.5,0.8,15068.1,52006.020000000004
3,Server,85304,Data Center A,85536,5,1,49,32,12,User,2,1,68.6,1.8,25663.5,119766.816
1,Laptop,90926,Office B,86189,4,0,6,50,38,User,2,3,36.4,2.2,25858.7,112020.83200000002
2,Router,77195,Data Center A,66056,1,0,57,68,44,Admin,1,1,47.2,1.0,19817.3,33965.799999999996
3,Server,35821,Network Room C,56702,9,1,40,82,61,Admin,1,0,99.3,0.8,17015.3,8167.188000000002
2,Laptop,42511,Office B,55498,7,0,95,93,31,User,2,2,55.8,2.0,16652.899999999998,32308.36
2,Router,3926,Data Center A,61032,0,1,68,45,75,Admin,2,0,113.0,1.6,18309.8,2512.6400000000003
1,Router,59577,Network Room C,99664,2,0,78,65,85,Admin,3,2,58.0,2.8000000000000003,29900.199999999997,41703.9
1,Router,11508,Office B,90491,3,1,3,56,68,User,3,3,51.4,3.0000000000000004,27149.0,13119.120000000003
1,Server,10778,Data Center A,69038,4,0,41,29,78,User,3,1,37.9,2.6000000000000005,20713.399999999998,13030.602000000003
3,Router,16112,Network Room C,9240,10,1,46,41,26,Admin,1,2,74.3,1.2000000000000002,2777.2,12857.376000000002
3,Laptop,94892,Data Center A,56250,8,0,18,4,21,User,3,1,8.3,2.6000000000000005,16879.0,215879.30000000005
1,Laptop,16136,Data Center A,23284,3,0,70,83,19,User,3,1,47.2,2.6000000000000005,6986.7,20557.264000000003
2,Laptop,38901,Data Center A,67529,10,1,50,55,8,User,1,1,79.9,1.0,20263.9,26647.185
1,Laptop,44867,Data Center A,74079,2,0,41,25,91,Admin,1,0,39.8,0.8,22224.7,15075.312000000002
1,Laptop,28085,Office B,96591,9,1,82,64,18,User,3,3,119.4,3.0000000000000004,28982.0,49710.45000000002
3,Laptop,89956,Data Center A,77061,4,0,56,16,32,User,2,0,17.6,1.6,23120.3,109386.496
3,Router,88890,Network Room C,26824,3,1,71,92,11,User,1,0,120.3,0.8,8048.9,34489.32
1,Server,23745,Office B,10228,8,0,77,94,28,User,2,3,55.4,2.2,3072.4,20373.210000000003
1,Router,4656,Network Room C,67165,5,1,98,31,58,User,3,1,130.9,2.6000000000000005,20152.2,6718.608
2,Router,70069,Network Room C,34626,6,0,36,37,9,Admin,1,2,21.2,1.2000000000000002,10390.8,64743.756000000016
1,Router,59752,Office B,34332,6,1,77,93,52,User,1,3,139.1,1.4000000000000001,10302.800000000001,23004.520000000004
2,Laptop,879,Office B,63032,10,0,37,72,39,Admin,1,2,47.7,1.2000000000000002,18914.6,469.386
3,Laptop,9952,Data Center A,78795,0,1,77,11,73,User,1,2,104.4,1.2000000000000002,23638.7,6926.5920000000015
3,Laptop,39439,Network Room C,72752,10,0,64,99,100,Admin,2,1,79.5,1.8,21830.6,354.9510000000003
1,Router,76529,Office B,28258,9,1,56,77,43,User,2,3,107.4,2.2,8482.1,67345.52
3,Router,82193,Network Room C,11431,2,0,16,96,1,User,2,2,48.3,2.0,3430.2999999999997,84658.79000000001
2,Server,12980,Office B,59385,5,0,78,85,32,User,3,1,52.1,2.6000000000000005,17818.0,14005.420000000004
2,Router,1193,Data Center A,7057,0,1,42,19,48,Admin,2,1,65.9,1.8,2117.2999999999997,1428.0210000000002
2,Router,7380,Data Center A,93109,8,0,19,70,3,Admin,2,2,35.9,2.0,27936.7,9372.6
3,Router,60938,Data Center A,71652,3,0,5,36,47,Admin,1,1,32.1,1.0,21497.1,35648.729999999996
1,Server,8499,Network Room C,64856,8,1,31,87,52,Admin,3,0,90.1,2.4000000000000004,19461.0,6221.268000000002
2,Router,4558,Data Center A,23372,0,0,47,88,56,Admin,3,3,60.8,3.0000000000000004,7011.599999999999,3828.7200000000007
2,Router,79778,Network Room C,86245,0,1,54,57,75,Admin,1,2,105.0,1.2000000000000002,25873.7,32549.424000000003
3,Server,82435,Office B,62430,10,0,80,87,70,User,2,1,64.5,1.8,18734.0,31902.344999999994
3,Server,14350,Office B,21898,5,1,2,98,24,User,3,2,58.2,2.8000000000000003,6572.099999999999,15670.200000000003
2,Server,68372,Office B,72426,6,1,54,41,84,Admin,2,2,99.7,2.0,21731.0,51279.0
1,Router,67947,Office B,3777,3,1,50,15,87,User,1,2,83.6,1.2000000000000002,1134.8,39952.836
1,Laptop,63597,Network Room C,30453,6,1,95,25,82,User,1,0,132.1,0.8,9139.1,23658.084000000003
3,Router,54720,Office B,85278,4,1,87,45,12,Admin,2,0,113.1,1.6,25585.6,62599.68000000001
3,Laptop,69092,Office B,43328,0,0,31,94,3,User,1,3,47.9,1.4000000000000001,12998.4,49815.332
1,Laptop,44372,Data Center A,62666,8,0,23,79,52,Admin,1,2,55.1,1.2000000000000002,18803.8,18370.008
2,Router,88132,Office B,82937,6,0,32,22,38,User,3,0,22.4,2.4000000000000004,24884.1,148061.76
3,Server,18823,Office B,2302,7,1,60,15,85,User,3,1,93.0,2.6000000000000005,694.3000000000001,24469.900000000005
3,Laptop,61612,Network Room C,17475,8,1,58,74,76,User,3,3,117.8,3.0000000000000004,5246.7,46209.00000000001
