Asset_ID,,Asset_Value(in dollar),,Maintenance_Cost,Age,Compliance_Status,Cybersecurity_Score,Physical_Security_Score,Vendor_Risk_Score,,Environmental_Risk,Previous_Incidents,Vulnerability,Likelihood,Uncertainty,Mitigated_Risk,Risk,Risk Percentage,Risk Level
1,,19623,,79906,0,1,100,2,55,,3,1,117.5,2.6,23972,36479.157,38512.643,14.51039281,0
3,,16493,,43539,0,1,95,97,0,,1,0,143.5,0.8,13061.9,6795.116,19461.184,7.332382367,0
1,,63080,,60899,9,1,38,10,30,,2,2,52,2,18274.4,100928,43506.4,16.3918886,0
2,,62213,,12279,6,1,0,9,7,,2,1,6.6,1.8,3686.9,103024.728,12645.572,4.76446701,0
3,,11547,,26422,8,0,28,12,59,,1,1,23.7,1,7930.6,7447.815,12029.785,4.532457193,0
3,,85468,,2621,6,0,73,19,31,,3,2,18.8,2.8,789.3,179482.8,60616.9,22.83860472,0
2,,47405,,76445,2,0,69,15,4,,1,0,8.7,0.8,22934.5,34321.22,26537.28,9.998440174,0
2,,53759,,36632,6,0,100,43,82,,1,2,46.1,1.2,10992.6,24191.55,51311.85,19.33274482,0
3,,24167,,86397,3,1,35,60,85,,1,1,90.5,1,25920.8,6645.925,43441.875,16.36757754,0
1,,62294,,47033,0,1,69,61,15,,3,3,104,3,14110.1,115866.84,85125.26,32.07260953,1
2,,23476,,99254,5,0,28,13,39,,1,3,18.2,1.4,29778.7,24321.136,38323.964,14.4393043,0
2,,53480,,19877,1,1,36,20,60,,2,2,64,2,5963.8,64176,48747.8,18.36668875,0
3,,98813,,52628,6,0,94,81,60,,2,1,58.5,1.8,15791.4,52469.703,141185.097,53.19425148,1
3,,88699,,89346,10,1,0,67,71,,2,0,54.8,1.6,26809,43994.704,124732.696,46.99548705,1
3,,11927,,78355,1,0,20,5,28,,2,3,10.9,2.2,23507,21909.899,27836.501,10.48794714,0
2,,39612,,63468,2,0,99,80,65,,3,3,59.5,3,19041.4,32679.9,105197.5,39.63521922,1
1,,67854,,75020,2,1,41,26,16,,3,2,58.8,2.8,22507.2,150093.048,62405.352,23.51243905,0
2,,44398,,71758,5,1,84,26,18,,2,2,102.4,2,21530.1,69260.88,41065.22,15.47212621,0
1,,31532,,41635,3,0,70,36,51,,2,1,33.3,1.8,12492,32068.044,37181.556,14.00887971,0
2,,91421,,79143,2,0,44,79,96,,3,1,68.3,2.6,23743.9,29711.825,231726.675,87.30756493,3
2,,74231,,16,1,1,87,94,68,,3,2,154.4,2.8,5.5,39490.892,168361.408,63.4334591,2
1,,40778,,53967,8,0,46,57,6,,1,2,30.3,1.2,16194.1,33519.516,31608.184,11.90900261,0
2,,72480,,65090,2,1,33,20,75,,3,1,65.5,2.6,19528.2,98935.2,109041,41.08333314,1
2,,23760,,31312,8,0,36,85,47,,1,0,56.6,0.8,9397.6,6462.72,21942.88,8.267409958,0
3,,5286,,58999,3,1,90,18,50,,1,1,114,1,17701.4,3488.76,19498.64,7.346494649,0
2,,19664,,88654,2,0,0,38,54,,3,3,35.2,3,26597.2,31855.68,53733.52,20.24515644,0
1,,81111,,65099,10,1,58,51,99,,2,1,113.2,1.8,19534.9,36499.95,129034.75,48.61637019,1
1,,36793,,83558,6,1,0,26,84,,3,0,38.2,2.4,25070.6,39736.44,73637.36,27.74431813,1
3,,358,,22178,3,0,82,65,66,,1,3,52.3,1.4,6654.9,172.914,6983.186,2.631052144,0
1,,36235,,98544,8,0,21,14,32,,3,2,16.6,2.8,29567.2,78122.66,52902.54,19.93206844,0
3,,50020,,70027,1,0,65,10,41,,1,0,17.3,0.8,21008.6,29811.92,31212.68,11.75998873,0
1,,45350,,27412,10,1,3,15,5,,3,0,12,2.4,8228.8,97956,19112.8,7.201121869,0
3,,85820,,25487,7,0,91,41,60,,2,1,38.5,1.8,7649.6,76465.62,85659.98,32.27407577,1
2,,96766,,59109,9,0,66,80,86,,1,1,65.8,1,17737.2,16450.22,98052.98,36.94338133,1
1,,74682,,8166,2,1,95,95,59,,2,0,160.2,1.6,2451,27482.976,94459.224,35.58936334,1
2,,38903,,47641,8,0,15,92,31,,2,3,55.3,2.2,14296.3,32950.841,66932.059,25.2179646,1
3,,46839,,45317,3,1,47,9,26,,1,0,59.3,0.8,13596.8,30913.74,20154.26,7.593512329,0
1,,57353,,79153,2,1,69,36,59,,3,1,104.7,2.6,23747.1,78286.845,94578.055,35.63413525,1
2,,1150,,37553,9,0,68,86,54,,1,2,59.2,1.2,11270.4,414,12236.4,4.610303443,0
3,,47402,,35540,7,1,28,98,5,,1,2,78.5,1.2,10665.7,27587.964,39960.136,15.05576416,0
2,,50069,,14983,1,0,33,95,50,,2,2,62.5,2,4495.4,27537.95,77095.45,29.04722129,1
2,,24124,,23206,5,1,2,8,48,,3,0,20.4,2.4,6964.5,41686.272,23175.828,8.731947273,0
1,,58433,,11356,3,1,89,66,74,,3,1,144.2,2.6,3408.5,45577.74,109756.56,41.35293439,1
3,,68418,,18800,3,1,41,5,8,,2,0,45.9,1.6,5641.7,102353.328,12757.172,4.806514497,0
3,,59950,,23137,10,0,26,37,82,,1,2,43.1,1.2,6946.1,29135.7,49750.4,18.74443794,0
3,,50678,,6274,9,0,44,64,29,,3,3,40.7,3,1886.7,81338.19,72582.51,27.34688272,1
1,,23878,,25053,7,1,55,15,70,,1,1,83.5,1,7519.6,13729.85,17667.75,6.656670969,0
3,,81899,,36735,7,0,84,10,71,,1,2,26.3,1.2,11024,58475.886,50826.914,19.15003568,0
1,,51231,,42494,8,1,95,98,52,,2,2,159.6,2,12752.4,25615.5,89598.9,33.75814105,1
2,,63522,,13738,6,1,51,44,32,,1,1,82.6,1,4124.6,39383.64,28262.96,10.64862392,0
2,,99197,,35456,4,0,30,6,20,,3,0,9,2.4,10638.8,207123.336,41588.264,15.66919328,0
3,,99523,,76074,6,0,55,3,100,,1,3,31.5,1.4,22825.2,67576.117,94581.283,35.63535146,1
2,,36718,,62378,0,0,28,69,99,,1,3,64.2,1.4,18713.4,8224.832,61893.768,23.31968975,0
2,,47732,,53266,5,0,2,53,45,,1,0,40,0.8,15982.3,19474.656,34693.244,13.07135941,0
2,,50085,,46127,2,0,78,39,85,,2,3,45,2.2,13839.1,41871.06,82155.04,30.95352095,1
3,,50347,,30393,0,0,2,47,55,,3,3,40,3,9117.9,74010.09,86148.81,32.45825205,1
2,,6755,,94358,3,1,57,36,98,,3,1,104.4,2.6,28309.1,5795.79,40076.31,15.09953499,0
1,,62313,,70407,10,1,32,44,18,,1,1,59.4,1,21127.3,42995.97,40444.33,15.23819374,0
3,,51645,,45613,1,0,0,28,26,,3,1,21.8,2.6,13684.4,98022.21,49939.19,18.81556827,0
1,,31910,,96130,6,0,32,63,54,,3,1,47.7,2.6,28842,34430.89,77377.11,29.15334221,1
3,,32740,,85866,8,0,5,62,25,,1,3,38.5,1.4,25763.8,25897.34,45702.46,17.21929723,0
2,,37800,,35251,2,1,89,72,94,,2,2,153.2,2,10576.5,12852,73324.5,27.62644199,1
2,,45611,,32862,3,1,58,13,19,,2,0,70.2,1.6,9860.3,61301.184,21536.716,8.114379713,0
1,,48720,,59602,9,1,16,58,65,,3,0,64.5,2.4,17885.3,45017.28,89796.02,33.83240987,1
1,,16434,,81531,3,0,29,67,100,,2,1,63.5,1.8,24460.8,4880.898,49161.102,18.52240837,0
3,,9197,,6843,7,0,94,46,85,,2,1,48.5,1.8,2056.4,5711.337,12899.663,4.860200773,0
3,,54755,,28443,9,1,55,11,95,,3,3,89,3,8537.6,77204.55,95598.05,36.01843835,1
1,,13363,,74483,9,1,15,53,47,,3,2,55.6,2.8,22349.6,18708.2,41057.8,15.46933058,0
2,,35289,,39813,7,1,93,18,4,,3,1,103.2,2.6,11947.6,81658.746,22040.254,8.30409752,0
1,,35170,,93735,6,0,36,43,4,,3,1,22.7,2.6,28123.5,69953.13,49612.37,18.69243243,0
3,,90623,,86442,6,0,63,50,84,,2,2,50.2,2,25935.6,59811.18,147370.42,55.5246931,1
1,,7363,,1387,2,1,23,56,15,,1,0,55.5,0.8,417.3,3799.308,2508.392,0.945085832,0
3,,92007,,16084,4,1,95,38,62,,1,1,132.6,1,4827.4,46003.5,50830.9,19.15153748,0
2,,57364,,25288,9,1,68,71,28,,3,2,111.9,2.8,7591.1,81112.696,87097.604,32.81572877,1
3,,21689,,17778,1,0,71,63,90,,3,3,58.5,3,5333.9,15290.745,55110.155,20.76383065,0
1,,11857,,22341,10,0,17,49,40,,3,3,36.5,3,6707.3,19741.905,22536.395,8.491028362,0
3,,76300,,67165,8,0,68,74,96,,1,1,65.8,1,20153.5,11445,85008.5,32.02861791,1
1,,8677,,35293,7,0,83,17,5,,1,0,10,0.8,10591.4,6178.024,11354.976,4.278209681,0
2,,45600,,94502,1,0,100,44,39,,1,1,33.7,1,28351.1,26676,47275.1,17.81182017,0
2,,26212,,47802,5,0,85,5,92,,1,1,30.1,1,14343.1,13499.18,27055.92,10.19384796,0
2,,3514,,26679,3,0,74,82,100,,3,2,71,2.8,8005.2,885.528,16958.872,6.389587294,0
2,,81265,,18357,0,0,19,41,93,,2,3,48.4,2.2,5507.1,58998.39,125291.71,47.20610653,1
2,,1160,,21269,1,0,31,13,40,,1,1,18.5,1,6381.2,852.6,6688.6,2.520061097,0
2,,41808,,56829,3,1,77,19,59,,2,2,104.2,2,17050.4,51005.76,49660.64,18.7106191,0
2,,46078,,29692,6,0,21,41,82,,3,3,45.1,3,8910.6,53220.09,93924.51,35.38789937,1
2,,63812,,9000,2,1,19,1,39,,3,2,31.2,2.8,2701.2,142938.88,38435.92,14.48148592,0
3,,23963,,98384,10,1,32,78,38,,3,0,82.4,2.4,29520.4,24154.704,62876.896,23.69010249,0
2,,66110,,9671,4,1,83,17,67,,1,3,111.6,1.4,2903.5,53681.32,41776.18,15.73999432,0
1,,44383,,14948,1,1,9,55,52,,1,1,52.1,1,4485.1,20638.095,28230.005,10.63620748,0
3,,90839,,73941,3,0,59,50,93,,3,3,52.9,3,22183.8,77667.345,217033.455,81.77160642,2
1,,20303,,2926,5,1,47,82,57,,3,2,105.1,2.8,880.5,17338.762,40390.138,15.21777584,0
1,,28122,,18083,5,1,17,55,63,,2,2,63.4,2,5427.6,23060.04,38611.56,14.54766173,0
2,,49990,,56015,4,0,71,58,36,,3,3,39.8,3,16806.5,79484.1,87292.4,32.88912198,1
3,,56912,,85223,4,0,90,95,51,,1,2,62.8,1.2,25568.9,18439.488,75423.812,28.41739892,1
1,,55609,,51713,4,0,86,4,89,,2,2,28.7,2,15515.9,59501.63,67232.27,25.33107498,1
3,,76173,,76201,2,0,57,20,33,,1,1,19.9,1,22861.3,55987.155,43047.145,16.21885528,0
3,,11123,,15847,0,1,13,16,79,,2,1,44.7,1.8,4754.3,10511.235,14264.465,5.374416666,0
1,,66482,,55134,3,1,49,59,33,,2,1,88.4,1.8,16541.9,64620.504,71588.996,26.97255686,1
2,,78418,,23432,1,0,62,10,87,,2,1,31.1,1.8,7030.1,72693.486,75489.014,28.44196505,1
2,,39367,,78385,6,0,94,24,24,,3,2,19.2,2.8,23518.5,83772.976,49973.124,18.82835357,0
1,,28580,,53669,4,0,32,55,31,,1,2,36.8,1.2,16102.7,19548.72,30849.98,11.6233344,0
1,,90012,,78515,0,1,33,15,64,,2,2,59.7,2,23554.7,108914.52,94664.18,35.66658453,1
1,,85273,,44959,10,1,54,19,71,,3,0,84.8,2.4,13492.9,112560.36,105587.74,39.78224978,1
3,,77453,,55429,5,1,12,20,22,,2,2,28.6,2,16631.4,122375.74,49161.66,18.52261861,0
2,,9777,,94730,8,1,21,48,98,,2,2,74.4,2,28423.2,5279.58,42697.62,16.08716489,0
3,,60754,,85832,9,1,65,29,75,,3,1,102,2.6,25754.3,75820.992,107893.708,40.65106841,1
1,,35872,,61406,2,0,100,20,8,,2,1,12.4,1.8,18422.8,55529.856,27462.544,10.34705151,0
2,,81764,,69710,2,0,64,70,54,,3,1,51.2,2.6,20914,80782.832,152717.568,57.53933588,1
1,,37260,,9932,7,0,48,61,95,,3,3,59,3,2983.1,24591.6,90171.5,33.97387932,1
2,,13741,,85503,2,0,40,25,2,,2,1,13.1,1.8,25651.9,21394.737,28990.963,10.92291332,0
2,,71696,,10864,7,1,37,16,87,,1,0,71.1,0.8,3262.9,27818.048,32801.652,12.35866506,0
3,,88291,,72889,8,0,47,5,10,,1,3,5.5,1.4,21870.7,114336.845,31141.255,11.73307796,0
1,,37650,,98066,9,0,9,8,63,,3,3,22.9,3,29424.3,72852.75,69521.55,26.19360607,1
1,,99294,,42464,6,0,58,66,82,,3,3,57.6,3,12742.2,77449.32,233174.88,87.85320454,3
3,,60143,,94321,0,0,74,92,17,,1,0,51.1,0.8,28296.3,21892.052,54518.648,20.5409688,0
1,,3148,,54933,3,1,3,1,70,,1,3,24.5,1.4,16481.6,2842.644,18046.156,6.799242844,0
2,,26301,,3309,10,1,22,58,81,,2,3,75.3,2.2,997.9,17647.971,41212.129,15.52747705,0
1,,24388,,75919,6,0,89,93,0,,2,0,46.5,1.6,22778.7,20876.128,40923.372,15.4186822,0
1,,17393,,16636,4,0,86,79,71,,1,3,60.8,1.4,4992.8,6087.55,23255.45,8.761946422,0
2,,59108,,77980,6,0,97,88,12,,3,1,47.6,2.6,23397,76840.4,100237.4,37.76640436,1
3,,75634,,59451,2,1,79,87,55,,3,0,139,2.4,17836.5,52641.264,146716.836,55.27844252,1
2,,37355,,9023,5,0,52,41,61,,3,2,38.8,2.8,2709.4,51251.06,56052.34,21.11881731,0
1,,114,,76032,0,0,55,97,2,,3,0,49.1,2.4,22809.6,138.168,22945.032,8.644990358,0
3,,99250,,4392,9,0,46,47,16,,3,2,28.3,2.8,1322.1,190361.5,88860.6,33.47997206,1
1,,63000,,78886,5,0,11,71,57,,3,2,52.6,2.8,23668.3,63504,136564.3,51.45327567,1
2,,96481,,96865,7,1,96,49,59,,3,0,138.2,2.4,29063.2,106515.024,154102.576,58.06116478,1
1,,10126,,40358,8,1,95,45,12,,2,3,121.1,2.2,12111.6,15928.198,18460.602,6.955393494,0
3,,34319,,32811,2,1,56,7,57,,1,1,76.6,1,9844.5,23336.92,20826.58,7.846822062,0
1,,90563,,431,9,1,64,44,21,,3,0,92.3,2.4,134,146712.06,70773.14,26.66516712,1
2,,9039,,32195,3,1,61,26,19,,3,0,79.7,2.4,9660.2,16812.54,14541.26,5.478704606,0
1,,43573,,59383,7,1,88,44,64,,3,0,129.2,2.4,17818.6,48104.592,74289.208,27.98991463,1
1,,28314,,15806,6,0,43,21,36,,2,0,21.3,1.6,4744.8,32391.216,17655.984,6.652237898,0
1,,42158,,50574,8,1,72,23,41,,2,0,95.8,1.6,15176.4,45867.904,36761.296,13.85053852,0
2,,82024,,68580,3,1,43,47,1,,3,1,66.8,2.6,20575.7,162079.424,71758.676,27.03648712,1
2,,62603,,56258,5,0,73,33,45,,3,2,30,2.8,16879.9,106925.924,85242.376,32.11673528,1
1,,93276,,79436,8,0,77,4,82,,3,3,26.6,3,23834.8,159501.96,144160.84,54.31542095,1
3,,48363,,7648,0,0,18,88,83,,2,0,68.9,1.6,2294.4,11220.216,68454.984,25.79175643,1
2,,66742,,92576,7,0,9,68,98,,3,2,63.4,2.8,27776.3,31769.192,182884.708,68.90539692,2
2,,50514,,98810,5,1,3,41,33,,3,0,33.4,2.4,29645.7,76377.168,74502.132,28.07013792,1
2,,74839,,21328,3,1,50,62,73,,3,3,102.9,3,6400.1,72968.025,157949.075,59.51040864,1
3,,45749,,50988,10,0,11,45,25,,1,1,30,1,15301.4,29736.85,31313.55,11.79799348,0
3,,24551,,16296,7,0,100,69,2,,2,2,35.1,2,4892.3,31670.79,22323.51,8.410819768,0
2,,94140,,81658,10,1,66,95,41,,3,1,125.8,2.6,24502.6,78324.48,190942.12,71.94118476,2
1,,64377,,94510,9,1,89,32,66,,2,0,124.8,1.6,28357.7,52531.632,78829.268,29.70047119,1
2,,96455,,40806,9,1,15,85,96,,1,3,86.3,1.4,12246.5,12828.515,134454.985,50.65854992,1
1,,12807,,45268,7,0,33,53,34,,1,3,36.7,1.4,13583.9,10130.337,21383.363,8.056600966,0
2,,73496,,77528,6,0,89,86,84,,2,0,68.2,1.6,23261.4,17639.04,123215.96,46.42402705,1
2,,45380,,17455,0,0,89,61,74,,1,2,52.7,1.2,5236.5,17698.2,41994.3,15.8221753,0
1,,59299,,1655,8,0,90,2,11,,2,0,4.3,1.6,500.5,88711.304,6667.596,2.512147428,0
3,,96347,,62060,9,1,46,14,3,,1,2,53.9,1.2,18622.7,105789.006,28450.094,10.71913033,0
2,,65783,,89248,4,1,54,73,65,,1,3,110,1.4,26776.6,28549.822,90322.978,34.03095162,1
3,,59246,,55273,4,0,100,69,44,,2,1,47.7,1.8,16583.9,46389.618,76837.082,28.94987608,1
2,,47504,,52943,9,1,11,83,17,,2,0,57.6,1.6,15887.6,38003.2,53890.8,20.30441476,0
3,,5987,,12080,3,1,24,44,28,,2,2,54.4,2,3625.7,7663.36,7936.34,2.990171588,0
1,,67253,,19492,4,1,10,94,15,,1,3,61.5,1.4,5849.8,42840.161,57163.839,21.53759633,0
3,,49989,,30293,2,1,66,19,21,,3,3,81.8,3,9089.1,119973.6,39082.5,14.7250976,0
3,,30124,,66979,4,1,8,27,30,,1,3,30.5,1.4,20095.9,30154.124,32115.376,12.10009713,0
3,,48219,,82453,2,0,10,82,31,,1,1,50.3,1,24736.9,20975.265,51980.635,19.58472267,0
2,,27172,,8576,0,1,70,78,22,,1,3,115.6,1.4,2573,19020.4,21593.4,8.135736521,0
1,,33044,,57077,1,1,35,3,97,,1,1,65.6,1,17123.8,16522,33645.8,12.67671436,0
3,,73776,,53314,7,1,55,81,46,,2,0,109.3,1.6,15997.9,43085.184,90954.316,34.26882058,1
3,,52782,,80706,0,0,49,88,39,,2,0,55.7,1.6,24211.8,30824.688,77838.312,29.3271091,1
1,,86353,,50977,0,1,66,14,99,,2,1,102.7,1.8,15293.3,67614.399,103114.301,38.85033318,1
1,,8029,,9221,1,0,39,90,100,,3,2,75,2.8,2766.8,1124.06,24123.94,9.089167045,0
2,,8223,,82571,2,1,28,56,57,,3,3,73.1,3,24772.5,10731.015,38710.485,14.58493366,0
1,,52757,,50831,3,0,100,44,14,,1,2,26.2,1.2,15250.8,44948.964,33610.236,12.66331492,0
3,,86083,,8628,0,0,39,77,32,,1,2,48.1,1.2,2588.4,47001.318,58886.682,22.18671119,0
3,,71737,,53232,4,1,60,83,63,,1,2,120.4,1.2,15971.8,23242.788,78813.412,29.69449713,1
3,,43214,,39588,7,1,13,81,15,,1,1,58,1,11880.1,22471.28,32622.82,12.2912866,0
1,,90746,,62261,0,1,43,1,95,,1,1,72,1,18678.5,47187.92,62236.58,23.44885089,0
1,,85609,,90830,9,0,80,21,0,,1,3,10.5,1.4,27253.5,107268.077,39838.023,15.0097557,0
2,,4824,,47954,1,0,37,49,41,,2,3,36.8,2.2,14386.7,5837.04,19162.46,7.219832247,0
1,,88723,,2056,5,1,28,80,6,,1,0,69.8,0.8,619.5,40457.688,31140.212,11.73268499,0
2,,37386,,34229,2,1,33,91,4,,2,3,79.7,2.2,10269.9,43180.83,49338.27,18.58915989,0
3,,67990,,63466,1,0,72,26,20,,3,2,19,2.8,19040.3,146586.44,62825.86,23.67087368,0
1,,65271,,17909,8,0,70,95,19,,1,0,53.2,0.8,5376.7,22453.224,35140.276,13.23978747,0
3,,32099,,45007,8,1,40,22,24,,3,0,58.2,2.4,13506.3,59318.952,31224.948,11.76461094,0
3,,21682,,21008,9,1,85,90,64,,2,1,149.2,1.8,6307.1,8976.348,36358.352,13.69872147,0
2,,52696,,57349,6,1,67,80,28,,2,1,115.4,1.8,17207.9,43632.288,68428.412,25.78174491,1
2,,43691,,33752,7,0,73,5,3,,2,2,3.4,2,10129.1,83886.72,13624.38,5.133252102,0
3,,82351,,11463,2,1,54,66,79,,3,1,110.7,2.6,3440.1,58880.965,158671.735,59.78268495,1
3,,6530,,97649,2,0,60,4,76,,3,2,24.8,2.8,29295.7,10970.4,36609.3,13.79327105,0
1,,88653,,10523,1,1,48,65,32,,2,1,90.1,1.8,3157.6,82181.331,80551.669,30.34941951,1
1,,81113,,58726,3,1,84,77,82,,1,1,147.1,1,17619.5,16628.165,82104.335,30.93441685,1
1,,93114,,96265,5,1,93,39,17,,3,3,117.6,3,28882.2,201126.24,107097.96,40.35125476,1
2,,11336,,3001,3,0,57,2,78,,3,2,24.4,2.8,901.8,19044.48,13598.12,5.123358132,0
3,,31051,,9152,1,0,75,98,24,,2,2,56.2,2,2746.1,24219.78,40628.32,15.30751557,0
3,,56632,,70530,7,1,8,13,96,,1,0,43.3,0.8,21162.7,20614.048,45854.252,17.27648784,0
3,,81955,,13165,8,0,81,87,36,,1,0,54.3,0.8,3953.5,25242.14,44275.36,16.68160935,0
1,,78775,,37864,6,0,54,70,91,,2,3,62.3,2.2,11362.2,33794.475,150872.725,56.84425513,1
2,,81634,,17074,7,1,88,50,30,,1,2,122,1.2,5125.9,58776.48,44310.22,16.69474354,0
3,,57845,,7620,10,0,21,73,47,,2,0,50.6,1.6,2291,37020.8,57822.2,21.78564674,0
2,,36699,,77992,4,0,65,77,93,,2,1,66.4,1.8,23399.6,9908.73,79549.07,29.97167069,1
2,,81379,,69688,2,1,28,29,11,,1,1,45.8,1,20907.6,65103.2,37183.4,14.00957447,0
2,,55960,,71048,4,0,10,47,9,,1,1,26.2,1,21316.4,40291.2,36985.2,13.93489874,0
2,,89033,,73689,10,1,68,53,10,,1,0,97.5,0.8,22111.9,48790.084,44548.216,16.78441319,0
3,,44679,,20759,0,1,5,98,70,,1,2,75,1.2,6227.9,8578.368,51264.332,19.31484148,0
1,,44843,,10324,6,0,25,27,27,,3,0,21.6,2.4,3100.2,78564.936,32158.464,12.11633138,0
3,,24405,,35976,1,1,83,72,83,,2,2,143.9,2,10793.5,10982.25,48621.25,18.31900855,0
3,,67421,,58459,7,1,49,77,14,,3,3,91.7,3,17541.4,110233.335,109571.065,41.28304552,1
3,,63392,,5179,7,1,64,55,23,,3,1,98.4,2.6,1557.4,100539.712,65836.888,24.80533747,0
2,,5839,,26745,1,1,1,37,65,,3,2,39,2.8,8024.2,8011.108,16362.292,6.164814091,0
2,,80423,,30606,10,1,59,52,66,,2,3,104.8,2.2,9187,72541.546,113576.054,42.79200359,1
2,,14180,,14792,6,0,26,18,46,,2,3,22.8,2.2,4440.6,21213.28,14423.32,5.4342684,0
2,,83287,,80377,0,1,79,35,60,,3,0,114.5,2.4,24113.3,104941.62,119060.48,44.85836854,1
3,,3743,,82542,3,0,9,3,67,,2,2,21.6,2,24764.1,4865.9,27384.2,10.31753388,0
2,,41383,,51386,4,1,70,39,94,,1,2,117.7,1.2,15418,16635.966,48441.634,18.25133471,0
1,,94193,,55158,4,0,64,65,68,,2,3,52.9,2.2,16549.4,69420.241,154353.759,58.15580289,1
3,,96121,,54989,4,0,5,8,2,,3,2,4.6,2.8,16498.7,255681.86,29955.64,11.28637428,0
3,,39481,,28420,6,1,63,13,93,,3,0,97.4,2.4,8529.2,44534.568,58749.032,22.13484885,0
1,,1916,,47857,1,1,77,55,18,,3,3,109.9,3,14357.8,3649.98,16455.82,6.200052597,0
1,,43878,,64770,1,0,6,94,48,,3,2,61.4,2.8,19431.5,35628.936,106660.964,40.18660795,1
1,,77142,,56533,8,0,71,50,34,,1,3,35.2,1.4,16963.9,62639.304,62323.396,23.48156052,0
1,,72633,,982,5,0,51,72,6,,3,0,37.8,2.4,297.1,106334.712,68281.588,25.72642609,1
2,,22864,,95110,0,0,21,11,26,,1,2,13.3,1.2,28533,22360.992,33608.808,12.6627769,0
2,,22282,,77453,4,1,11,49,50,,1,1,50.5,1,23238.1,11252.41,34267.69,12.9110236,0
3,,26727,,37983,5,0,55,67,70,,3,0,54.5,2.4,11397.4,20205.612,55336.588,20.84914372,0
3,,8084,,83862,2,1,79,59,73,,3,0,130.4,2.4,25159.8,6596.544,37964.856,14.30400333,0
2,,75413,,79619,6,1,45,96,26,,1,3,100.8,1.4,23888.9,41175.498,88291.602,33.26559091,1
1,,86387,,12300,5,1,95,97,2,,3,2,144.1,2.8,3692.7,122151.218,123425.082,46.50281786,1
1,,24171,,52042,7,0,81,4,82,,2,3,26.6,2.2,15616.1,30310.434,38481.866,14.49879697,0
1,,6505,,7341,0,0,52,17,76,,3,2,31.3,2.8,2202.3,9744.49,10671.81,4.020813506,0
3,,10787,,4777,1,0,5,20,63,,3,0,28.9,2.4,1433.6,15144.948,12177.452,4.588093629,0
3,,1068,,19809,2,0,24,5,39,,3,3,14.2,3,5943.7,2499.12,6648.58,2.504982778,0
2,,49272,,8550,8,1,17,42,91,,3,1,65.3,2.6,2569.2,42915.912,87760.488,33.06548331,1
1,,33192,,75652,4,1,68,19,12,,2,0,81.1,1.6,22697.8,44875.584,30929.416,11.65326347,0
3,,76039,,5624,6,0,6,95,19,,1,3,53.2,1.4,1690.2,45775.478,62369.322,23.49886404,0
1,,48101,,67844,5,1,23,10,91,,2,2,55.3,2,20355.9,47619.99,68937.91,25.97370826,1
1,,94844,,14387,5,1,39,100,10,,1,0,92,0.8,4318.8,34143.84,46050.16,17.35030002,0
3,,71436,,44064,9,1,77,9,95,,2,1,110,1.8,13223.9,61720.704,80087.996,30.17472162,1
2,,6168,,40702,6,0,10,99,81,,3,0,73.8,2.4,12213.6,1480.32,25536.48,9.621369166,0
3,,24562,,21239,8,1,51,43,7,,2,1,74.6,1.8,6375.9,33158.7,17428.8,6.566641875,0
3,,13524,,68243,1,1,13,27,70,,2,0,47.5,1.6,20473.6,11143.776,30968.224,11.66788514,0
1,,62758,,80757,7,1,7,86,79,,2,2,73.7,2,24230.8,21965.3,127781.5,48.14418369,1
3,,46080,,36790,9,0,37,43,77,,3,1,44.6,2.6,11041.5,47923.2,82926.3,31.24410827,1
3,,59518,,20605,0,0,13,21,91,,2,1,37.8,1.8,6181.5,47138.256,66175.644,24.93297043,0
3,,73338,,5812,10,0,34,6,47,,1,2,17.1,1.2,1748.6,64684.116,25070.084,9.445645335,0
1,,43582,,27317,10,1,11,18,40,,1,1,32,1,8200.3,30943.22,20839.08,7.851531681,0
3,,27895,,30471,1,0,27,70,100,,1,3,65,1.4,9141.8,5857.95,42336.85,15.95123773,0
3,,39649,,11883,2,0,67,16,69,,1,0,28.7,0.8,3565.9,18238.54,17046.56,6.422625466,0
1,,81460,,2162,7,1,46,49,35,,3,0,81,2.4,652.3,113392.32,82763.98,31.18295103,1
2,,71066,,8288,9,0,49,29,58,,3,3,31.9,3,2490.9,120456.87,95232.03,35.88053314,1
3,,93386,,15477,8,0,55,18,60,,3,2,27,2.8,4647.1,159503.288,106624.612,40.17291162,1
1,,47197,,45423,7,1,65,14,46,,3,0,85.8,2.4,13630.6,79290.96,47612.44,17.93891962,0
1,,29217,,58689,6,0,22,70,88,,1,3,61.4,1.4,17609.7,8589.798,49923.702,18.80973286,0
1,,91114,,78422,2,0,22,80,98,,2,3,69.4,2.2,23527.6,22049.588,201928.812,76.08063623,2
2,,67937,,6780,3,1,67,69,67,,2,0,121.6,1.6,2035.7,34783.744,75951.156,28.6160861,1
1,,82722,,51350,5,1,86,19,33,,2,2,105.4,2,15407.7,122428.56,58423.14,22.01206266,0
2,,36539,,44764,6,0,53,37,56,,3,0,35.3,2.4,13432.2,46916.076,54209.724,20.42457563,0
1,,5099,,56174,3,1,22,13,78,,2,2,51.9,2,16853.9,5557.91,21493.99,8.098281855,0
1,,35553,,85613,3,1,96,68,44,,2,2,143.2,2,25685.6,31286.64,65504.96,24.68027709,0
2,,25163,,59339,4,1,76,4,69,,3,0,98.7,2.4,17803.9,38348.412,39846.688,15.0130204,0
3,,85390,,69265,3,1,75,23,37,,1,3,97.6,1.4,20781.2,83682.2,56645,21.34211357,0
3,,87501,,59713,9,0,46,93,5,,3,3,48,3,17918.4,133876.53,146544.87,55.21365097,1
1,,88284,,98730,5,1,43,13,69,,1,1,70.2,1,29621.7,52087.56,65818.14,24.79827379,0
1,,23173,,35956,6,1,4,96,47,,3,2,66.1,2.8,10790,18492.054,57182.346,21.54456921,0
3,,17788,,32181,0,0,81,34,92,,3,1,44.6,2.6,9654.3,17112.056,38791.044,14.61528584,0
3,,53812,,6183,1,0,17,4,40,,3,2,14,2.8,1855.4,117525.408,35003.592,13.1882891,0
1,,58110,,89956,4,1,13,66,60,,2,0,64,1.6,26989,34401.12,85563.88,32.23786821,1
1,,58021,,55963,6,0,63,47,99,,2,1,53.2,1.8,16791.9,28198.206,93031.494,35.05143809,1
1,,77159,,61483,7,0,11,4,60,,1,0,20,0.8,18448.4,41974.496,38201.104,14.39301439,0
3,,7295,,96663,6,1,54,74,18,,3,1,96.4,2.6,29002.1,10242.18,37726.92,14.21435628,0
3,,41090,,35964,4,0,39,51,36,,1,0,36.3,0.8,10791.2,18572.68,25090.52,9.453344998,0
1,,36893,,92730,4,1,36,7,49,,1,1,54.2,1,27821.2,26562.96,38151.24,14.37422715,0
3,,62624,,79159,0,0,55,50,100,,2,2,55,2,23747.7,31312,117683.7,44.3396397,1
3,,20825,,95344,5,1,50,41,50,,1,2,85.5,1.2,28605.9,13619.55,39976.35,15.0618731,0
3,,44077,,81365,0,0,13,39,75,,1,0,42,0.8,24409.5,15162.488,44508.612,16.76949161,0
1,,2101,,41901,1,0,27,11,64,,3,2,24.7,2.8,12570.8,3676.75,14776.85,5.567467754,0
1,,60505,,14131,4,0,0,17,76,,1,1,31.3,1,4241.3,32370.175,32376.125,12.19833943,0
1,,57296,,54152,5,0,90,17,2,,1,3,9.1,1.4,16248.1,72594.032,23868.468,8.992912964,0
1,,35337,,26552,9,0,62,29,94,,3,2,42.7,2.8,7970.1,38093.286,68820.414,25.92943934,1
1,,59981,,49292,7,1,33,7,45,,1,2,50,1.2,14791.3,53263.128,33505.372,12.62380536,0
3,,41338,,15580,6,1,24,8,95,,3,0,56.5,2.4,4677.2,48117.432,55770.968,21.01280489,0
3,,94131,,97833,2,1,66,11,24,,3,2,78.7,2.8,29351.1,217442.61,75475.29,28.43679426,1
3,,41482,,31296,1,0,42,37,61,,3,0,36.8,2.4,9389.3,50773.968,58172.132,21.91749047,0
1,,68139,,31553,0,0,88,9,52,,3,0,20.1,2.4,9465.9,113655.852,59343.648,22.35888208,0
3,,83754,,21694,8,1,72,28,30,,3,3,95,3,6512.4,178396.02,79378.38,29.90735989,1
3,,87203,,45874,8,1,25,70,96,,3,2,88.8,2.8,13766.4,41508.628,216426.172,81.54280065,2
2,,64109,,50794,7,1,15,98,92,,2,1,91.6,1.8,15241.9,5769.81,124868.29,47.04657475,1
2,,5158,,37598,6,1,90,39,22,,1,1,116.1,1,11282.6,3584.81,12855.79,4.843670761,0
3,,4881,,60192,7,1,72,57,47,,1,2,114.6,1.2,18061.3,2811.456,21107.044,7.952492369,0
1,,61612,,89798,6,1,45,84,20,,3,3,93,3,26942.6,88721.28,123057.32,46.36425632,1
1,,41016,,30451,5,1,0,77,43,,2,0,51.4,1.6,9138,26250.24,48513.36,18.27835888,0
2,,13059,,30097,2,1,9,53,98,,2,0,64.9,1.6,9030.3,5119.128,24805.572,9.345985256,0
3,,14034,,70954,4,0,65,10,47,,1,1,19.1,1,21288.2,10034.31,25287.89,9.527708013,0
2,,43730,,82133,2,0,14,1,79,,1,0,24.2,0.8,24640.9,20990.4,38634.5,14.55630482,0
3,,60585,,87275,5,0,88,78,66,,3,3,58.8,3,26185,50891.4,157048.6,59.17113704,1
3,,48557,,67122,8,1,69,37,2,,1,2,88.1,1.2,20140.8,46906.062,31503.138,11.86942447,0
1,,62388,,94812,6,0,6,45,11,,3,3,25.8,3,28446.6,134758.08,80852.52,30.46277102,1
3,,75277,,15642,2,1,83,44,67,,3,0,125.1,2.4,4693.8,80395.836,104962.764,39.54677783,1
1,,20662,,1038,10,0,59,94,40,,1,1,59,1,316.4,6818.46,14159.94,5.335034825,0
2,,74407,,45782,2,1,40,98,43,,1,2,101.9,1.2,13735.8,26340.078,76684.122,28.8922454,1
1,,62903,,13104,1,0,68,19,22,,3,1,16.1,2.6,3931.7,130020.501,37458.999,14.11341179,0
2,,68203,,3526,2,0,27,56,36,,2,1,38.8,1.8,1058.8,66293.316,57530.884,21.67588773,0
1,,90328,,56300,5,0,61,5,19,,2,1,8.2,1.8,16892.5,143079.552,36403.348,13.71567459,0
3,,45605,,564,5,1,71,59,8,,2,1,102.9,1.8,171.9,54589.185,27671.715,10.42586079,0
3,,5448,,90024,6,1,30,22,22,,1,2,47.6,1.2,27010.4,5099.328,28448.672,10.71859456,0
1,,59974,,5473,2,0,75,37,43,,3,2,31.4,2.8,1642.9,100756.32,68813.78,25.92693985,1
3,,57758,,43435,9,1,42,82,21,,2,2,89.3,2,13035.2,56025.26,72525.94,27.32556887,1
2,,8943,,19757,9,1,73,38,82,,1,3,116.6,1.4,5931.8,5008.08,13443.92,5.065260261,0
2,,29157,,2811,5,1,62,23,21,,3,3,79.8,3,846,68227.38,20089.62,7.569157943,0
2,,26935,,37482,5,1,94,10,5,,3,1,100.5,2.6,11247.3,64778.675,16499.625,6.216556989,0
1,,59130,,58881,2,0,67,8,20,,3,3,10,3,17665.3,152555.4,42499.9,16.01267001,0
1,,68192,,59081,1,0,36,84,50,,1,1,57,1,17724.8,22503.36,63413.44,23.89225595,0
3,,26102,,96877,7,1,58,73,34,,3,1,104.7,2.6,29066.8,31557.318,65374.682,24.6311923,0
1,,4650,,25095,9,0,25,24,19,,3,2,17.7,2.8,7533,10220.7,10332.3,3.892896461,0
2,,69443,,4270,2,0,91,100,28,,3,3,58.4,3,1282,74998.44,134612.56,50.71791939,1
3,,46358,,64250,5,0,58,40,56,,1,0,36.8,0.8,19277.5,19284.928,37078.972,13.97022917,0
3,,94835,,2799,4,1,75,74,7,,3,1,114.1,2.6,841.9,146709.745,100703.155,37.94188668,1
1,,18490,,77969,3,0,25,91,31,,2,1,54.8,1.8,23392.2,12979.98,43694.22,16.46265347,0
3,,77390,,29184,2,1,59,28,25,,1,2,80.5,1.2,8756.4,68257.98,33366.42,12.57145247,0
2,,59454,,50564,8,1,54,43,31,,3,0,84.8,2.4,15173.4,89894.448,67968.552,25.60848365,1
1,,50364,,66413,1,1,90,85,7,,2,1,134.6,1.8,19924.6,48953.808,61625.992,23.2187999,0
3,,95014,,88772,2,1,80,30,71,,3,2,116.3,2.8,26632.8,131689.404,160982.596,60.65334711,2
3,,78730,,43045,5,0,88,57,49,,2,3,43.2,2.2,12916,81406.82,104715.18,39.45349571,1
3,,25195,,98150,6,0,57,61,6,,3,1,32.3,2.6,29448,43562.155,51392.845,19.36326127,0
2,,20526,,70666,7,0,76,59,74,,2,1,51.7,1.8,21203.3,12377.178,45772.922,17.24584517,0
1,,29537,,23448,6,1,71,31,10,,3,1,89.5,2.6,7037.6,61052.979,22780.821,8.583120647,0
1,,69845,,81188,9,1,92,36,23,,1,3,116.9,1.4,24361.1,68937.015,53207.085,20.04681174,0
1,,27317,,88003,9,1,7,60,3,,3,2,37.9,2.8,26405.6,52394.006,50499.194,19.02656075,0
2,,99046,,65504,6,0,0,84,38,,1,2,53.4,1.2,19654.2,46353.528,92155.872,34.72153035,1
3,,60586,,31001,3,0,1,12,26,,2,1,13.8,1.8,9301.8,88334.388,30022.212,11.31145658,0
2,,52010,,74048,10,1,19,27,1,,2,2,32.8,2,22219.6,89457.2,36782.4,13.85848986,0
1,,91625,,27013,4,0,39,49,2,,3,0,25.1,2.4,8105.9,163825.5,64180.4,24.18122316,0
2,,58298,,18921,8,1,64,37,6,,1,3,84.3,1.4,5680.5,64069.502,23228.198,8.751678697,0
3,,29025,,66054,8,0,90,100,3,,2,2,50.9,2,19820.2,28154.25,49715.95,18.73145823,0
3,,1194,,69621,0,1,85,75,48,,1,1,136.9,1,20886.5,459.69,21620.81,8.146063775,0
1,,63063,,3929,10,1,92,17,63,,3,3,119.4,3,1183.9,113513.4,76859.5,28.9583225,1
3,,73610,,70111,9,0,27,96,16,,1,3,52.8,1.4,21037.8,45343.76,78748.04,29.66986695,1
1,,44112,,30923,2,0,51,24,47,,2,0,26.1,1.6,9277.9,45523.584,34333.516,12.93582484,0
3,,12830,,87939,2,0,61,60,17,,1,1,35.1,1,26382.7,7890.45,31322.25,11.80127137,0
2,,95713,,29492,9,0,97,89,35,,1,1,55,1,8852.1,36370.94,68194.16,25.69348588,1
2,,40806,,77205,5,1,32,92,92,,3,1,105.6,2.6,23164.2,8487.648,120772.152,45.5032745,1
1,,99860,,39779,10,0,13,37,38,,2,0,29.9,1.6,11938.7,99860,71854.7,27.07266604,1
2,,72269,,49318,2,1,14,27,62,,2,1,46.1,1.8,14796.6,72196.731,72684.069,27.38514706,1
3,,21034,,25045,8,0,97,7,4,,2,0,4.7,1.6,7517.5,31803.408,9368.492,3.529762914,0
3,,89863,,97859,10,0,22,42,58,,3,3,38.4,3,29362.7,134794.5,164157.2,61.84944136,2
1,,70807,,32631,1,1,97,89,12,,2,3,145.1,2.2,9790,77108.823,88456.577,33.32774848,1
3,,72319,,76426,7,1,42,55,2,,2,2,70.1,2,22931.5,103416.17,64153.33,24.17102401,0
2,,60746,,32851,2,1,84,76,28,,3,2,130.4,2.8,9856.5,81642.624,98302.676,37.03745919,1
1,,78789,,45026,9,1,84,29,6,,1,1,100.3,1,13512.5,65000.925,27300.575,10.28602652,0
3,,29807,,75316,3,0,7,85,56,,1,3,59.3,1.4,22596.3,12310.291,52015.809,19.59797516,0
1,,66291,,31412,5,0,28,86,8,,2,0,45.4,1.6,9426.1,56214.768,59276.932,22.33374552,0
1,,88228,,53184,0,1,70,35,47,,3,0,101.6,2.4,15955.4,124930.848,102771.752,38.72127113,1
1,,18145,,57044,0,1,41,99,46,,2,1,104.3,1.8,17113.4,8981.775,40792.625,15.3694207,0
1,,18010,,28441,4,0,72,10,31,,3,1,14.3,2.6,8534.3,37226.67,18133.63,6.832200387,0
3,,22634,,3831,8,0,17,26,88,,1,2,39.4,1.2,1153.3,11679.144,16634.956,6.267545595,0
3,,37963,,83688,5,0,73,9,37,,1,1,15.6,1,25108.9,29231.51,33840.39,12.75002995,0
3,,39106,,66040,2,0,81,6,11,,1,2,6.3,1.2,19813,42938.388,23801.812,8.96779901,0
1,,35904,,21164,3,0,78,50,68,,1,3,45.4,1.4,6350.7,20608.896,36007.404,13.56649494,0
3,,59177,,25007,7,0,59,74,88,,2,1,63.4,1.8,7505.6,20238.534,93785.666,35.33558717,1
2,,80731,,39911,5,0,94,16,53,,1,3,23.9,1.4,11975.8,74030.327,50968.873,19.20352151,0
2,,86033,,81928,7,1,15,60,89,,3,1,71.7,2.6,24582.1,57039.879,191228.021,72.04890356,2
3,,7184,,6400,0,1,72,85,73,,2,1,136.4,1.8,1920.2,2715.552,12135.848,4.572418507,0
1,,30201,,17270,3,1,47,5,8,,2,2,51.9,2,5182.7,56475.87,9108.83,3.431930168,0
2,,79912,,29931,5,0,86,70,94,,1,2,63.2,1.2,8981.8,17260.992,87615.208,33.01074622,1
1,,21096,,47520,6,0,60,77,99,,1,2,68.2,1.2,14259,3037.824,36536.376,13.7657955,0
2,,42063,,87971,1,1,43,81,99,,1,2,113.2,1.2,26392,5047.56,71820.04,27.05960721,1
3,,81019,,95320,8,1,58,54,17,,1,2,90.1,1.2,28600.2,62708.706,63114.294,23.77954684,0
1,,52979,,36378,1,1,12,56,72,,2,2,61.6,2,10914.1,38144.88,78727.22,29.6620226,1
3,,71278,,37900,4,0,56,77,62,,3,0,57.1,2.4,11372,52175.496,130263.704,49.07940268,1
1,,86598,,56004,7,0,71,50,0,,1,2,25,1.2,16804.7,77938.2,42784.1,16.11974793,0
3,,75353,,99386,3,1,30,48,92,,1,2,81.6,1.2,29817.5,27127.08,93114.02,35.08253138,1
2,,37212,,35760,7,1,68,4,39,,1,2,81.7,1.2,10731.7,35053.704,20332.396,7.660628557,0
1,,62271,,88936,10,0,93,50,72,,2,0,46.6,1.6,26685.8,38857.104,87462.296,32.95313363,1
2,,28124,,3596,8,1,17,46,14,,1,1,44.2,1,1083,19686.8,9520.2,3.586921875,0
3,,30747,,54702,1,1,34,58,10,,3,1,66,2.6,16411.3,52761.852,43591.648,16.42400746,0
1,,50375,,27631,7,1,86,6,24,,1,2,96.2,1.2,8293,51382.5,17360.5,6.540908512,0
2,,84168,,43142,4,0,62,52,23,,1,3,32.9,1.4,12944.6,73647,57132.8,21.52590178,0
3,,2168,,34822,5,0,11,91,49,,3,1,60.2,2.6,10449.1,1691.04,14394.86,5.423545538,0
2,,54926,,16872,10,0,3,65,53,,1,2,48.4,1.2,5066.6,27023.592,43954.208,16.56060904,0
1,,62641,,17162,8,0,89,60,52,,3,0,45.6,2.4,5152.6,66148.896,89342.104,33.66138812,1
1,,8501,,33935,1,1,41,19,78,,3,3,73.9,3,10181.2,13134.045,22550.155,8.496212712,0
2,,83438,,48468,4,1,9,93,63,,1,1,74.4,1,14542.6,18356.36,79624.24,29.99999246,1
2,,88628,,84920,4,1,21,32,83,,1,1,61.9,1,25478.2,37666.9,76439.3,28.80000392,1
2,,9342,,52536,5,0,49,30,69,,1,3,35.7,1.4,15763.3,6604.794,22237.306,8.378340722,0
1,,98292,,7858,6,0,28,34,15,,1,3,21.5,1.4,2360.4,103894.644,36074.556,13.59179577,0
3,,3437,,85599,0,0,52,56,90,,1,2,55,1.2,25679.7,1113.588,28690.512,10.80971252,0
3,,15926,,43658,1,1,89,72,66,,1,3,144.8,1.4,13098.1,6911.884,28482.616,10.73138363,0
2,,9398,,2864,7,0,84,42,100,,3,2,51,2.8,862.7,7631.176,19545.924,7.364309822,0
2,,62842,,41809,3,0,77,54,41,,1,2,39.3,1.2,12544.2,39590.46,48364.14,18.22213732,0
1,,86490,,27663,1,1,11,76,30,,3,0,58,2.4,8299.6,97560.72,118314.88,44.57744913,1
1,,33742,,76730,10,1,19,12,18,,1,1,30.4,1,23024.2,28680.7,28085.5,10.58176239,0
1,,4626,,76945,0,0,87,14,21,,2,2,13.3,2,23083.5,7632.9,24702.6,9.307188538,0
1,,1828,,28754,6,1,42,97,39,,3,1,102.2,2.6,8629.4,1520.896,11861.304,4.468978676,0
3,,74254,,58473,0,0,91,55,51,,1,3,42.8,1.4,17541.9,48859.132,72638.368,27.36792832,1
1,,77713,,65588,0,1,67,31,92,,1,1,110.1,1,19676.6,29919.505,67470.095,25.4206802,1
2,,40736,,56217,6,0,20,82,59,,3,3,58.7,3,16868.1,36051.36,103024.74,38.81658932,1
3,,28807,,88981,9,1,24,1,67,,3,2,44.6,2.8,26699,53235.336,54123.264,20.39200013,0
2,,86044,,94430,7,0,2,67,90,,1,3,60.5,1.4,28332.5,25899.244,122894.856,46.30304483,1
1,,50657,,56564,3,0,6,14,19,,2,2,12.7,2,16970.7,84597.19,33687.51,12.69242942,0
1,,55426,,41822,2,0,28,40,60,,3,2,38,2.8,12547.6,77596.4,90144,33.96351815,1
2,,57901,,16056,0,1,74,28,89,,2,2,114.7,2,4817,48057.83,72561.17,27.33884246,1
1,,55263,,40234,9,0,52,33,84,,2,1,41.7,1.8,12074.7,41281.461,70266.639,26.47433295,1
1,,20097,,15010,7,1,90,23,8,,3,1,103.9,2.6,4506.7,44153.109,12605.791,4.749478739,0
3,,84032,,64067,4,0,87,73,25,,2,3,44,2.2,19222.1,94283.904,109808.596,41.37253998,1
2,,51179,,78289,1,1,31,12,91,,3,3,64.3,3,23487.4,74465.445,102558.955,38.64109569,1
3,,76879,,42328,2,0,48,85,18,,2,0,47.9,1.6,12699.4,59658.104,76047.696,28.65245944,1
2,,85084,,90944,4,1,45,14,57,,3,3,69.1,3,27285.4,164637.54,117899.86,44.42108222,1
1,,74575,,32139,8,1,95,38,45,,1,1,127.5,1,9645.9,43626.375,40594.525,15.29478265,0
3,,26722,,70050,3,1,48,35,30,,2,2,74.5,2,21016.7,36074.7,38386,14.46267758,0
2,,83672,,74986,9,0,73,27,78,,1,2,36.9,1.2,22500.3,47693.04,75213.66,28.33822003,1
1,,70680,,50081,2,1,76,9,7,,2,1,82.6,1.8,15025.5,117046.08,25203.42,9.495882285,0
1,,55404,,10009,8,0,34,77,63,,3,3,57.4,3,3006.7,49863.6,119355.1,44.9693724,1
2,,9217,,21477,1,0,4,77,89,,1,3,65.2,1.4,6443.6,2193.646,17153.754,6.463012906,0
2,,74068,,66874,2,1,53,65,11,,3,0,88.8,2.4,20063.4,110213.184,87613.416,33.01007105,1
2,,26268,,97429,3,0,95,65,45,,1,1,46,1,29230.2,11820.6,43677.6,16.45639156,0
1,,92544,,69257,7,1,28,79,6,,1,3,69.3,1.4,20780.8,74497.92,75844.48,28.57589383,1
1,,42027,,56145,7,1,66,92,2,,2,0,112.6,1.6,16847.2,35638.896,48451.504,18.25505342,0
2,,92746,,73752,6,0,90,8,27,,1,1,12.1,1,22128.6,76515.45,38359.15,14.45256132,0
3,,5677,,37698,0,1,63,66,91,,1,2,123.3,1.2,11309.6,1464.666,16657.334,6.275976945,0
3,,67050,,26677,1,1,61,80,61,,1,2,119.3,1.2,8003.8,23735.7,64728.1,24.38757987,0
2,,28266,,8923,10,0,34,48,90,,3,2,51,2.8,2681.9,24534.888,57291.812,21.58581267,0
2,,59496,,86829,2,1,70,61,6,,2,2,102.3,2,26049.9,79129.68,65912.22,24.83372028,0
3,,72944,,70453,5,0,26,6,73,,1,1,24.9,1,21138.4,44131.12,49951.28,18.82012341,0
3,,57540,,26801,9,0,7,35,4,,2,0,18.7,1.6,8044.8,74111.52,25997.28,9.794984594,0
3,,51833,,71201,4,1,27,69,26,,3,3,69.3,3,21362.5,81636.975,95224.525,35.87770549,1
3,,51624,,2499,4,1,80,30,66,,3,3,114.8,3,751.9,80533.44,75090.46,28.29180202,1
1,,88994,,63689,2,0,0,60,50,,2,0,45,1.6,19107.7,64075.68,97422.42,36.70580549,1
1,,67015,,26824,4,1,36,10,96,,3,2,69.8,2.8,8049.4,88191.74,107499.66,40.5026031,1
3,,57230,,92810,7,1,6,81,69,,2,1,67.2,1.8,27846.7,25753.5,105107.2,39.60119692,1
3,,60831,,85710,6,0,34,66,4,,2,2,34.2,2,25716,79080.3,68297.7,25.7324966,1
2,,14295,,69223,6,0,43,91,61,,2,2,63.8,2,20769.9,6861.6,42498.3,16.01206718,0
3,,10346,,7965,0,1,88,53,64,,3,1,133.7,2.6,2389.7,11163.334,18125.966,6.829312825,0
1,,70265,,64217,10,1,85,95,30,,1,1,141.5,1,19270.3,26349.375,63185.925,23.80653522,0
1,,65012,,53875,3,0,54,10,74,,1,3,27.2,1.4,16164,52789.744,54391.056,20.49289601,0
3,,80153,,595,5,1,99,94,14,,2,2,150.2,2,181.2,73740.76,86746.44,32.68342086,1
3,,66066,,11457,8,1,39,5,100,,3,0,71.5,2.4,3441.3,75315.24,86684.46,32.66006868,1
1,,90894,,35731,5,1,100,54,36,,1,3,137.8,1.4,10722,69988.38,67985.22,25.61476364,1
3,,26679,,36690,7,1,9,87,50,,1,1,67.5,1,11010.7,8403.885,29285.815,11.03400459,0
1,,38063,,79529,5,0,48,3,79,,2,2,25.2,2,23861.2,44914.34,55072.86,20.74977902,0
2,,4984,,20450,3,0,80,44,43,,2,1,34.9,1.8,6136.5,5068.728,10038.972,3.78237939,0
3,,42708,,97346,9,1,49,56,32,,3,3,86.6,3,29208.5,71749.44,85583.06,32.24509465,1
2,,8899,,23755,7,1,29,74,0,,1,2,66,1.2,7130.2,6727.644,11081.356,4.175117985,0
2,,73279,,75360,5,0,84,58,28,,1,2,37.4,1.2,22610.5,50122.836,60422.464,22.76534714,0
3,,35310,,54185,6,0,52,17,41,,3,0,20.8,2.4,16258.5,60168.24,40834.26,15.3851075,0
2,,78236,,97673,6,1,34,76,5,,3,1,73.5,2.6,29305.1,121031.092,111687.608,42.08049456,1
2,,73887,,83488,3,0,6,87,20,,3,1,49.5,2.6,25047.9,89329.383,127824.717,48.16046655,1
3,,65061,,91146,0,1,53,12,11,,1,0,62.3,0.8,27344,46063.188,33329.612,12.55758433,0
3,,84664,,91141,2,0,50,90,8,,2,3,47.4,2.2,27343.3,94993.008,118611.092,44.68905281,1
2,,49744,,26607,8,1,77,25,9,,2,0,92.2,1.6,7986.3,66060.032,21516.668,8.106826236,0
2,,73550,,47194,1,0,55,66,58,,1,2,50.4,1.2,14158.7,33538.8,68879.9,25.95185186,1
2,,35721,,74787,8,1,96,71,51,,2,1,146.8,1.8,22440.3,25076.142,61661.958,23.23235079,0
1,,74471,,62146,3,0,55,70,75,,2,2,57.5,2,18645.3,40959.05,126628.25,47.70967416,1
2,,84605,,14672,10,0,37,95,73,,1,2,69.4,1.2,4406.6,16244.16,89688.44,33.791877,1
3,,89962,,31971,2,0,26,83,43,,2,3,54.4,2.2,9592.3,73229.068,134279.632,50.59248224,1
3,,79994,,95396,1,0,93,77,20,,3,1,44.5,2.6,28619.3,107111.966,129491.734,48.78854786,1
1,,95761,,58732,10,0,89,18,12,,3,0,12.6,2.4,17624.6,195352.44,52098.56,19.62915323,0
1,,48317,,90473,2,0,63,62,62,,2,3,49.6,2.2,27142.9,40393.012,93047.288,35.05738879,1
2,,34170,,13921,4,1,49,54,12,,1,2,79.6,1.2,4178.5,27472.68,17709.82,6.672521666,0
1,,95334,,58089,10,1,67,85,51,,1,1,124.8,1,17431.9,30506.88,82259.02,30.99269745,1
1,,73624,,63958,0,1,68,64,26,,2,0,107.8,1.6,19187.6,64789.12,72196.88,27.20158906,1
1,,55989,,23688,7,0,8,32,35,,3,3,26.5,3,7109.9,111698.055,63378.845,23.87922161,0
2,,69252,,96510,3,1,11,33,34,,2,0,37.7,1.6,28954.7,73684.128,66073.772,24.89458816,0
2,,51531,,29080,8,0,94,57,40,,2,3,40.5,2.2,8728,58384.623,63711.577,24.00458491,0
2,,22805,,91986,2,0,61,61,6,,2,0,32.3,1.6,27596.8,24264.52,39820.28,15.00307067,0
1,,68338,,71417,1,1,85,44,23,,2,0,113.9,1.6,21425.8,72711.632,58054.968,21.87334664,0
1,,49110,,67669,2,1,23,49,74,,1,3,69.7,1.4,20301.9,26470.29,62585.61,23.58035478,0
1,,36043,,6944,9,0,30,84,47,,2,1,56.1,1.8,2087.7,22382.703,44582.397,16.79729155,0
2,,26633,,50033,6,0,67,41,21,,3,0,26.8,2.4,15012.9,44104.248,34827.852,13.12207561,0
2,,19558,,45934,5,1,12,18,65,,3,3,40.5,3,13782.9,34324.29,38132.61,14.36720793,0
1,,7955,,63492,7,1,96,25,88,,2,0,134.9,1.6,19051.3,5536.68,26242.62,9.887421246,0
2,,86510,,71961,8,0,37,47,73,,3,0,45.4,2.4,21592.3,83049.6,146166.7,55.07116801,1
1,,23817,,5630,4,0,22,50,50,,3,1,40,2.6,1691,30962.1,32653.1,12.30269518,0
2,,32547,,64712,0,1,96,7,2,,1,3,100.1,1.4,19413.8,43515.339,21464.261,8.087080872,0
2,,14543,,95521,1,0,99,49,59,,3,2,42.2,2.8,28656.8,18731.384,50645.816,19.08180346,0
1,,95225,,14594,0,0,68,68,14,,1,1,38.2,1,4378.2,56182.75,43420.45,16.35950526,0
3,,36182,,64641,1,1,19,24,12,,1,0,34.6,0.8,19393,23735.392,24603.208,9.269740654,0
3,,39863,,3156,8,1,21,94,25,,2,2,75.5,2,951,32289.03,48387.97,18.23111574,0
3,,21451,,92846,6,0,37,53,47,,1,0,40.6,0.8,27856.8,8580.4,36437.2,13.728429,0
3,,20854,,247,7,1,39,54,9,,1,2,68.7,1.2,77.8,17141.988,7960.612,2.99931654,0
2,,87073,,12744,1,1,50,89,75,,1,3,117,1.4,3823.9,21942.396,103783.704,39.10254387,1
1,,13603,,13365,10,1,8,26,29,,3,0,29.7,2.4,4014.7,23669.22,12992.68,4.89524675,0
1,,8135,,6419,0,1,21,50,44,,2,3,59.2,2.2,1925.9,9485.41,10337.49,3.894851896,0
2,,22042,,9247,8,1,82,75,20,,3,3,125.5,3,2778.3,34716.15,34188.15,12.88105535,0
2,,56079,,42938,5,1,46,87,75,,2,0,112,1.6,12884.1,17048.016,85562.484,32.23734224,1
3,,54285,,85907,0,1,95,93,45,,3,2,155,2.8,25772.3,47119.38,130650.92,49.2252939,1
2,,41287,,73772,2,1,81,94,77,,2,1,151.1,1.8,22132.8,10775.907,85673.493,32.27916705,1
1,,88864,,53226,6,1,44,27,6,,3,2,59.3,2.8,15971,207764.032,57026.168,21.48572608,0
3,,58858,,37287,10,0,14,85,3,,2,2,43.4,2,11191.1,65920.96,62986.14,23.73126231,0
1,,1158,,38557,0,1,41,74,49,,2,2,92.7,2,11567.3,891.66,12991.64,4.89485491,0
3,,83831,,82863,0,1,98,31,84,,1,2,138.7,1.2,24859.1,42753.81,82702.49,31.15978346,1
2,,95258,,93343,7,1,31,58,67,,3,0,80.1,2.4,28006.6,85732.2,170893.6,64.38751205,2
1,,25982,,77823,3,0,12,32,7,,2,2,18.1,2,23348.4,41831.02,33481.38,12.6147659,0
1,,15084,,67390,10,1,62,68,24,,1,1,103.2,1,20222.2,8145.36,27160.84,10.23337862,0
3,,35132,,98812,0,1,95,40,69,,1,0,135.7,0.8,29643.8,12788.048,44961.352,16.94007028,0
1,,65286,,30692,9,1,87,37,76,,3,1,128.3,2.6,9212.3,73838.466,105117.434,39.60505278,1
2,,30542,,36575,6,0,61,22,96,,1,0,39.8,0.8,10975.5,10017.776,25391.324,9.566678799,0
1,,13567,,15830,7,1,10,27,6,,3,1,25.3,2.6,4752.7,29453.957,10572.943,3.983563427,0
3,,94565,,88967,0,0,86,44,37,,2,1,33.1,1.8,26690.1,101279.115,95627.985,36.02971695,1
2,,22443,,49294,6,0,58,99,92,,3,1,77.1,2.6,14791.2,2625.831,70517.169,26.56872503,1
1,,77035,,6923,10,0,91,73,54,,2,0,52.7,1.6,2081.9,44988.44,80349.46,30.27323331,1
3,,28059,,19576,2,1,80,50,93,,2,3,132.9,2.2,5874,17592.993,50010.807,18.84255138,0
3,,34677,,81632,0,0,96,90,32,,1,0,54.6,0.8,24489.6,10819.224,41411.976,15.60277333,0
3,,10125,,71931,4,0,89,18,11,,1,1,12.3,1,21581.3,8656.875,23049.425,8.684322467,0
3,,3929,,30915,8,1,82,22,99,,2,3,122.7,2.2,9278.7,3414.301,14508.199,5.466248226,0
3,,54975,,34901,4,1,68,55,74,,2,1,117.7,1.8,10472.5,35129.025,74298.475,27.99340616,1
1,,70333,,29435,5,0,74,23,78,,2,1,34.9,1.8,8833,62666.703,72765.697,27.41590201,1
2,,89042,,26116,2,0,31,92,62,,2,1,64.6,1.8,7835.8,36863.388,131248.012,49.45026001,1
2,,75929,,37633,1,0,88,92,47,,1,3,60.1,1.4,11290.4,32421.683,85169.317,32.08920887,1
2,,26424,,52222,2,1,35,72,45,,1,3,84.5,1.4,15667.8,15352.344,37309.056,14.05691783,0
3,,84758,,79720,8,1,74,97,91,,1,1,149.8,1,23920.2,5085.48,103592.72,39.03058691,1
2,,51573,,86694,9,0,40,66,4,,2,2,34.2,2,26012.7,67044.9,62113.8,23.40259112,0
2,,8511,,87014,8,0,79,45,68,,3,0,42.9,2.4,26108.2,8885.484,37649.116,14.1850421,0
1,,67483,,90817,1,1,3,61,49,,2,1,48.2,1.8,27245.8,54661.23,94053.97,35.43667596,1
3,,3573,,1930,1,1,80,8,51,,2,2,99.3,2,579.7,5037.93,2687.77,1.012670008,0
2,,45925,,71344,7,0,38,63,91,,2,1,58.8,1.8,21406.7,19012.95,85058.75,32.04755058,1
3,,83372,,95014,5,1,7,64,43,,3,1,51.9,2.6,28506.9,100796.748,144477.352,54.43467305,1
1,,99658,,43805,8,1,68,14,82,,1,1,99.6,1,13145.7,51822.16,60981.54,22.97598998,0
3,,59346,,51774,0,1,73,84,77,,2,3,138.1,2.2,15532.4,25459.434,120634.166,45.45128558,1
1,,82905,,99977,10,0,100,6,78,,1,0,26.4,0.8,29998.1,38467.92,57854.18,21.79769583,0
2,,80454,,7893,8,1,37,52,100,,2,0,93,1.6,2372.1,30894.336,100204.164,37.75388205,1
3,,53229,,6597,2,1,42,82,20,,3,2,89,2.8,1980.3,73030.188,77991.312,29.38475485,1
1,,46949,,74626,4,0,9,7,72,,2,1,25.1,1.8,22389.8,51127.461,55770.539,21.01264326,0
2,,96373,,79786,7,0,81,22,76,,2,2,33.8,2,23939.3,98300.46,118384.84,44.60380793,1
3,,67043,,89517,3,1,100,8,44,,3,2,117.2,2.8,26856.8,138913.096,75664.104,28.50793364,1
2,,30998,,16119,8,1,94,13,25,,3,2,108,2.8,4839.9,70303.464,21330.836,8.036810389,0
3,,54521,,91978,4,1,99,61,29,,2,2,138.2,2,27595.6,59973.1,76664.5,28.88485243,1
2,,61242,,10926,5,0,99,46,48,,2,3,37.4,2.2,3280.3,71408.172,66604.528,25.09456088,1
3,,73813,,96253,3,0,54,42,38,,1,3,32.4,1.4,28877.4,62002.92,70212.68,26.45400284,1
3,,82906,,49156,3,0,80,74,8,,2,2,39.4,2,14748.3,97829.08,82731.22,31.17060805,1
1,,13460,,10455,2,0,87,21,71,,3,1,31.8,2.6,3137.5,18897.84,19235.66,7.247411781,0
2,,40930,,41554,2,0,76,71,79,,2,1,59.2,1.8,12467.2,18418.5,67722.7,25.51585409,1
3,,2466,,24572,4,0,15,2,78,,3,2,24.4,2.8,7373.6,4142.88,10135.52,3.818755741,0
3,,37501,,77443,2,1,80,3,72,,3,1,103.1,2.6,23234.1,60939.125,59797.575,22.52990797,0
1,,53011,,86712,9,1,4,65,100,,2,0,66.5,1.6,26018.3,14843.08,95992.82,36.16717568,1
3,,67522,,84676,0,1,30,86,50,,2,3,88,2.2,25403,47535.488,126415.912,47.62967166,1
1,,62592,,54518,1,1,26,94,36,,1,1,83.8,1,16356.1,21907.2,57040.9,21.49127665,0
3,,7130,,95202,9,1,77,56,16,,2,2,109.8,2,28565.3,9126.4,33698.9,12.69672082,0
1,,48769,,82527,1,0,29,24,84,,1,0,37.2,0.8,24758.6,17946.992,45826.808,17.26614778,0
1,,79557,,39975,0,1,29,80,23,,2,3,75.9,2.2,11992.7,84887.319,102130.781,38.47977275,1
3,,63945,,66431,1,0,57,17,58,,2,2,25.9,2,19929.8,79931.25,67888.55,25.57834132,1
2,,96943,,35854,6,1,94,80,21,,3,3,140.3,3,10759.4,143960.355,157628.045,59.38945429,1
1,,94431,,29535,0,0,46,44,15,,1,1,26.5,1,8860.5,66573.855,36717.645,13.83409215,0
3,,11808,,26422,7,1,29,0,1,,3,0,29.3,2.4,7930.3,28197.504,8071.996,3.041282644,0
1,,25942,,25126,9,0,23,41,58,,3,1,37.9,2.6,7542.3,34061.846,40929.654,15.42104906,0
2,,8456,,74619,2,0,43,24,0,,3,0,12,2.4,22386.7,17859.072,24822.028,9.352185377,0
2,,2491,,76201,1,0,25,13,15,,1,3,11,1.4,22860.8,2999.164,23349.036,8.797206781,0
2,,56368,,78976,5,1,75,36,8,,1,1,95.4,1,23695.5,43967.04,36096.46,13.60004853,0
2,,14628,,7515,0,0,49,2,21,,3,3,7.3,3,2254.5,38837.34,7301.16,2.750855079,0
1,,64090,,17258,2,1,100,71,31,,3,1,144.8,2.6,5178.6,81650.66,90161.94,33.9702774,1
3,,42461,,8650,9,0,8,16,80,,3,3,32,3,2599.5,66239.16,63743.34,24.01655224,0
2,,6551,,79757,8,0,32,70,18,,1,0,40.4,0.8,23931.1,2934.848,26237.052,9.885323393,0
3,,88803,,10711,10,0,71,60,55,,1,3,46.5,1.4,3218.3,52837.785,74704.715,28.14646503,1
2,,69245,,57435,0,0,76,56,42,,3,3,40.6,3,17230.5,105944.85,119020.65,44.84336181,1
1,,14695,,69738,8,0,97,66,33,,2,3,42.9,2.2,20925.4,16326.145,36928.255,13.91344359,0
3,,13427,,89242,10,1,93,46,92,,2,3,143.6,2.2,26777.8,9157.214,47159.986,17.76844871,0
2,,1800,,18145,9,1,99,74,5,,3,2,137.5,2.8,5448.2,3049.2,7439,2.802788999,0
1,,14222,,32874,2,1,41,81,40,,3,1,93.5,2.6,9863.4,14605.994,32234.606,12.14501937,0
2,,50187,,72464,6,0,12,94,7,,2,1,49.1,1.8,21742.2,44716.617,67362.183,25.38002224,1
3,,10437,,87553,9,1,32,90,96,,3,1,105.8,2.6,26270.6,1899.534,51507.266,19.40637163,0
3,,96818,,72725,3,0,43,14,77,,2,0,30.1,1.6,21819,84425.296,92302.504,34.77677683,1
1,,87933,,56680,6,0,74,85,5,,3,3,44,3,17007,145089.45,135716.55,51.13386925,1
2,,84516,,74982,0,0,62,99,88,,1,1,75.9,1,22494.6,5493.54,101517.06,38.24854134,1
2,,51446,,68763,9,0,68,61,27,,2,3,38.6,2.2,20633.4,63381.472,70433.128,26.53706094,1
2,,15398,,63340,10,0,99,64,69,,2,1,52.7,1.8,19007,9284.994,37438.406,14.10565298,0
1,,90045,,86445,1,1,3,3,23,,3,3,11.4,3,25934.2,235017.45,61051.75,23.00244297,0
2,,62090,,9425,3,0,13,8,34,,2,1,14.2,1.8,2829,88291.98,26299.02,9.908671051,0
3,,7154,,58638,7,0,8,85,13,,3,1,46.4,2.6,17594.9,9486.204,26709.096,10.06317522,0
2,,60732,,68260,10,0,5,17,45,,3,3,22,3,20483,125715.24,76963.76,28.9976045,1
2,,77945,,92108,0,0,56,47,25,,1,0,31,0.8,27632.4,39907.84,50080.56,18.86883219,0
2,,42756,,63347,0,1,36,44,77,,2,1,81.1,1.8,19004.3,30399.516,65565.584,24.70311837,0
3,,65612,,65588,10,1,87,64,37,,3,2,130.1,2.8,19681.6,90938.232,112456.968,42.37036602,1
2,,44534,,88423,7,0,32,34,26,,2,1,24.8,1.8,26530.4,56112.84,50578.76,19.0565388,0
2,,83009,,30129,3,0,93,99,15,,1,0,54,0.8,9040.2,28555.096,46892.304,17.66759427,0
3,,17099,,93815,2,1,1,24,56,,2,0,29.8,1.6,28145.7,16415.04,39089.06,14.72756921,0
3,,99355,,75041,8,1,10,8,40,,3,2,26,2.8,22516.5,211427.44,89283.06,33.63914214,1
3,,70183,,75948,7,1,21,0,33,,1,2,30.9,1.2,22788.1,70323.366,36684.334,13.82154158,0
1,,43906,,78357,6,1,79,4,84,,1,2,106.2,1.2,23510.3,29504.832,46692.668,17.5923775,0
2,,93190,,15462,10,0,69,8,43,,2,2,16.9,2,4643.6,138853.1,52170.5,19.65625803,0
1,,6608,,69060,6,1,7,17,3,,3,1,16.4,2.6,20721.2,15462.72,22439.28,8.454438383,0
1,,20822,,7130,7,1,13,69,89,,1,0,74.2,0.8,2142.7,3498.096,15302.204,5.765405167,0
3,,24081,,72026,7,0,92,86,2,,1,1,43.6,1,21611.3,13485.36,32206.94,12.13459566,0
2,,44065,,25335,10,0,46,66,18,,1,1,38.4,1,7605.5,25557.7,26112.8,9.838509017,0
3,,13924,,57760,4,0,37,85,78,,2,3,65.9,2.2,17330,5667.068,42295.732,15.93574571,0
3,,79534,,94379,7,1,53,60,69,,1,1,103.7,1,28317.4,28234.57,79616.83,29.9972006,1
1,,46978,,95519,3,0,28,91,0,,3,2,45.5,2.8,28657.2,71688.428,88507.172,33.34681114,1
1,,88891,,93079,1,1,45,64,78,,3,1,100.4,2.6,27924.4,67023.814,192017.186,72.34623694,2
1,,20599,,93941,0,1,92,34,49,,2,2,123.7,2,28182.5,24100.83,45279.67,17.06000282,0
3,,13297,,96172,9,1,77,54,12,,1,3,107.6,1.4,28856.3,12472.586,34999.514,13.18675263,0
1,,25465,,31446,8,1,58,10,67,,1,0,83.1,0.8,9438,12528.78,17281.22,6.511038219,0
1,,75384,,39902,6,1,45,70,56,,1,2,96.8,1.2,11973.8,33470.496,68964.104,25.98357737,1
1,,95851,,6883,9,0,80,4,40,,1,3,14,1.4,2069.4,104669.292,31591.508,11.9027196,0
1,,86071,,176,1,1,63,79,37,,1,2,113.6,1.2,53.5,43379.784,59958.916,22.59069635,0
1,,63147,,80730,2,1,79,88,28,,2,0,131.4,1.6,24220.2,42434.784,82820.616,31.20428975,1
3,,23186,,67573,4,0,88,1,0,,1,0,0.5,0.8,20273.9,18456.056,20366.644,7.673532162,0
3,,49283,,83667,8,1,47,39,30,,2,2,75.5,2,25104.3,64560.73,59109.57,22.27068861,0
2,,75283,,24465,7,1,8,87,21,,1,2,57.8,1.2,7343.2,41556.216,56126.584,21.14679019,0
2,,49657,,84924,8,0,91,37,38,,2,2,29.9,2,25481.2,62071.25,62723.95,23.63247709,0
1,,56723,,47641,5,0,53,9,67,,1,2,24.6,1.2,14294.8,42201.912,40160.488,15.1312507,0
1,,70858,,88097,2,1,65,84,83,,1,0,131.9,0.8,26430.3,9353.256,73763.444,27.79182274,1
3,,23897,,48173,2,0,95,73,31,,3,1,45.8,2.6,14452.9,29823.456,46761.644,17.61836556,0
3,,51043,,98171,4,1,0,20,15,,1,0,14.5,0.8,29453.5,33688.38,36599.52,13.78958624,0
1,,77245,,69073,3,0,41,46,20,,1,0,29,0.8,20723.4,41403.32,41116.08,15.49128871,0
3,,15402,,13406,2,1,70,60,54,,2,2,116.2,2,4023,13245.72,21581.28,8.131170073,0
3,,26097,,4094,8,0,29,11,73,,2,0,27.4,1.6,1232.2,24218.016,18769.384,7.071733163,0
2,,34857,,76208,9,1,34,56,9,,3,1,64.7,2.6,22867.1,61174.035,52321.265,19.7130617,0
3,,65659,,45372,1,0,54,62,51,,3,0,46.3,2.4,13612.1,68547.996,102645.704,38.67378008,1
2,,5800,,1335,8,1,7,30,86,,1,2,47.8,1.2,404.7,2923.2,4441.5,1.673422145,0
2,,16428,,3252,1,0,94,87,31,,2,3,52.8,2.2,976.1,14818.056,22299.644,8.401827785,0
1,,58282,,83935,10,0,36,95,93,,3,1,75.4,2.6,25185.5,9091.992,167626.708,63.15664648,2
1,,94884,,95942,5,1,68,82,4,,1,3,110.2,1.4,28785.3,75717.432,85905.468,32.36656818,1
2,,4597,,65654,9,0,50,7,34,,3,2,13.7,2.8,19700.7,10232.922,22339.378,8.416798348,0
3,,7375,,75603,4,1,28,25,83,,2,3,65.4,2.2,22683.1,7463.5,31444.6,11.84736913,0
3,,34874,,95464,4,1,74,69,97,,2,3,137.6,2.2,28641.4,13042.876,92321.324,34.78386763,1
1,,53711,,72671,10,0,34,94,89,,3,2,73.7,2.8,21806.3,12783.218,159413.882,60.06230337,2
3,,67944,,70347,2,1,77,50,98,,1,0,131.4,0.8,21105.3,14132.352,61328.148,23.10658134,0
1,,66229,,57180,2,1,56,10,28,,3,2,69.4,2.8,17155.2,150207.372,52389.028,19.73859274,0
3,,6662,,58868,3,0,25,89,54,,3,1,60.7,2.6,17661.9,4936.542,30046.558,11.32062942,0
2,,59297,,8722,10,0,6,40,47,,1,2,34.1,1.2,2621.6,40203.366,33574.634,12.64990117,0
2,,25454,,33265,5,0,26,41,91,,1,1,47.8,1,9982,8654.36,26781.64,10.09050759,0
3,,73602,,37442,3,1,87,95,63,,2,1,153.4,1.8,11234.3,27821.556,115896.344,43.66621831,1
2,,67593,,89602,1,0,69,70,24,,1,0,42.2,0.8,26881.1,28659.432,52296.068,19.70356823,0
3,,65383,,83126,9,1,54,98,45,,2,3,116.5,2.2,24942.5,40995.141,127789.959,48.14737079,1
2,,13817,,94043,10,1,68,100,84,,3,1,143.2,2.6,28218.1,2873.936,61268.364,23.08405654,0
3,,43196,,77970,6,0,51,10,62,,2,3,23.6,2.2,23394,60819.968,57605.232,21.70389979,0
3,,87522,,86848,9,1,54,11,38,,2,0,70.9,1.6,26059.1,105726.576,60367.724,22.74472278,0
2,,46603,,80964,2,1,56,37,1,,3,3,74.8,3,24290.4,113245.29,50854.11,19.16028231,0
2,,46136,,49151,4,0,69,8,32,,1,2,13.6,1.2,14747.3,44290.56,25819.94,9.728168274,0
2,,81872,,76820,1,0,83,86,41,,3,0,55.3,2.4,23046.5,71719.872,147819.428,55.69386566,1
2,,94561,,20245,9,1,17,89,52,,3,3,77.1,3,6078.2,83686.485,206074.715,77.64268641,2
1,,13502,,46578,8,1,21,59,71,,2,2,71.8,2,13977.6,9451.4,31530.2,11.87962061,0
1,,66624,,58186,9,0,85,53,28,,3,2,34.9,2.8,17460.3,110995.584,93011.916,35.0440617,1
1,,49156,,68564,6,0,51,14,56,,1,3,23.8,1.4,20572.2,44731.96,44658.64,16.8260176,0
1,,52092,,54048,3,0,36,94,74,,2,3,69.2,2.2,16215.9,18336.384,112481.916,42.37976566,1
2,,61453,,84596,5,1,76,6,40,,1,2,91,1.2,25381.5,56782.572,42342.528,15.95337702,0
2,,50538,,82510,6,1,2,0,10,,2,0,5,1.6,24756.2,76817.76,28799.24,10.85067792,0
1,,31256,,73169,0,0,15,30,52,,2,2,30.6,2,21950.7,36882.08,47580.62,17.92693081,0
3,,73596,,53960,5,0,78,99,10,,3,2,52.5,2.8,16190.5,93761.304,128497.996,48.4141376,1
2,,2259,,79771,1,1,14,4,24,,3,1,23.2,2.6,23932,5051.124,24754.276,9.326658483,0
3,,89038,,46066,10,1,42,85,49,,2,0,99.2,1.6,13825,47012.064,109273.736,41.17102099,1
2,,79296,,49782,1,1,37,49,59,,2,1,79.2,1.8,14935.3,65657.088,92011.012,34.6669515,1
1,,54963,,80197,6,0,71,14,37,,2,0,18.1,1.6,24062.1,65515.896,46487.004,17.51488956,0
1,,46254,,35499,9,0,59,84,84,,3,3,67.2,3,10654.2,22201.92,127214.28,47.93047245,1
2,,15149,,66926,1,0,53,25,71,,1,3,33.8,1.4,20078.3,11028.472,30258.428,11.40045559,0
3,,68615,,88227,4,0,100,58,30,,3,3,38,3,26470.1,115273.2,117041.9,44.09782898,1
3,,81617,,16148,8,1,73,85,26,,2,1,123.3,1.8,4848.6,65375.217,86383.983,32.54685808,1
2,,41127,,15345,7,1,89,13,27,,3,0,103.6,2.4,4607.2,78963.84,24348.16,9.173646323,0
2,,56817,,94983,3,0,67,65,74,,1,3,54.7,1.4,28496.4,24260.859,83779.341,31.56550818,1
1,,75606,,26478,10,1,0,25,3,,1,1,13.4,1,7948.6,65021.16,18533.44,6.982836638,0
2,,59140,,97878,3,0,8,3,68,,3,1,21.9,2.6,29364.9,99177.78,83951.12,31.63022928,1
3,,3168,,92756,7,1,47,79,24,,3,2,93.7,2.8,27830.5,4302.144,32398.756,12.2068661,0
1,,80001,,91525,7,0,90,47,59,,1,1,41.2,1,27461,37600.47,69861.53,26.3217002,1
2,,10282,,40153,2,1,96,21,34,,3,0,116.7,2.4,12047.1,17890.68,18833.22,7.095784626,0
3,,78136,,81774,1,1,71,69,92,,2,1,133.1,1.8,24532.9,27425.736,137751.964,51.90075135,1
3,,49398,,18455,4,0,4,38,6,,3,3,20.8,3,5538.5,115591.32,38141.18,14.37043685,0
3,,68315,,62805,5,1,47,22,20,,2,2,64,2,18844.2,107937.7,47536.5,17.91030774,0
1,,83956,,13508,7,0,11,12,59,,1,3,23.7,1.4,4055.9,75812.268,45782.032,17.24927754,0
3,,39284,,39147,10,0,53,77,6,,3,3,40.3,3,11749.1,68943.42,60657.68,22.85396938,0
3,,44140,,59129,9,0,19,46,73,,2,2,44.9,2,17743.2,35753.4,70269.8,26.47552392,1
1,,15341,,73462,3,0,82,96,19,,1,3,53.7,1.4,22040.1,9127.895,34389.605,12.95695746,0
3,,34975,,13416,2,0,55,54,54,,1,0,43.2,0.8,4025.8,12870.8,19135,7.209486154,0
3,,89704,,44450,2,0,83,82,57,,2,2,58.1,2,13336,54719.44,138024.56,52.00345724,1
2,,45836,,25674,3,0,44,74,33,,3,1,46.9,2.6,7703.7,55415.724,71461.576,26.92454887,1
1,,34201,,1126,0,0,26,87,6,,1,0,45.3,0.8,337.8,14638.028,13060.572,4.920826391,0
3,,20699,,97099,1,0,69,0,0,,3,0,0,2.4,29130.2,49677.6,29130.2,10.97537359,0
3,,28143,,82721,10,1,74,67,46,,1,3,121.3,1.4,24821.5,17139.087,47082.613,17.73929692,0
1,,41648,,80431,6,1,31,97,76,,1,3,102.3,1.4,24132.5,7871.472,74568.228,28.09504088,1
2,,28641,,21346,10,1,73,92,73,,2,0,140.9,1.6,6409,8019.48,44215.12,16.65891275,0
2,,62267,,80024,4,0,39,17,36,,1,1,19.3,1,24009.2,45766.245,40509.955,15.26291924,0
3,,6762,,55677,8,0,76,51,38,,2,1,36.9,1.8,16707.1,6755.238,22123.462,8.335447764,0
3,,34456,,23534,2,0,34,70,32,,3,0,44.6,2.4,7061.2,40520.256,49235.344,18.5503805,0
3,,13934,,888,7,0,29,41,57,,2,0,37.6,1.6,269.9,11370.144,11194.156,4.217617595,0
1,,86180,,4693,9,0,4,97,30,,2,0,57.5,1.6,1412.4,50329.12,88971.28,33.52167292,1
3,,82501,,85909,7,1,75,7,48,,2,1,92.9,1.8,25776.4,107663.805,66614.395,25.09827846,1
2,,85177,,96625,3,1,4,14,50,,3,2,26,2.8,28989.2,162177.008,105307.792,39.67677389,1
3,,68657,,54133,8,0,48,55,17,,1,3,32.6,1.4,16243.9,61516.672,50847.028,19.15761402,0
3,,42909,,21848,10,0,64,71,31,,2,0,44.8,1.6,6559.4,33640.656,41573.144,15.66349653,0
2,,42794,,75322,5,1,31,15,2,,1,3,39.1,1.4,22599.3,54819.114,27691.786,10.43342293,0
1,,8906,,38121,2,0,12,48,23,,3,0,30.9,2.4,11437.3,13786.488,19025.212,7.168121374,0
3,,30162,,31118,3,1,19,58,20,,3,3,54,3,9337.1,55196.46,44626.64,16.81396097,0
1,,31761,,13129,4,0,75,97,43,,3,2,61.4,2.8,3940.7,26679.24,66192.26,24.93923083,0
1,,84007,,79760,6,0,30,31,78,,2,3,38.9,2.2,23931,84091.007,124655.393,46.96636163,1
2,,34171,,87180,1,1,40,56,46,,2,1,81.8,1.8,26154.7,30138.822,57523.678,21.67317272,0
1,,80974,,5196,6,0,18,86,49,,1,2,57.7,1.2,1561.8,31579.86,67150.74,25.30035695,1
1,,92826,,29924,9,0,43,21,52,,3,2,26.1,2.8,8981.7,165044.628,103849.872,39.12747396,1
2,,57714,,99589,1,1,86,5,64,,2,1,107.7,1.8,29877.4,68044.806,65717.794,24.76046647,0
1,,8110,,95934,7,0,88,90,52,,2,3,60.6,2.2,28783.7,5174.18,41451.52,15.6176723,0
2,,37319,,31115,5,1,6,50,76,,3,2,53.8,2.8,9337.2,38662.484,75167.916,28.32098509,1
2,,84294,,26709,5,1,55,23,12,,3,3,70.1,3,8015.4,208627.65,52269.75,19.69365241,0
1,,5796,,45223,7,1,57,53,37,,3,3,94.6,3,13570.6,9563.4,21395.2,8.061060787,0
3,,61205,,44305,2,0,100,100,29,,2,3,58.7,2.2,13292.5,47801.105,100142.395,37.73060936,1
2,,6219,,22194,6,1,87,34,77,,2,3,127.1,2.2,6661.4,6088.401,14254.799,5.370774812,0
1,,32048,,14871,3,0,24,18,2,,1,3,9.6,1.4,4462.8,40380.48,8949.52,3.371907004,0
3,,82026,,94052,7,1,48,33,48,,1,3,78.9,1.4,28219.3,68327.658,74728.042,28.15525394,1
1,,18145,,59654,5,0,79,26,93,,3,3,40.9,3,17898.7,22046.175,50287.525,18.94681031,0
1,,88131,,85223,5,0,64,89,55,,2,0,61,1.6,25569.4,39482.688,127096.312,47.88602569,1
1,,93329,,30369,6,1,18,4,31,,3,2,29.3,2.8,9113.9,215589.99,54845.11,20.66396975,0
1,,49393,,85106,5,1,30,15,79,,3,1,61.2,2.6,25534.5,68063.554,85892.746,32.36177492,1
3,,94661,,39769,4,0,69,9,67,,2,2,24.6,2,11932.7,117379.64,83875.06,31.60157218,1
1,,93756,,62197,7,0,61,56,97,,2,2,57.1,2,18662.6,44065.32,162109.28,61.07784738,2
3,,99160,,10728,5,0,27,30,93,,2,0,42.9,1.6,3220.9,61082.56,100794.34,37.97624242,1
1,,56779,,3165,2,1,68,79,34,,3,3,117.7,3,950.7,74096.595,97191.105,36.61865303,1
3,,28893,,50155,9,0,82,55,52,,2,1,43.1,1.8,15051,24183.441,42874.959,16.15398083,0
3,,68682,,20812,4,1,99,98,61,,2,2,166.3,2,6245.8,28159.62,115450.18,43.49811728,1
3,,11929,,50850,8,1,83,11,5,,2,3,90,2.2,15259.2,24144.296,17358.704,6.540231834,0
2,,13115,,82878,8,1,79,90,62,,3,3,142.6,3,24867.6,9442.8,54769.8,20.63559523,0
2,,58040,,30269,6,0,18,46,29,,2,1,31.7,1.8,9083.7,65295,48260.7,18.18316428,0
1,,64977,,76657,6,1,63,95,8,,3,1,112.9,2.6,23000.3,81935.997,110004.503,41.44635178,1
3,,45355,,85701,7,0,64,62,84,,3,2,56.2,2.8,25713.8,34288.38,118419.42,44.61683663,1
2,,87817,,11894,9,1,45,32,64,,1,0,80.2,0.8,3572.9,36531.872,37294.628,14.0514818,0
3,,86141,,29171,10,0,73,67,6,,1,1,35.3,1,8756.3,54699.535,40197.765,15.14529554,0
2,,77758,,80050,3,0,76,18,41,,2,2,21.3,2,24016.5,109638.78,69893.72,26.33382841,1
1,,44926,,33204,0,1,30,23,58,,2,1,58.9,1.8,9961.4,48115.746,42712.454,16.09275389,0
1,,10222,,7207,10,1,6,32,66,,1,2,41.8,1.2,2167.3,6255.864,8177.836,3.081159938,0
1,,4438,,14628,5,1,38,84,53,,2,3,95.9,2.2,4391.1,3075.534,11079.166,4.17429286,0
3,,91854,,27846,4,0,61,52,93,,1,0,53.9,0.8,8355.8,20207.88,61631.12,23.22073197,0
1,,30939,,88747,10,0,11,99,100,,2,3,79.5,2.2,26629.1,340.329,94354.571,35.54993327,1
3,,92610,,54764,9,1,31,35,53,,1,3,64.4,1.4,16433.9,72606.24,73481.66,27.6856551,1
1,,18379,,39319,10,0,100,13,22,,1,3,13.1,1.4,11800.7,21227.745,16303.555,6.142683775,0
1,,24680,,75992,6,1,91,93,0,,2,0,137.5,1.6,22800.8,21126.08,41162.72,15.50886124,0
1,,30186,,79678,4,1,22,4,100,,2,0,54,1.6,23905.6,23182.848,49020.352,18.46937805,0
3,,37494,,43693,5,0,63,68,54,,3,2,50.2,2.8,13110.4,40943.448,77150.152,29.06783134,1
3,,99983,,81867,8,1,50,51,10,,2,2,78.5,2,24564.3,138976.37,85553.93,32.23411935,1
1,,37253,,74368,8,0,26,60,12,,3,0,33.6,2.4,22314.4,57220.608,54500.992,20.53431655,0
3,,68054,,31465,5,0,40,97,64,,2,3,67.7,2.2,9442,29195.166,129965.634,48.96709897,1
3,,66693,,94143,10,0,83,21,13,,3,2,14.4,2.8,28247.9,154994.532,59993.768,22.60382753,0
3,,25915,,49007,6,0,58,15,56,,3,2,24.3,2.8,14705.1,46802.49,40464.61,15.24583462,0
3,,44164,,12131,7,1,20,59,14,,1,2,53.7,1.2,3643,33652.968,22986.832,8.660739327,0
3,,87906,,73436,3,1,24,95,97,,1,0,100.6,0.8,22032.5,2812.992,89544.308,33.73757244,1
1,,22424,,40851,7,0,39,72,70,,1,1,57,1,12258.8,6502.96,28179.84,10.61730684,0
1,,26469,,32561,2,0,99,87,67,,1,3,63.6,1.4,9769.3,8523.018,38302.882,14.43136125,0
1,,93587,,84822,3,1,74,90,72,,2,2,140.6,2,25448.3,35563.06,177059.24,66.71053772,2
2,,65067,,86428,6,1,80,30,19,,2,0,100.7,1.6,25931.6,78600.936,51437.864,19.38022306,0
1,,3042,,52659,6,1,5,19,1,,3,1,14.8,2.6,15800.9,7118.28,16591.82,6.251293262,0
1,,64559,,50780,2,1,27,72,73,,3,2,84.9,2.8,15235.2,49710.43,146289.97,55.1176124,1
1,,77666,,43743,3,0,38,93,92,,1,3,74.1,1.4,13124.4,8154.93,113701.87,42.83940724,1
3,,31474,,82462,10,0,43,58,50,,1,2,44,1.2,24743.6,17373.648,45138.752,17.0069092,0
3,,8029,,85583,1,0,49,85,69,,1,0,63.2,0.8,25675.4,1477.336,30621.264,11.53716116,0
2,,98550,,80969,9,1,24,88,85,,1,3,93.5,1.4,24295.4,18625.95,143639.45,54.11897706,1
2,,95988,,71146,8,0,78,26,28,,3,2,21.4,2.8,21347.8,196199.472,93914.728,35.38421381,1
1,,33517,,59500,5,1,97,59,61,,2,1,144.8,1.8,17852.7,24132.24,54051.06,20.36479585,0
2,,35874,,19468,0,0,39,9,66,,3,1,24.3,2.6,5840.4,58295.25,40817.55,15.37881168,0
1,,85671,,96163,8,1,14,50,76,,3,1,61.8,2.6,28853.1,82415.502,169182.198,63.74270781,2
2,,55326,,46806,2,0,37,7,69,,2,1,24.2,1.8,14042.8,61743.816,51885.784,19.5489857,0
1,,67854,,51606,4,1,34,25,34,,2,1,56.7,1.8,15484,86106.726,51514.474,19.40908738,0
2,,87720,,34839,4,0,24,13,13,,2,1,10.4,1.8,10453.7,137369.52,30980.18,11.6723898,0
3,,25231,,55509,0,1,21,38,61,,1,3,58.3,1.4,16652.9,17838.317,34137.983,12.86215395,0
3,,35422,,93799,9,1,0,59,13,,1,1,33.4,1,28144.4,22670.08,40896.32,15.40848982,0
3,,44923,,96322,9,0,62,81,2,,3,0,41.1,2.4,28901.1,63071.892,73644.408,27.7469736,1
2,,74701,,4510,3,0,15,61,35,,2,0,41,1.6,1354.5,62151.232,58724.868,22.12574459,0
2,,67993,,98603,8,0,22,64,58,,1,0,49.4,0.8,29584.9,21213.816,62765.484,23.64812584,0
2,,3467,,488,3,0,9,26,86,,2,0,38.8,1.6,147.9,2440.768,3254.332,1.226133342,0
1,,89022,,47437,4,0,7,85,47,,3,3,56.6,3,14233.1,90802.44,190496.66,71.77334898,2
3,,2875,,58738,7,1,73,54,37,,3,1,111.1,2.6,17625.1,4073.875,21026.225,7.922042227,0
3,,67825,,58992,1,1,46,51,18,,2,0,76.9,1.6,17698.3,71080.6,55137.7,20.77420877,0
2,,9384,,1415,9,0,13,42,33,,2,1,30.9,1.8,429,10557,6763.2,2.548168109,0
3,,7941,,36265,0,0,66,59,80,,3,0,53.5,2.4,10879.5,5812.812,24125.088,9.089599577,0
1,,95529,,16134,9,1,53,11,98,,1,3,87.9,1.4,4844.9,60851.973,77733.527,29.2876293,1
3,,32876,,59869,5,1,5,3,56,,1,0,23.3,0.8,17963.4,18542.064,25722.136,9.691318701,0
1,,84755,,93327,0,1,22,87,70,,2,0,86.5,1.6,27998.3,29155.72,134450.58,50.65689025,1
3,,15928,,54064,8,1,96,25,61,,3,2,126.8,2.8,16223.4,25421.088,35400.712,13.33791184,0
1,,54880,,44082,1,1,40,18,84,,1,3,74.2,1.4,13225.3,37647.68,52409.62,19.74635117,0
2,,68593,,54658,9,1,79,0,75,,3,3,101.5,3,16402.1,128611.875,93569.225,35.25403878,1
1,,96332,,28551,0,1,30,87,70,,3,2,94.5,2.8,8565.5,57991.864,220303.236,83.00356047,2
3,,23398,,82190,9,0,84,89,89,,1,2,71.2,1.2,24661.5,3088.536,49650.564,18.70682277,0
3,,8880,,3117,10,0,77,93,93,,2,2,74.4,2,940.1,1243.2,17456.9,6.577229101,0
3,,67858,,14826,2,0,95,46,39,,2,1,34.7,1.8,4448.8,70233.03,56360.17,21.23479829,0
1,,7745,,58026,9,0,91,6,39,,1,0,14.7,0.8,17412.3,4801.9,18806.4,7.085679666,0
3,,40081,,81921,3,0,17,37,45,,1,3,32,1.4,24577.8,33106.906,47584.294,17.92831506,0
1,,34636,,27453,4,1,93,36,38,,1,0,122.4,0.8,8238.1,17456.544,18490.356,6.966603897,0
3,,91573,,92058,5,0,21,96,58,,1,3,65.4,1.4,27619.9,29486.506,126335.594,47.59941028,1
2,,99066,,12347,0,0,9,79,88,,1,3,65.9,1.4,3704.1,22884.246,119512.254,45.02858325,1
1,,76199,,14699,4,1,24,26,25,,2,0,44.5,1.6,4411.9,90829.208,35501.092,13.37573197,0
2,,68869,,50668,2,0,32,59,41,,2,1,41.8,1.8,15201.4,61982.1,77183.5,29.08039585,1
1,,28588,,59017,0,1,68,62,91,,1,0,126.3,0.8,17705.3,5374.544,35201.156,13.2627252,0
2,,51795,,40900,4,1,79,30,95,,1,3,122.5,1.4,12272.2,27192.375,57592.825,21.69922521,0
3,,96492,,65555,0,0,95,43,6,,2,1,23.3,1.8,19666.5,131132.628,62219.472,23.44240512,0
3,,88112,,1378,6,1,2,95,46,,3,1,63.3,2.6,416.6,67581.904,161925.896,61.00875386,2
3,,69696,,12127,0,0,60,68,7,,2,2,36.1,2,3638.1,87120,55910.1,21.0652256,0
3,,44943,,78987,2,1,79,21,58,,2,2,106.9,2,23697.3,54381.03,59202.27,22.30561515,0
3,,86236,,26929,9,0,31,36,4,,1,3,19.2,1.4,8083.2,96584.32,32229.28,12.14301269,0
1,,3061,,81041,10,1,33,14,80,,1,0,64,0.8,24317.5,1297.864,25468.436,9.595732255,0
2,,22883,,80938,1,1,48,73,19,,2,1,90.2,1.8,24282.1,22242.276,43229.224,16.28745711,0
2,,6692,,58653,8,0,14,63,42,,3,2,44.1,2.8,17599.9,8900.36,27437.14,10.33748006,0
1,,3455,,38238,3,1,37,15,40,,2,2,56.5,2,11473.1,5009.75,13373.35,5.038671631,0
3,,28757,,70222,6,1,2,23,51,,3,3,28.8,3,21069.8,54350.73,52990.07,19.96504708,0
2,,13395,,29766,6,1,82,6,68,,1,1,105.4,1,8933,8438.85,13889.15,5.233009387,0
2,,46336,,94653,0,1,13,84,88,,3,1,81.4,2.6,28396.1,16866.304,132003.396,49.73486573,1
2,,85081,,20474,3,0,74,29,40,,1,1,26.5,1,6143.7,55728.055,35496.645,13.37405647,0
2,,62259,,90106,7,0,87,79,38,,1,3,50.9,1.4,27035.3,36172.479,78025.421,29.39760608,1
2,,94116,,97420,6,0,93,16,72,,1,1,29.6,1,29229,52704.96,70640.04,26.61501909,1
3,,81082,,10040,5,1,22,31,40,,3,2,49.5,2.8,3014.7,146434.092,83610.208,31.501784,1
2,,22435,,57112,4,1,62,75,31,,2,2,108.8,2,17135.8,21088.9,40916.9,15.41624374,0
3,,17124,,22978,4,1,9,4,25,,3,2,18.5,2.8,6895.6,40994.856,13847.944,5.217484219,0
1,,14426,,13020,5,0,65,76,46,,3,0,51.8,2.4,3908.5,13502.736,25028.164,9.429851153,0
3,,92834,,97320,6,0,91,39,67,,2,2,39.6,2,29199,87263.96,127603.04,48.07694539,1
3,,33931,,66711,10,1,63,68,88,,1,2,123.4,1.2,20018.5,8957.784,51777.916,19.50834432,0
1,,8222,,80247,6,1,63,84,54,,3,0,121.2,2.4,24077.3,6117.168,37692.932,14.20155063,0
3,,71135,,73778,9,1,82,56,49,,3,0,124.7,2.4,22138.1,81093.9,111768.2,42.11085918,1
3,,10669,,19600,2,0,71,72,79,,2,2,59.7,2,5881,5227.81,21991.19,8.285611697,0
1,,96277,,70644,5,1,89,44,34,,2,3,121.2,2.2,21195.9,129203.734,103801.566,39.10927373,1
2,,77910,,89951,9,0,40,37,71,,2,1,39.8,1.8,26989.8,64509.48,102718.32,38.70113958,1
1,,92693,,50358,2,1,31,8,77,,3,0,58.1,2.4,15108.6,127916.34,109655.46,41.31484299,1
3,,8976,,33168,1,0,53,73,3,,2,3,37.4,2.2,9950.9,12243.264,17454.836,6.576451448,0
2,,80840,,59620,10,0,21,10,23,,1,2,11.9,1.2,17891,81001.68,33897.32,12.77147945,0
2,,74939,,68789,9,0,60,71,88,,1,3,61.9,1.4,20641.2,21507.493,104048.307,39.20223824,1
3,,37903,,28927,10,0,57,66,30,,3,2,42,2.8,8683.1,55186.768,59624.732,22.46478598,0
2,,21072,,60679,7,0,35,76,56,,2,0,54.8,1.6,18207.2,11463.168,40459.232,15.24380836,0
1,,8783,,74654,6,1,53,24,24,,1,0,72.2,0.8,22399.4,5340.064,24085.736,9.07477294,0
1,,93580,,85347,10,0,72,33,58,,3,0,33.9,2.4,25609.1,122402.64,127798.46,48.15057371,1
2,,35057,,39993,4,0,51,8,19,,3,3,9.7,3,11999.9,90972.915,26197.985,9.870604135,0
2,,81547,,49924,8,0,89,32,44,,3,3,29.2,3,14981.2,151677.42,107944.78,40.67031078,1
2,,13049,,40374,3,0,58,36,64,,3,2,37.2,2.8,12113.7,18268.6,30382.3,11.44712679,0
1,,95417,,3467,4,1,41,8,49,,1,0,59.7,0.8,1042.3,54578.524,22797.376,8.589358068,0
1,,90164,,62002,7,0,86,25,26,,3,1,20.3,2.6,18604.1,174647.668,78382.832,29.53226768,1
2,,38844,,13466,6,0,16,55,52,,1,0,43.1,0.8,4042.8,14449.968,20668.032,7.787085996,0
1,,82669,,90396,0,0,15,48,65,,2,0,43.5,1.6,27118.8,57537.624,101851.576,38.37457679,1
3,,98460,,32810,2,0,72,79,98,,2,3,68.9,2.2,9844,24910.38,201545.62,75.93626113,2
2,,45710,,68073,1,1,89,1,38,,2,2,100.9,2,20422.6,73593.1,38249.5,14.41124853,0
3,,76093,,51900,4,0,36,95,3,,3,0,48.4,2.4,15572,93137.832,105057.368,39.58242174,1
3,,21771,,29758,7,1,14,12,10,,2,3,23,2.2,8931.1,42627.618,14199.682,5.350008402,0
3,,92239,,9993,7,0,18,1,96,,1,3,29.3,1.4,3001.4,66504.319,65631.681,24.72802171,0
3,,94617,,625,7,1,28,58,97,,2,3,86.1,2.2,191.2,46835.415,161513.185,60.85325691,2
1,,49932,,51877,10,1,90,32,41,,2,1,118.3,1.8,15568.3,57072.276,48373.624,18.22571061,0
2,,895,,34377,8,0,33,77,67,,3,0,58.6,2.4,10317.1,601.44,11863.66,4.469866345,0
2,,35079,,94517,2,0,30,8,83,,3,2,28.9,2.8,28356.1,53530.554,73046.746,27.52179273,1
1,,79952,,17964,4,0,22,63,30,,3,2,40.5,2.8,5391.2,119768.096,109488.704,41.2520144,1
3,,72666,,63624,1,1,30,5,40,,1,1,44.5,1,19087.9,56316.15,35437.75,13.35186663,0
2,,87672,,97001,2,0,76,1,46,,3,0,14.3,2.4,29101.3,160965.792,78548.308,29.594614,1
1,,79938,,23056,1,0,66,10,55,,3,3,21.5,3,6917.3,161874.45,84856.85,31.9714808,1
3,,42152,,84633,7,0,13,86,34,,2,0,53.2,1.6,25393.4,26977.28,65859.32,24.81378916,0
1,,30662,,72565,8,1,51,11,90,,2,2,83.5,2,21773.7,30355.38,52742.32,19.87170242,0
2,,65495,,8072,3,1,28,63,62,,3,0,78.1,2.4,2423.3,58945.5,100665.8,37.92781245,1
1,,85615,,38874,10,1,70,50,32,,3,0,104.6,2.4,11667.4,121230.84,95912.56,36.13693615,1
1,,59877,,25594,1,1,34,50,92,,2,2,86.6,2,7678.9,34728.66,92704.24,34.92813874,1
1,,28788,,36727,7,0,51,40,30,,2,0,29,1.6,11021.6,29939.52,27142.88,10.22661184,0
1,,40275,,10536,0,1,0,86,12,,1,1,46.6,1,3161,20540.25,22895.75,8.626422399,0
3,,63229,,709,4,0,45,54,5,,3,0,28.5,2.4,214.7,106983.468,44980.832,16.94740975,0
2,,3724,,37522,0,0,8,15,1,,2,2,7.8,2,11256.6,6852.16,11852.44,4.46563899,0
3,,28585,,50380,9,0,75,0,92,,2,3,27.6,2.2,15118.5,33958.98,44046.52,16.5953894,0
2,,36810,,27638,3,1,95,83,57,,2,2,153.6,2,8293.1,22086,59827.1,22.54103209,0
1,,80305,,78398,2,0,82,21,98,,3,1,39.9,2.6,23520.4,84561.165,147752.235,55.66854938,1
1,,98337,,72101,4,0,28,2,43,,2,3,13.9,2.2,21632.3,167664.585,70309.115,26.49033661,1
2,,74391,,90964,7,0,43,78,3,,1,0,39.9,0.8,27292.7,35410.116,51395.384,19.36421789,0
2,,94040,,79068,8,0,66,98,66,,2,3,68.8,2.2,23724.4,37239.84,193372.56,72.85690065,2
1,,34323,,48669,10,0,39,19,2,,2,3,10.1,2.2,14605.7,67581.987,22534.313,8.490243928,0
2,,82429,,49453,7,1,96,3,74,,2,3,119.7,2.2,14839.6,111526.437,84656.963,31.89616946,1
2,,56198,,85984,3,0,72,60,31,,3,3,39.3,3,25796.7,91883.73,102506.97,38.62150932,1
1,,79072,,94359,5,0,36,30,8,,1,1,17.4,1,28310.2,64048.32,43333.88,16.32688831,0
1,,91536,,15122,0,0,38,90,100,,3,3,75,3,4536.6,13730.4,265414.2,100,3
1,,54951,,72091,10,0,43,54,38,,2,1,38.4,1.8,21632.3,53412.372,67131.728,25.29319381,1
3,,96486,,47264,7,0,100,33,92,,2,0,44.1,1.6,14182.7,57891.6,110668.7,41.69660101,1
1,,60460,,12877,10,0,96,59,68,,1,3,49.9,1.4,3868.1,30895.06,57617.04,21.70834869,0
2,,11152,,79019,0,0,56,49,87,,2,3,50.6,2.2,23705.7,7851.008,40389.092,15.21738174,0
1,,23906,,74929,1,1,59,48,39,,1,0,94.7,0.8,22479.4,10805.512,30798.688,11.60400913,0
3,,20170,,96405,6,1,94,44,8,,3,3,118.4,3,28924.7,44777.4,44657.3,16.82551273,0
3,,56049,,40011,3,1,26,73,84,,1,0,87.7,0.8,12005,9640.428,47203.772,17.78494594,0
1,,81474,,36632,10,1,83,46,66,,3,1,125.8,2.6,10994.8,93206.256,129620.944,48.83723026,1
1,,65175,,77479,3,0,38,22,8,,3,3,13.4,3,23245.2,166196.25,52573.95,19.80826572,0
2,,5604,,96403,2,1,16,76,16,,2,0,58.8,1.6,28922.1,4841.856,33046.644,12.4509706,0
3,,92492,,95812,10,0,92,75,22,,2,2,44.1,2,28748.6,95266.76,118465.84,44.63432627,1
2,,50694,,7818,3,1,39,16,26,,3,3,54.8,3,2347.1,120144.78,34284.32,12.91728928,0
1,,47969,,35722,4,0,5,6,58,,1,2,20.4,1.2,10718.6,39142.704,29138.696,10.97857462,0
2,,22309,,81683,4,0,82,62,50,,3,0,46,2.4,24506.9,23558.304,54490.196,20.53024895,0
2,,76806,,90072,2,1,43,18,49,,1,0,66.7,0.8,27022.8,40860.792,47606.808,17.93679765,0
2,,19469,,43208,0,1,59,59,67,,3,0,108.6,2.4,12962.6,17288.472,42399.728,15.97492824,0
2,,37717,,6974,3,0,89,72,25,,2,2,43.5,2,2093.7,38848.51,38679.19,14.57314266,0
1,,67291,,81499,7,1,45,23,8,,3,3,58.9,3,24453.4,170582.685,55743.715,21.00253679,0
1,,61360,,49609,2,1,10,47,62,,3,0,52.1,2.4,14883.9,67005.12,95142.78,35.84690646,1
3,,48780,,22065,9,0,75,12,13,,1,0,9.9,0.8,6624,34146,11502,4.333603854,0
3,,57594,,58053,10,1,54,66,66,,2,0,106.8,1.6,17421.1,31331.136,78240.364,29.47859007,1
3,,90964,,48029,0,1,70,68,31,,3,2,113.3,2.8,14408.9,128623.096,140485.004,52.93047772,1
2,,63520,,41613,6,0,15,63,20,,2,0,37.5,1.6,12486.9,59454.72,54664.18,20.59580083,0
1,,36656,,7742,7,0,76,15,84,,2,1,32.7,1.8,2326.1,33320.304,34986.596,13.18188552,0
1,,24600,,68369,5,0,36,42,70,,2,0,42,1.6,20513.2,17318.4,42554.8,16.03335466,0
3,,24251,,80161,0,1,86,90,48,,3,0,145.4,2.4,24048.5,18042.744,64208.156,24.19168078,0
1,,78966,,22216,2,1,22,87,14,,1,3,69.7,1.4,6666,54723.438,62494.962,23.54620137,0
2,,3234,,54955,5,1,64,52,5,,3,1,91.5,2.6,16489.2,6012.006,18885.594,7.115517557,0
2,,63696,,83206,4,1,90,55,36,,2,3,128.3,2.2,24964,76371.504,88723.696,33.42839079,1
1,,18779,,21328,10,1,82,34,3,,3,2,99.9,2.8,6403.6,42853.678,16131.122,6.077716264,0
2,,89577,,52649,6,0,95,93,99,,1,2,76.2,1.2,15797.7,4299.696,118990.404,44.83196604,1
3,,84679,,55958,10,0,84,71,26,,2,1,43.3,1.8,16792.4,78497.433,90717.167,34.17947005,1
1,,89599,,81412,8,1,9,97,51,,3,0,72.8,2.4,24427.8,55909.776,183555.624,69.15817767,2
1,,37903,,235,2,1,81,16,69,,1,3,109.7,1.4,71.7,30511.915,22623.985,8.524029611,0
3,,11817,,68738,7,1,21,3,4,,3,1,23.7,2.6,20625.1,29648.853,21700.447,8.176068575,0
1,,2097,,6306,8,1,76,42,5,,3,3,98.5,3,1896,4812.615,3374.385,1.271365662,0
2,,37442,,3473,9,0,44,24,16,,1,0,16.8,0.8,1046.4,23962.88,7037.12,2.651372835,0
1,,99105,,95232,3,0,43,79,96,,1,2,68.3,1.2,28571.1,14865.75,132631.35,49.9714597,1
2,,12646,,67648,4,1,36,51,87,,2,1,87.6,1.8,20296.6,7056.468,36002.932,13.56481002,0
3,,60389,,16315,5,1,90,34,4,,1,3,108.2,1.4,4897.2,68481.126,20960.674,7.897344603,0
1,,15222,,14353,8,0,32,37,59,,1,1,36.2,1,4309.9,7915.44,11616.46,4.376728901,0
2,,33977,,35093,5,0,68,61,56,,2,0,47.3,1.6,10530.4,22560.728,42332.872,15.94973894,0
3,,13573,,190,8,0,42,13,23,,3,1,13.4,2.6,61,28937.636,6413.164,2.416285187,0
3,,49715,,4407,8,1,66,43,95,,2,2,116,2,1326.3,30823.3,69933,26.34862792,1
2,,46227,,56801,8,0,86,17,14,,2,1,12.7,1.8,17044.3,70311.267,29941.633,11.28109687,0
3,,41716,,6127,10,0,55,2,94,,1,3,29.2,1.4,1843.1,30369.248,29876.252,11.25646329,0
3,,281,,35052,0,1,51,11,81,,3,3,80.8,3,10515.8,455.22,10903.58,4.108137394,0
1,,29461,,29648,9,1,42,19,92,,1,2,79.1,1.2,8899.1,15732.174,28520.126,10.74551625,0
2,,99742,,45473,10,0,31,94,33,,3,3,56.9,3,13646.9,109217.49,203655.41,76.73116585,2
1,,15341,,99553,5,1,69,73,97,,2,3,134.6,2.2,29868.6,5062.53,58556.27,22.06222199,0
3,,2140,,17798,5,0,64,94,75,,2,1,69.5,1.8,5341.9,597.06,8596.84,3.239027904,0
2,,98817,,77753,3,1,83,84,22,,3,1,131.6,2.6,23327.6,120754.374,159497.426,60.09378021,2
1,,24089,,77962,0,0,40,23,82,,3,1,36.1,2.6,23388.6,29749.915,56270.085,21.200857,0
2,,85241,,7056,6,1,69,28,69,,1,3,103.7,1.4,2120,61458.761,59998.639,22.60566277,0
1,,71297,,53806,3,0,49,72,45,,3,2,49.5,2.8,16143.3,82847.114,132927.786,50.08314777,1
1,,45928,,70303,9,0,68,100,63,,1,2,68.9,1.2,21095.4,10196.016,66012.984,24.87168509,0
3,,68947,,62973,8,0,40,14,13,,1,2,10.9,1.2,18895.9,71566.986,30065.314,11.32769611,0
2,,18816,,51547,7,0,13,66,10,,3,0,36,2.4,15467.6,27998.208,32627.792,12.2931599,0
3,,82190,,66424,3,1,88,31,21,,1,3,109.8,1.4,19928.9,85148.84,49846.06,18.78047972,0
1,,9174,,10971,6,0,30,90,94,,2,0,73.2,1.6,3294.3,1174.272,16798.428,6.329136874,0
3,,75004,,75439,10,0,5,67,31,,3,3,42.8,3,22636.7,114756.12,132892.58,50.06988322,1
1,,37960,,12575,7,1,37,51,1,,3,3,62.8,3,3776.2,84271.2,33385,12.57845285,0
2,,22452,,36028,5,1,4,86,48,,1,2,61.4,1.2,10811.1,8890.992,28862.508,10.87451538,0
1,,96985,,33827,7,1,55,81,16,,2,0,100.3,1.6,10151.8,79915.64,85412.16,32.18070472,1
3,,42735,,75362,5,0,22,49,50,,2,0,39.5,1.6,22611.1,34529.88,56457.22,21.27136378,0
3,,77107,,20335,1,1,18,21,85,,3,0,54,2.4,6101.2,86976.696,104181.304,39.25234746,1
2,,25407,,43730,5,1,8,21,54,,3,1,34.7,2.6,13121.7,41286.375,37893.525,14.27712798,0
2,,73417,,76656,3,1,61,27,99,,3,2,104.2,2.8,22998.5,76060.012,152506.088,57.45965664,1
3,,45125,,58163,7,0,10,41,27,,2,2,28.6,2,17452.4,59565,48137.4,18.13670859,0
3,,81800,,21232,2,0,14,97,16,,3,0,53.3,2.4,6370.6,85399.2,117291.4,44.19183299,1
3,,63628,,64116,1,0,20,25,17,,2,3,17.6,2.2,19235.3,110585.464,48631.436,18.32284633,0
2,,18709,,22214,8,1,8,21,70,,3,0,39.5,2.4,6668.4,24471.372,27098.628,10.20993903,0
2,,74436,,57668,9,0,21,37,22,,2,2,25.1,2,17304.9,104954.76,61222.14,23.06664074,0
1,,3878,,242,9,0,88,72,44,,2,3,49.2,2.2,77.1,3583.272,5025.428,1.89342846,0
3,,72856,,60564,9,0,23,90,99,,3,3,74.7,3,18173.7,12021.24,224720.46,84.66783616,2
1,,260,,92156,4,0,44,79,6,,3,0,41.3,2.4,27648.8,358.8,27914,10.51714641,0
2,,57371,,44200,5,1,11,25,57,,1,0,40.6,0.8,13262.7,27079.112,32080.388,12.08691472,0
3,,68228,,3952,5,0,27,43,68,,3,3,41.9,3,1188.1,91084.38,114787.72,43.2485225,1
2,,49194,,41136,3,0,81,84,47,,2,0,56.1,1.6,12342.3,27155.088,63897.612,24.07467724,0
1,,31012,,60352,2,1,51,15,98,,2,0,87.9,1.6,18106.8,21584.352,46141.648,17.38476992,0
2,,99659,,96184,2,0,43,18,32,,3,3,18.6,3,28856.2,224232.75,103600.45,39.03349934,1
1,,91832,,3224,10,0,9,84,97,,2,0,71.1,1.6,972.2,13958.464,133944.936,50.46637897,1
3,,65213,,35081,6,1,85,26,100,,2,2,128,2,10527.5,48257.62,92695.88,34.92498894,1
2,,91914,,5554,6,1,78,87,86,,2,2,147.3,2,1669.4,24816.78,160680.62,60.53957173,2
2,,43569,,90454,1,1,39,27,35,,1,2,63,1.2,27136.9,36075.132,43344.568,16.33091523,0
2,,95502,,66118,5,0,76,22,31,,3,1,20.3,2.6,19837.9,182504.322,85638.778,32.2660875,1
1,,90378,,15632,1,0,13,82,49,,2,1,55.7,1.8,4690.1,56124.738,111245.762,41.91402043,1
2,,22039,,28563,8,0,69,8,12,,3,1,7.6,2.6,8572.9,51571.26,14303.04,5.388950554,0
3,,66650,,3012,3,0,0,74,68,,3,0,57.4,2.4,905.1,46388.4,114476.7,43.13133962,1
1,,44174,,30669,2,0,31,70,46,,2,0,48.8,1.6,9201.7,29684.928,50195.172,18.9120145,0
2,,20274,,61311,1,1,74,15,36,,3,3,92.3,3,18394,45312.39,33903.61,12.77384933,0
1,,92626,,13724,7,1,33,95,42,,2,1,93.1,1.8,4120.9,52518.942,118328.758,44.58267794,1
1,,92168,,19382,7,1,77,44,46,,3,3,112.8,3,5818.3,152077.2,130245.1,49.07239326,1
2,,28591,,21680,4,0,60,98,61,,3,3,67.3,3,6506,17583.465,74695.535,28.14300629,1
2,,38890,,8381,5,0,11,85,65,,2,0,62,1.6,2516.8,15556,49184.8,18.53133706,0
1,,32339,,82690,10,0,16,32,12,,1,3,19.6,1.4,24812,35314.188,34772.412,13.1011875,0
3,,51208,,94658,3,1,59,29,86,,2,0,99.3,1.6,28399.1,34821.44,75510.46,28.45004525,1
2,,49627,,7273,6,0,61,35,19,,1,0,23.2,0.8,2184.9,28982.168,12904.332,4.86195991,0
3,,85285,,48310,0,0,22,84,21,,3,1,48.3,2.6,14493,105326.975,130907.025,49.32178648,1
3,,91609,,80262,1,1,62,61,72,,2,3,114.1,2.2,24079.3,67515.833,158103.267,59.56850349,1
1,,78123,,55234,4,1,85,12,89,,2,1,117.7,1.8,16572.4,69607.593,87586.207,32.99981953,1
1,,44674,,45906,2,1,8,44,58,,1,2,47.4,1.2,13773,26268.312,41113.488,15.49031212,0
2,,53736,,27969,6,0,76,52,51,,1,2,41.3,1.2,8393.7,31274.352,41602.548,15.67457506,0
2,,32874,,25143,9,0,20,69,66,,2,1,54.3,1.8,7547.4,19231.29,47489.31,17.89252798,0
1,,97086,,73072,0,0,95,61,3,,3,0,31.4,2.4,21921.6,158444.352,96483.648,36.35210475,1
3,,9616,,87284,1,1,69,76,73,,3,1,128.9,2.6,26185.9,6375.408,44812.092,16.88383365,0
3,,71896,,6635,7,1,64,9,94,,2,3,96.7,2.2,1994.2,76713.032,83452.368,31.44231469,1
2,,51864,,9062,1,1,71,36,81,,3,1,113.3,2.6,2719.3,55961.256,81604.444,30.74607312,1
1,,86765,,14787,5,0,22,1,68,,2,1,20.9,1.8,4438.6,102295.935,58319.665,21.97307642,0
2,,5687,,26635,8,1,82,47,97,,2,0,134.6,1.6,7994.7,2547.776,14546.124,5.480537213,0
2,,88291,,51942,5,1,68,97,32,,3,3,126.1,3,15585.3,94029.915,186428.385,70.24054666,2
1,,83039,,9019,7,1,82,63,86,,2,0,139.3,1.6,2709.4,33879.912,101691.888,38.31441121,1
1,,68259,,32531,1,0,51,12,2,,2,2,6.6,2,9759.8,126961.74,19316.06,7.277704057,0
3,,86267,,14763,0,1,23,36,95,,3,2,69.5,2.8,4429.1,83333.922,162642.778,61.2788532,2
3,,78797,,50213,8,1,20,15,20,,1,0,33.5,0.8,15068.1,52006.02,26099.68,9.8335658,0
3,,85304,,85536,5,1,49,32,12,,2,1,68.6,1.8,25663.5,119766.816,59443.884,22.39664796,0
1,,90926,,86189,4,0,6,50,38,,2,3,36.4,2.2,25858.7,112020.832,113875.068,42.90466298,1
2,,77195,,66056,1,0,57,68,44,,1,1,47.2,1,19817.3,33965.8,63046.5,23.75400412,0
3,,35821,,56702,9,1,40,82,61,,1,0,99.3,0.8,17015.3,8167.188,37504.912,14.13071041,0
2,,42511,,55498,7,0,95,93,31,,2,2,55.8,2,16652.9,32308.36,69366.54,26.13520301,1
2,,3926,,61032,0,1,68,45,75,,2,0,113,1.6,18309.8,2512.64,22078.76,8.31860541,0
1,,59577,,99664,2,0,78,65,85,,3,2,58,2.8,29900.2,41703.9,155011.9,58.40377041,1
1,,11508,,90491,3,1,3,56,68,,3,3,51.4,3,27149,13119.12,48553.88,18.29362559,0
1,,10778,,69038,4,0,41,29,78,,3,1,37.9,2.6,20713.4,13030.602,35705.598,13.45278361,0
3,,16112,,9240,10,1,46,41,26,,1,2,74.3,1.2,2777.2,12857.376,9254.224,3.486710206,0
3,,94892,,56250,8,0,18,4,21,,3,1,8.3,2.6,16879,215879.3,47718.9,17.97903051,0
1,,16136,,23284,3,0,70,83,19,,3,1,47.2,2.6,6986.7,20557.264,28383.036,10.69386491,0
2,,38901,,67529,10,1,50,55,8,,1,1,79.9,1,20263.9,26647.185,32517.715,12.25168623,0
1,,44867,,74079,2,0,41,25,91,,1,0,39.8,0.8,22224.7,15075.312,43042.988,16.21728905,0
1,,28085,,96591,9,1,82,64,18,,3,3,119.4,3,28982,49710.45,63526.55,23.93487236,0
3,,89956,,77061,4,0,56,16,32,,2,0,17.6,1.6,23120.3,109386.496,57663.404,21.72581723,0
3,,88890,,26824,3,1,71,92,11,,1,0,120.3,0.8,8048.9,34489.32,44671.58,16.830893,0
1,,23745,,10228,8,0,77,94,28,,2,3,55.4,2.2,3072.4,20373.21,34938.19,13.16364761,0
1,,4656,,67165,5,1,98,31,58,,3,1,130.9,2.6,20152.2,6718.608,25539.192,9.622390965,0
2,,70069,,34626,6,0,36,37,9,,1,2,21.2,1.2,10390.8,64743.756,29729.844,11.20130121,0
1,,59752,,34332,6,1,77,93,52,,1,3,139.1,1.4,10302.8,23004.52,70951.08,26.7322095,1
2,,879,,63032,10,0,37,72,39,,1,2,47.7,1.2,18914.6,469.386,19500.014,7.34701233,0
3,,9952,,78795,0,1,77,11,73,,1,2,104.4,1.2,23638.7,6926.592,28654.508,10.7961473,0
3,,39439,,72752,10,0,64,99,100,,2,1,79.5,1.8,21830.6,354.951,92465.849,34.83832026,1
1,,76529,,28258,9,1,56,77,43,,2,3,107.4,2.2,8482.1,67345.52,109500.38,41.25641356,1
3,,82193,,11431,2,0,16,96,1,,2,2,48.3,2,3430.3,84658.79,83157.51,31.33122116,1
2,,12980,,59385,5,0,78,85,32,,3,1,52.1,2.6,17818,14005.42,37560.58,14.15168442,0
2,,1193,,7057,0,1,42,19,48,,2,1,65.9,1.8,2117.3,1428.021,2836.679,1.068774391,0
2,,7380,,93109,8,0,19,70,3,,2,2,35.9,2,27936.7,9372.6,33324.1,12.55550758,0
3,,60938,,71652,3,0,5,36,47,,1,1,32.1,1,21497.1,35648.73,46786.37,17.62768156,0
1,,8499,,64856,8,1,31,87,52,,3,0,90.1,2.4,19461,6221.268,33637.332,12.67352387,0
2,,4558,,23372,0,0,47,88,56,,3,3,60.8,3,7011.6,3828.72,16856.88,6.35115981,0
2,,79778,,86245,0,1,54,57,75,,1,2,105,1.2,25873.7,32549.424,89057.876,33.55429966,1
3,,82435,,62430,10,0,80,87,70,,2,1,64.5,1.8,18734,31902.345,135214.655,50.94477048,1
3,,14350,,21898,5,1,2,98,24,,3,2,58.2,2.8,6572.1,15670.2,31081.9,11.7107148,0
2,,68372,,72426,6,1,54,41,84,,2,2,99.7,2,21731,51279,107196,40.38819325,1
1,,67947,,3777,3,1,50,15,87,,1,2,83.6,1.2,1134.8,39952.836,42718.364,16.0949806,0
1,,63597,,30453,6,1,95,25,82,,1,0,132.1,0.8,9139.1,23658.084,36358.616,13.69882094,0
3,,54720,,85278,4,1,87,45,12,,2,0,113.1,1.6,25585.6,62599.68,50537.92,19.04115153,0
3,,69092,,43328,0,0,31,94,3,,1,3,47.9,1.4,12998.4,49815.332,59911.868,22.5729701,0
1,,44372,,62666,8,0,23,79,52,,1,2,55.1,1.2,18803.8,18370.008,53680.192,20.22506407,0
2,,88132,,82937,6,0,32,22,38,,3,0,22.4,2.4,24884.1,148061.76,88339.14,33.28350179,1
3,,18823,,2302,7,1,60,15,85,,3,1,93,2.6,694.3,24469.9,25164.2,9.481105382,0
3,,61612,,17475,8,1,58,74,76,,3,3,117.8,3,5246.7,46209,143873.7,54.20723533,1
